task,regime,split,seed,low_load,mid_load,high_load,cascade_load,budget_load,delay_load,false_halt_load,damage_load
contact_rich_insertion,low_level_skill_anomaly,nominal,0,0.507501,0.136631,0.089654,0.141936,0.18564,0.06552,0.11528,0.210974
contact_rich_insertion,low_level_skill_anomaly,nominal,1,0.507501,0.136631,0.089654,0.141936,0.18564,0.06552,0.11528,0.210974
contact_rich_insertion,low_level_skill_anomaly,nominal,2,0.507501,0.136631,0.089654,0.141936,0.18564,0.06552,0.11528,0.210974
contact_rich_insertion,low_level_skill_anomaly,nominal,3,0.507501,0.136631,0.089654,0.141936,0.18564,0.06552,0.11528,0.210974
contact_rich_insertion,low_level_skill_anomaly,nominal,4,0.507501,0.136631,0.089654,0.141936,0.18564,0.06552,0.11528,0.210974
contact_rich_insertion,low_level_skill_anomaly,nominal,5,0.507501,0.136631,0.089654,0.141936,0.18564,0.06552,0.11528,0.210974
contact_rich_insertion,low_level_skill_anomaly,nominal,6,0.507501,0.136631,0.089654,0.141936,0.18564,0.06552,0.11528,0.210974
contact_rich_insertion,low_level_skill_anomaly,nominal,7,0.507501,0.136631,0.089654,0.141936,0.18564,0.06552,0.11528,0.210974
contact_rich_insertion,low_level_skill_anomaly,nominal,8,0.507501,0.136631,0.089654,0.141936,0.18564,0.06552,0.11528,0.210974
contact_rich_insertion,low_level_skill_anomaly,nominal,9,0.507501,0.136631,0.089654,0.141936,0.18564,0.06552,0.11528,0.210974
contact_rich_insertion,low_level_skill_anomaly,local_anomaly_shift,0,0.873485,0.172224,0.109106,0.17088,0.252144,0.082817,0.144672,0.267808
contact_rich_insertion,low_level_skill_anomaly,local_anomaly_shift,1,0.873485,0.172224,0.109106,0.17088,0.252144,0.082817,0.144672,0.267808
contact_rich_insertion,low_level_skill_anomaly,local_anomaly_shift,2,0.873485,0.172224,0.109106,0.17088,0.252144,0.082817,0.144672,0.267808
contact_rich_insertion,low_level_skill_anomaly,local_anomaly_shift,3,0.873485,0.172224,0.109106,0.17088,0.252144,0.082817,0.144672,0.267808
contact_rich_insertion,low_level_skill_anomaly,local_anomaly_shift,4,0.873485,0.172224,0.109106,0.17088,0.252144,0.082817,0.144672,0.267808
contact_rich_insertion,low_level_skill_anomaly,local_anomaly_shift,5,0.873485,0.172224,0.109106,0.17088,0.252144,0.082817,0.144672,0.267808
contact_rich_insertion,low_level_skill_anomaly,local_anomaly_shift,6,0.873485,0.172224,0.109106,0.17088,0.252144,0.082817,0.144672,0.267808
contact_rich_insertion,low_level_skill_anomaly,local_anomaly_shift,7,0.873485,0.172224,0.109106,0.17088,0.252144,0.082817,0.144672,0.267808
contact_rich_insertion,low_level_skill_anomaly,local_anomaly_shift,8,0.873485,0.172224,0.109106,0.17088,0.252144,0.082817,0.144672,0.267808
contact_rich_insertion,low_level_skill_anomaly,local_anomaly_shift,9,0.873485,0.172224,0.109106,0.17088,0.252144,0.082817,0.144672,0.267808
contact_rich_insertion,low_level_skill_anomaly,subgoal_corruption_shift,0,0.665609,0.253169,0.129761,0.199392,0.275264,0.092701,0.15488,0.305267
contact_rich_insertion,low_level_skill_anomaly,subgoal_corruption_shift,1,0.665609,0.253169,0.129761,0.199392,0.275264,0.092701,0.15488,0.305267
contact_rich_insertion,low_level_skill_anomaly,subgoal_corruption_shift,2,0.665609,0.253169,0.129761,0.199392,0.275264,0.092701,0.15488,0.305267
contact_rich_insertion,low_level_skill_anomaly,subgoal_corruption_shift,3,0.665609,0.253169,0.129761,0.199392,0.275264,0.092701,0.15488,0.305267
contact_rich_insertion,low_level_skill_anomaly,subgoal_corruption_shift,4,0.665609,0.253169,0.129761,0.199392,0.275264,0.092701,0.15488,0.305267
contact_rich_insertion,low_level_skill_anomaly,subgoal_corruption_shift,5,0.665609,0.253169,0.129761,0.199392,0.275264,0.092701,0.15488,0.305267
contact_rich_insertion,low_level_skill_anomaly,subgoal_corruption_shift,6,0.665609,0.253169,0.129761,0.199392,0.275264,0.092701,0.15488,0.305267
contact_rich_insertion,low_level_skill_anomaly,subgoal_corruption_shift,7,0.665609,0.253169,0.129761,0.199392,0.275264,0.092701,0.15488,0.305267
contact_rich_insertion,low_level_skill_anomaly,subgoal_corruption_shift,8,0.665609,0.253169,0.129761,0.199392,0.275264,0.092701,0.15488,0.305267
contact_rich_insertion,low_level_skill_anomaly,subgoal_corruption_shift,9,0.665609,0.253169,0.129761,0.199392,0.275264,0.092701,0.15488,0.305267
contact_rich_insertion,low_level_skill_anomaly,delayed_observation_shift,0,0.721471,0.219299,0.140279,0.242592,0.304912,0.132238,0.172832,0.331675
contact_rich_insertion,low_level_skill_anomaly,delayed_observation_shift,1,0.721471,0.219299,0.140279,0.242592,0.304912,0.132238,0.172832,0.331675
contact_rich_insertion,low_level_skill_anomaly,delayed_observation_shift,2,0.721471,0.219299,0.140279,0.242592,0.304912,0.132238,0.172832,0.331675
contact_rich_insertion,low_level_skill_anomaly,delayed_observation_shift,3,0.721471,0.219299,0.140279,0.242592,0.304912,0.132238,0.172832,0.331675
contact_rich_insertion,low_level_skill_anomaly,delayed_observation_shift,4,0.721471,0.219299,0.140279,0.242592,0.304912,0.132238,0.172832,0.331675
contact_rich_insertion,low_level_skill_anomaly,delayed_observation_shift,5,0.721471,0.219299,0.140279,0.242592,0.304912,0.132238,0.172832,0.331675
contact_rich_insertion,low_level_skill_anomaly,delayed_observation_shift,6,0.721471,0.219299,0.140279,0.242592,0.304912,0.132238,0.172832,0.331675
contact_rich_insertion,low_level_skill_anomaly,delayed_observation_shift,7,0.721471,0.219299,0.140279,0.242592,0.304912,0.132238,0.172832,0.331675
contact_rich_insertion,low_level_skill_anomaly,delayed_observation_shift,8,0.721471,0.219299,0.140279,0.242592,0.304912,0.132238,0.172832,0.331675
contact_rich_insertion,low_level_skill_anomaly,delayed_observation_shift,9,0.721471,0.219299,0.140279,0.242592,0.304912,0.132238,0.172832,0.331675
contact_rich_insertion,low_level_skill_anomaly,false_halt_shift,0,0.727227,0.203416,0.131409,0.200256,0.282336,0.098093,0.236192,0.301679
contact_rich_insertion,low_level_skill_anomaly,false_halt_shift,1,0.727227,0.203416,0.131409,0.200256,0.282336,0.098093,0.236192,0.301679
contact_rich_insertion,low_level_skill_anomaly,false_halt_shift,2,0.727227,0.203416,0.131409,0.200256,0.282336,0.098093,0.236192,0.301679
contact_rich_insertion,low_level_skill_anomaly,false_halt_shift,3,0.727227,0.203416,0.131409,0.200256,0.282336,0.098093,0.236192,0.301679
contact_rich_insertion,low_level_skill_anomaly,false_halt_shift,4,0.727227,0.203416,0.131409,0.200256,0.282336,0.098093,0.236192,0.301679
contact_rich_insertion,low_level_skill_anomaly,false_halt_shift,5,0.727227,0.203416,0.131409,0.200256,0.282336,0.098093,0.236192,0.301679
contact_rich_insertion,low_level_skill_anomaly,false_halt_shift,6,0.727227,0.203416,0.131409,0.200256,0.282336,0.098093,0.236192,0.301679
contact_rich_insertion,low_level_skill_anomaly,false_halt_shift,7,0.727227,0.203416,0.131409,0.200256,0.282336,0.098093,0.236192,0.301679
contact_rich_insertion,low_level_skill_anomaly,false_halt_shift,8,0.727227,0.203416,0.131409,0.200256,0.282336,0.098093,0.236192,0.301679
contact_rich_insertion,low_level_skill_anomaly,false_halt_shift,9,0.727227,0.203416,0.131409,0.200256,0.282336,0.098093,0.236192,0.301679
contact_rich_insertion,low_level_skill_anomaly,budget_exhaustion_shift,0,0.809836,0.23212,0.147122,0.243456,0.376176,0.114716,0.187264,0.35349
contact_rich_insertion,low_level_skill_anomaly,budget_exhaustion_shift,1,0.809836,0.23212,0.147122,0.243456,0.376176,0.114716,0.187264,0.35349
contact_rich_insertion,low_level_skill_anomaly,budget_exhaustion_shift,2,0.809836,0.23212,0.147122,0.243456,0.376176,0.114716,0.187264,0.35349
contact_rich_insertion,low_level_skill_anomaly,budget_exhaustion_shift,3,0.809836,0.23212,0.147122,0.243456,0.376176,0.114716,0.187264,0.35349
contact_rich_insertion,low_level_skill_anomaly,budget_exhaustion_shift,4,0.809836,0.23212,0.147122,0.243456,0.376176,0.114716,0.187264,0.35349
contact_rich_insertion,low_level_skill_anomaly,budget_exhaustion_shift,5,0.809836,0.23212,0.147122,0.243456,0.376176,0.114716,0.187264,0.35349
contact_rich_insertion,low_level_skill_anomaly,budget_exhaustion_shift,6,0.809836,0.23212,0.147122,0.243456,0.376176,0.114716,0.187264,0.35349
contact_rich_insertion,low_level_skill_anomaly,budget_exhaustion_shift,7,0.809836,0.23212,0.147122,0.243456,0.376176,0.114716,0.187264,0.35349
contact_rich_insertion,low_level_skill_anomaly,budget_exhaustion_shift,8,0.809836,0.23212,0.147122,0.243456,0.376176,0.114716,0.187264,0.35349
contact_rich_insertion,low_level_skill_anomaly,budget_exhaustion_shift,9,0.809836,0.23212,0.147122,0.243456,0.376176,0.114716,0.187264,0.35349
contact_rich_insertion,low_level_skill_anomaly,cross_level_cascade_shift,0,0.889397,0.254892,0.165496,0.282336,0.348432,0.120108,0.196768,0.407597
contact_rich_insertion,low_level_skill_anomaly,cross_level_cascade_shift,1,0.889397,0.254892,0.165496,0.282336,0.348432,0.120108,0.196768,0.407597
contact_rich_insertion,low_level_skill_anomaly,cross_level_cascade_shift,2,0.889397,0.254892,0.165496,0.282336,0.348432,0.120108,0.196768,0.407597
contact_rich_insertion,low_level_skill_anomaly,cross_level_cascade_shift,3,0.889397,0.254892,0.165496,0.282336,0.348432,0.120108,0.196768,0.407597
contact_rich_insertion,low_level_skill_anomaly,cross_level_cascade_shift,4,0.889397,0.254892,0.165496,0.282336,0.348432,0.120108,0.196768,0.407597
contact_rich_insertion,low_level_skill_anomaly,cross_level_cascade_shift,5,0.889397,0.254892,0.165496,0.282336,0.348432,0.120108,0.196768,0.407597
contact_rich_insertion,low_level_skill_anomaly,cross_level_cascade_shift,6,0.889397,0.254892,0.165496,0.282336,0.348432,0.120108,0.196768,0.407597
contact_rich_insertion,low_level_skill_anomaly,cross_level_cascade_shift,7,0.889397,0.254892,0.165496,0.282336,0.348432,0.120108,0.196768,0.407597
contact_rich_insertion,low_level_skill_anomaly,cross_level_cascade_shift,8,0.889397,0.254892,0.165496,0.282336,0.348432,0.120108,0.196768,0.407597
contact_rich_insertion,low_level_skill_anomaly,cross_level_cascade_shift,9,0.889397,0.254892,0.165496,0.282336,0.348432,0.120108,0.196768,0.407597
contact_rich_insertion,low_level_skill_anomaly,combined_extreme,0,0.945937,0.269052,0.176521,0.29184,0.382704,0.134035,0.2288,0.420227
contact_rich_insertion,low_level_skill_anomaly,combined_extreme,1,0.945937,0.269052,0.176521,0.29184,0.382704,0.134035,0.2288,0.420227
contact_rich_insertion,low_level_skill_anomaly,combined_extreme,2,0.945937,0.269052,0.176521,0.29184,0.382704,0.134035,0.2288,0.420227
contact_rich_insertion,low_level_skill_anomaly,combined_extreme,3,0.945937,0.269052,0.176521,0.29184,0.382704,0.134035,0.2288,0.420227
contact_rich_insertion,low_level_skill_anomaly,combined_extreme,4,0.945937,0.269052,0.176521,0.29184,0.382704,0.134035,0.2288,0.420227
contact_rich_insertion,low_level_skill_anomaly,combined_extreme,5,0.945937,0.269052,0.176521,0.29184,0.382704,0.134035,0.2288,0.420227
contact_rich_insertion,low_level_skill_anomaly,combined_extreme,6,0.945937,0.269052,0.176521,0.29184,0.382704,0.134035,0.2288,0.420227
contact_rich_insertion,low_level_skill_anomaly,combined_extreme,7,0.945937,0.269052,0.176521,0.29184,0.382704,0.134035,0.2288,0.420227
contact_rich_insertion,low_level_skill_anomaly,combined_extreme,8,0.945937,0.269052,0.176521,0.29184,0.382704,0.134035,0.2288,0.420227
contact_rich_insertion,low_level_skill_anomaly,combined_extreme,9,0.945937,0.269052,0.176521,0.29184,0.382704,0.134035,0.2288,0.420227
contact_rich_insertion,mid_level_subgoal_corruption,nominal,0,0.253751,0.472954,0.18927,0.260216,0.25116,0.09282,0.14672,0.238493
contact_rich_insertion,mid_level_subgoal_corruption,nominal,1,0.253751,0.472954,0.18927,0.260216,0.25116,0.09282,0.14672,0.238493
contact_rich_insertion,mid_level_subgoal_corruption,nominal,2,0.253751,0.472954,0.18927,0.260216,0.25116,0.09282,0.14672,0.238493
contact_rich_insertion,mid_level_subgoal_corruption,nominal,3,0.253751,0.472954,0.18927,0.260216,0.25116,0.09282,0.14672,0.238493
contact_rich_insertion,mid_level_subgoal_corruption,nominal,4,0.253751,0.472954,0.18927,0.260216,0.25116,0.09282,0.14672,0.238493
contact_rich_insertion,mid_level_subgoal_corruption,nominal,5,0.253751,0.472954,0.18927,0.260216,0.25116,0.09282,0.14672,0.238493
contact_rich_insertion,mid_level_subgoal_corruption,nominal,6,0.253751,0.472954,0.18927,0.260216,0.25116,0.09282,0.14672,0.238493
contact_rich_insertion,mid_level_subgoal_corruption,nominal,7,0.253751,0.472954,0.18927,0.260216,0.25116,0.09282,0.14672,0.238493
contact_rich_insertion,mid_level_subgoal_corruption,nominal,8,0.253751,0.472954,0.18927,0.260216,0.25116,0.09282,0.14672,0.238493
contact_rich_insertion,mid_level_subgoal_corruption,nominal,9,0.253751,0.472954,0.18927,0.260216,0.25116,0.09282,0.14672,0.238493
contact_rich_insertion,mid_level_subgoal_corruption,local_anomaly_shift,0,0.436742,0.59616,0.230335,0.31328,0.341136,0.117324,0.184128,0.30274
contact_rich_insertion,mid_level_subgoal_corruption,local_anomaly_shift,1,0.436742,0.59616,0.230335,0.31328,0.341136,0.117324,0.184128,0.30274
contact_rich_insertion,mid_level_subgoal_corruption,local_anomaly_shift,2,0.436742,0.59616,0.230335,0.31328,0.341136,0.117324,0.184128,0.30274
contact_rich_insertion,mid_level_subgoal_corruption,local_anomaly_shift,3,0.436742,0.59616,0.230335,0.31328,0.341136,0.117324,0.184128,0.30274
contact_rich_insertion,mid_level_subgoal_corruption,local_anomaly_shift,4,0.436742,0.59616,0.230335,0.31328,0.341136,0.117324,0.184128,0.30274
contact_rich_insertion,mid_level_subgoal_corruption,local_anomaly_shift,5,0.436742,0.59616,0.230335,0.31328,0.341136,0.117324,0.184128,0.30274
contact_rich_insertion,mid_level_subgoal_corruption,local_anomaly_shift,6,0.436742,0.59616,0.230335,0.31328,0.341136,0.117324,0.184128,0.30274
contact_rich_insertion,mid_level_subgoal_corruption,local_anomaly_shift,7,0.436742,0.59616,0.230335,0.31328,0.341136,0.117324,0.184128,0.30274
contact_rich_insertion,mid_level_subgoal_corruption,local_anomaly_shift,8,0.436742,0.59616,0.230335,0.31328,0.341136,0.117324,0.184128,0.30274
contact_rich_insertion,mid_level_subgoal_corruption,local_anomaly_shift,9,0.436742,0.59616,0.230335,0.31328,0.341136,0.117324,0.184128,0.30274
contact_rich_insertion,mid_level_subgoal_corruption,subgoal_corruption_shift,0,0.332804,0.876355,0.27394,0.365552,0.372416,0.131327,0.19712,0.345084
contact_rich_insertion,mid_level_subgoal_corruption,subgoal_corruption_shift,1,0.332804,0.876355,0.27394,0.365552,0.372416,0.131327,0.19712,0.345084
contact_rich_insertion,mid_level_subgoal_corruption,subgoal_corruption_shift,2,0.332804,0.876355,0.27394,0.365552,0.372416,0.131327,0.19712,0.345084
contact_rich_insertion,mid_level_subgoal_corruption,subgoal_corruption_shift,3,0.332804,0.876355,0.27394,0.365552,0.372416,0.131327,0.19712,0.345084
contact_rich_insertion,mid_level_subgoal_corruption,subgoal_corruption_shift,4,0.332804,0.876355,0.27394,0.365552,0.372416,0.131327,0.19712,0.345084
contact_rich_insertion,mid_level_subgoal_corruption,subgoal_corruption_shift,5,0.332804,0.876355,0.27394,0.365552,0.372416,0.131327,0.19712,0.345084
contact_rich_insertion,mid_level_subgoal_corruption,subgoal_corruption_shift,6,0.332804,0.876355,0.27394,0.365552,0.372416,0.131327,0.19712,0.345084
contact_rich_insertion,mid_level_subgoal_corruption,subgoal_corruption_shift,7,0.332804,0.876355,0.27394,0.365552,0.372416,0.131327,0.19712,0.345084
contact_rich_insertion,mid_level_subgoal_corruption,subgoal_corruption_shift,8,0.332804,0.876355,0.27394,0.365552,0.372416,0.131327,0.19712,0.345084
contact_rich_insertion,mid_level_subgoal_corruption,subgoal_corruption_shift,9,0.332804,0.876355,0.27394,0.365552,0.372416,0.131327,0.19712,0.345084
contact_rich_insertion,mid_level_subgoal_corruption,delayed_observation_shift,0,0.360736,0.75911,0.296145,0.444752,0.412528,0.187337,0.219968,0.374937
contact_rich_insertion,mid_level_subgoal_corruption,delayed_observation_shift,1,0.360736,0.75911,0.296145,0.444752,0.412528,0.187337,0.219968,0.374937
contact_rich_insertion,mid_level_subgoal_corruption,delayed_observation_shift,2,0.360736,0.75911,0.296145,0.444752,0.412528,0.187337,0.219968,0.374937
contact_rich_insertion,mid_level_subgoal_corruption,delayed_observation_shift,3,0.360736,0.75911,0.296145,0.444752,0.412528,0.187337,0.219968,0.374937
contact_rich_insertion,mid_level_subgoal_corruption,delayed_observation_shift,4,0.360736,0.75911,0.296145,0.444752,0.412528,0.187337,0.219968,0.374937
contact_rich_insertion,mid_level_subgoal_corruption,delayed_observation_shift,5,0.360736,0.75911,0.296145,0.444752,0.412528,0.187337,0.219968,0.374937
contact_rich_insertion,mid_level_subgoal_corruption,delayed_observation_shift,6,0.360736,0.75911,0.296145,0.444752,0.412528,0.187337,0.219968,0.374937
contact_rich_insertion,mid_level_subgoal_corruption,delayed_observation_shift,7,0.360736,0.75911,0.296145,0.444752,0.412528,0.187337,0.219968,0.374937
contact_rich_insertion,mid_level_subgoal_corruption,delayed_observation_shift,8,0.360736,0.75911,0.296145,0.444752,0.412528,0.187337,0.219968,0.374937
contact_rich_insertion,mid_level_subgoal_corruption,delayed_observation_shift,9,0.360736,0.75911,0.296145,0.444752,0.412528,0.187337,0.219968,0.374937
contact_rich_insertion,mid_level_subgoal_corruption,false_halt_shift,0,0.363613,0.704131,0.277418,0.367136,0.381984,0.138965,0.300608,0.341028
contact_rich_insertion,mid_level_subgoal_corruption,false_halt_shift,1,0.363613,0.704131,0.277418,0.367136,0.381984,0.138965,0.300608,0.341028
contact_rich_insertion,mid_level_subgoal_corruption,false_halt_shift,2,0.363613,0.704131,0.277418,0.367136,0.381984,0.138965,0.300608,0.341028
contact_rich_insertion,mid_level_subgoal_corruption,false_halt_shift,3,0.363613,0.704131,0.277418,0.367136,0.381984,0.138965,0.300608,0.341028
contact_rich_insertion,mid_level_subgoal_corruption,false_halt_shift,4,0.363613,0.704131,0.277418,0.367136,0.381984,0.138965,0.300608,0.341028
contact_rich_insertion,mid_level_subgoal_corruption,false_halt_shift,5,0.363613,0.704131,0.277418,0.367136,0.381984,0.138965,0.300608,0.341028
contact_rich_insertion,mid_level_subgoal_corruption,false_halt_shift,6,0.363613,0.704131,0.277418,0.367136,0.381984,0.138965,0.300608,0.341028
contact_rich_insertion,mid_level_subgoal_corruption,false_halt_shift,7,0.363613,0.704131,0.277418,0.367136,0.381984,0.138965,0.300608,0.341028
contact_rich_insertion,mid_level_subgoal_corruption,false_halt_shift,8,0.363613,0.704131,0.277418,0.367136,0.381984,0.138965,0.300608,0.341028
contact_rich_insertion,mid_level_subgoal_corruption,false_halt_shift,9,0.363613,0.704131,0.277418,0.367136,0.381984,0.138965,0.300608,0.341028
contact_rich_insertion,mid_level_subgoal_corruption,budget_exhaustion_shift,0,0.404918,0.803491,0.310591,0.446336,0.508944,0.162515,0.238336,0.399597
contact_rich_insertion,mid_level_subgoal_corruption,budget_exhaustion_shift,1,0.404918,0.803491,0.310591,0.446336,0.508944,0.162515,0.238336,0.399597
contact_rich_insertion,mid_level_subgoal_corruption,budget_exhaustion_shift,2,0.404918,0.803491,0.310591,0.446336,0.508944,0.162515,0.238336,0.399597
contact_rich_insertion,mid_level_subgoal_corruption,budget_exhaustion_shift,3,0.404918,0.803491,0.310591,0.446336,0.508944,0.162515,0.238336,0.399597
contact_rich_insertion,mid_level_subgoal_corruption,budget_exhaustion_shift,4,0.404918,0.803491,0.310591,0.446336,0.508944,0.162515,0.238336,0.399597
contact_rich_insertion,mid_level_subgoal_corruption,budget_exhaustion_shift,5,0.404918,0.803491,0.310591,0.446336,0.508944,0.162515,0.238336,0.399597
contact_rich_insertion,mid_level_subgoal_corruption,budget_exhaustion_shift,6,0.404918,0.803491,0.310591,0.446336,0.508944,0.162515,0.238336,0.399597
contact_rich_insertion,mid_level_subgoal_corruption,budget_exhaustion_shift,7,0.404918,0.803491,0.310591,0.446336,0.508944,0.162515,0.238336,0.399597
contact_rich_insertion,mid_level_subgoal_corruption,budget_exhaustion_shift,8,0.404918,0.803491,0.310591,0.446336,0.508944,0.162515,0.238336,0.399597
contact_rich_insertion,mid_level_subgoal_corruption,budget_exhaustion_shift,9,0.404918,0.803491,0.310591,0.446336,0.508944,0.162515,0.238336,0.399597
contact_rich_insertion,mid_level_subgoal_corruption,cross_level_cascade_shift,0,0.444699,0.882317,0.349381,0.517616,0.471408,0.170152,0.250432,0.460762
contact_rich_insertion,mid_level_subgoal_corruption,cross_level_cascade_shift,1,0.444699,0.882317,0.349381,0.517616,0.471408,0.170152,0.250432,0.460762
contact_rich_insertion,mid_level_subgoal_corruption,cross_level_cascade_shift,2,0.444699,0.882317,0.349381,0.517616,0.471408,0.170152,0.250432,0.460762
contact_rich_insertion,mid_level_subgoal_corruption,cross_level_cascade_shift,3,0.444699,0.882317,0.349381,0.517616,0.471408,0.170152,0.250432,0.460762
contact_rich_insertion,mid_level_subgoal_corruption,cross_level_cascade_shift,4,0.444699,0.882317,0.349381,0.517616,0.471408,0.170152,0.250432,0.460762
contact_rich_insertion,mid_level_subgoal_corruption,cross_level_cascade_shift,5,0.444699,0.882317,0.349381,0.517616,0.471408,0.170152,0.250432,0.460762
contact_rich_insertion,mid_level_subgoal_corruption,cross_level_cascade_shift,6,0.444699,0.882317,0.349381,0.517616,0.471408,0.170152,0.250432,0.460762
contact_rich_insertion,mid_level_subgoal_corruption,cross_level_cascade_shift,7,0.444699,0.882317,0.349381,0.517616,0.471408,0.170152,0.250432,0.460762
contact_rich_insertion,mid_level_subgoal_corruption,cross_level_cascade_shift,8,0.444699,0.882317,0.349381,0.517616,0.471408,0.170152,0.250432,0.460762
contact_rich_insertion,mid_level_subgoal_corruption,cross_level_cascade_shift,9,0.444699,0.882317,0.349381,0.517616,0.471408,0.170152,0.250432,0.460762
contact_rich_insertion,mid_level_subgoal_corruption,combined_extreme,0,0.472968,0.931334,0.372655,0.53504,0.517776,0.189883,0.2912,0.475039
contact_rich_insertion,mid_level_subgoal_corruption,combined_extreme,1,0.472968,0.931334,0.372655,0.53504,0.517776,0.189883,0.2912,0.475039
contact_rich_insertion,mid_level_subgoal_corruption,combined_extreme,2,0.472968,0.931334,0.372655,0.53504,0.517776,0.189883,0.2912,0.475039
contact_rich_insertion,mid_level_subgoal_corruption,combined_extreme,3,0.472968,0.931334,0.372655,0.53504,0.517776,0.189883,0.2912,0.475039
contact_rich_insertion,mid_level_subgoal_corruption,combined_extreme,4,0.472968,0.931334,0.372655,0.53504,0.517776,0.189883,0.2912,0.475039
contact_rich_insertion,mid_level_subgoal_corruption,combined_extreme,5,0.472968,0.931334,0.372655,0.53504,0.517776,0.189883,0.2912,0.475039
contact_rich_insertion,mid_level_subgoal_corruption,combined_extreme,6,0.472968,0.931334,0.372655,0.53504,0.517776,0.189883,0.2912,0.475039
contact_rich_insertion,mid_level_subgoal_corruption,combined_extreme,7,0.472968,0.931334,0.372655,0.53504,0.517776,0.189883,0.2912,0.475039
contact_rich_insertion,mid_level_subgoal_corruption,combined_extreme,8,0.472968,0.931334,0.372655,0.53504,0.517776,0.189883,0.2912,0.475039
contact_rich_insertion,mid_level_subgoal_corruption,combined_extreme,9,0.472968,0.931334,0.372655,0.53504,0.517776,0.189883,0.2912,0.475039
contact_rich_insertion,high_level_task_state_drift,nominal,0,0.187555,0.304792,0.458234,0.331184,0.28392,0.11466,0.17816,0.284357
contact_rich_insertion,high_level_task_state_drift,nominal,1,0.187555,0.304792,0.458234,0.331184,0.28392,0.11466,0.17816,0.284357
contact_rich_insertion,high_level_task_state_drift,nominal,2,0.187555,0.304792,0.458234,0.331184,0.28392,0.11466,0.17816,0.284357
contact_rich_insertion,high_level_task_state_drift,nominal,3,0.187555,0.304792,0.458234,0.331184,0.28392,0.11466,0.17816,0.284357
contact_rich_insertion,high_level_task_state_drift,nominal,4,0.187555,0.304792,0.458234,0.331184,0.28392,0.11466,0.17816,0.284357
contact_rich_insertion,high_level_task_state_drift,nominal,5,0.187555,0.304792,0.458234,0.331184,0.28392,0.11466,0.17816,0.284357
contact_rich_insertion,high_level_task_state_drift,nominal,6,0.187555,0.304792,0.458234,0.331184,0.28392,0.11466,0.17816,0.284357
contact_rich_insertion,high_level_task_state_drift,nominal,7,0.187555,0.304792,0.458234,0.331184,0.28392,0.11466,0.17816,0.284357
contact_rich_insertion,high_level_task_state_drift,nominal,8,0.187555,0.304792,0.458234,0.331184,0.28392,0.11466,0.17816,0.284357
contact_rich_insertion,high_level_task_state_drift,nominal,9,0.187555,0.304792,0.458234,0.331184,0.28392,0.11466,0.17816,0.284357
contact_rich_insertion,high_level_task_state_drift,local_anomaly_shift,0,0.32281,0.384192,0.557652,0.39872,0.385632,0.14493,0.223584,0.360959
contact_rich_insertion,high_level_task_state_drift,local_anomaly_shift,1,0.32281,0.384192,0.557652,0.39872,0.385632,0.14493,0.223584,0.360959
contact_rich_insertion,high_level_task_state_drift,local_anomaly_shift,2,0.32281,0.384192,0.557652,0.39872,0.385632,0.14493,0.223584,0.360959
contact_rich_insertion,high_level_task_state_drift,local_anomaly_shift,3,0.32281,0.384192,0.557652,0.39872,0.385632,0.14493,0.223584,0.360959
contact_rich_insertion,high_level_task_state_drift,local_anomaly_shift,4,0.32281,0.384192,0.557652,0.39872,0.385632,0.14493,0.223584,0.360959
contact_rich_insertion,high_level_task_state_drift,local_anomaly_shift,5,0.32281,0.384192,0.557652,0.39872,0.385632,0.14493,0.223584,0.360959
contact_rich_insertion,high_level_task_state_drift,local_anomaly_shift,6,0.32281,0.384192,0.557652,0.39872,0.385632,0.14493,0.223584,0.360959
contact_rich_insertion,high_level_task_state_drift,local_anomaly_shift,7,0.32281,0.384192,0.557652,0.39872,0.385632,0.14493,0.223584,0.360959
contact_rich_insertion,high_level_task_state_drift,local_anomaly_shift,8,0.32281,0.384192,0.557652,0.39872,0.385632,0.14493,0.223584,0.360959
contact_rich_insertion,high_level_task_state_drift,local_anomaly_shift,9,0.32281,0.384192,0.557652,0.39872,0.385632,0.14493,0.223584,0.360959
contact_rich_insertion,high_level_task_state_drift,subgoal_corruption_shift,0,0.245986,0.564762,0.663224,0.465248,0.420992,0.162228,0.23936,0.411447
contact_rich_insertion,high_level_task_state_drift,subgoal_corruption_shift,1,0.245986,0.564762,0.663224,0.465248,0.420992,0.162228,0.23936,0.411447
contact_rich_insertion,high_level_task_state_drift,subgoal_corruption_shift,2,0.245986,0.564762,0.663224,0.465248,0.420992,0.162228,0.23936,0.411447
contact_rich_insertion,high_level_task_state_drift,subgoal_corruption_shift,3,0.245986,0.564762,0.663224,0.465248,0.420992,0.162228,0.23936,0.411447
contact_rich_insertion,high_level_task_state_drift,subgoal_corruption_shift,4,0.245986,0.564762,0.663224,0.465248,0.420992,0.162228,0.23936,0.411447
contact_rich_insertion,high_level_task_state_drift,subgoal_corruption_shift,5,0.245986,0.564762,0.663224,0.465248,0.420992,0.162228,0.23936,0.411447
contact_rich_insertion,high_level_task_state_drift,subgoal_corruption_shift,6,0.245986,0.564762,0.663224,0.465248,0.420992,0.162228,0.23936,0.411447
contact_rich_insertion,high_level_task_state_drift,subgoal_corruption_shift,7,0.245986,0.564762,0.663224,0.465248,0.420992,0.162228,0.23936,0.411447
contact_rich_insertion,high_level_task_state_drift,subgoal_corruption_shift,8,0.245986,0.564762,0.663224,0.465248,0.420992,0.162228,0.23936,0.411447
contact_rich_insertion,high_level_task_state_drift,subgoal_corruption_shift,9,0.245986,0.564762,0.663224,0.465248,0.420992,0.162228,0.23936,0.411447
contact_rich_insertion,high_level_task_state_drift,delayed_observation_shift,0,0.266631,0.489204,0.716982,0.566048,0.466336,0.231417,0.267104,0.44704
contact_rich_insertion,high_level_task_state_drift,delayed_observation_shift,1,0.266631,0.489204,0.716982,0.566048,0.466336,0.231417,0.267104,0.44704
contact_rich_insertion,high_level_task_state_drift,delayed_observation_shift,2,0.266631,0.489204,0.716982,0.566048,0.466336,0.231417,0.267104,0.44704
contact_rich_insertion,high_level_task_state_drift,delayed_observation_shift,3,0.266631,0.489204,0.716982,0.566048,0.466336,0.231417,0.267104,0.44704
contact_rich_insertion,high_level_task_state_drift,delayed_observation_shift,4,0.266631,0.489204,0.716982,0.566048,0.466336,0.231417,0.267104,0.44704
contact_rich_insertion,high_level_task_state_drift,delayed_observation_shift,5,0.266631,0.489204,0.716982,0.566048,0.466336,0.231417,0.267104,0.44704
contact_rich_insertion,high_level_task_state_drift,delayed_observation_shift,6,0.266631,0.489204,0.716982,0.566048,0.466336,0.231417,0.267104,0.44704
contact_rich_insertion,high_level_task_state_drift,delayed_observation_shift,7,0.266631,0.489204,0.716982,0.566048,0.466336,0.231417,0.267104,0.44704
contact_rich_insertion,high_level_task_state_drift,delayed_observation_shift,8,0.266631,0.489204,0.716982,0.566048,0.466336,0.231417,0.267104,0.44704
contact_rich_insertion,high_level_task_state_drift,delayed_observation_shift,9,0.266631,0.489204,0.716982,0.566048,0.466336,0.231417,0.267104,0.44704
contact_rich_insertion,high_level_task_state_drift,false_halt_shift,0,0.268758,0.453773,0.671644,0.467264,0.431808,0.171662,0.365024,0.406611
contact_rich_insertion,high_level_task_state_drift,false_halt_shift,1,0.268758,0.453773,0.671644,0.467264,0.431808,0.171662,0.365024,0.406611
contact_rich_insertion,high_level_task_state_drift,false_halt_shift,2,0.268758,0.453773,0.671644,0.467264,0.431808,0.171662,0.365024,0.406611
contact_rich_insertion,high_level_task_state_drift,false_halt_shift,3,0.268758,0.453773,0.671644,0.467264,0.431808,0.171662,0.365024,0.406611
contact_rich_insertion,high_level_task_state_drift,false_halt_shift,4,0.268758,0.453773,0.671644,0.467264,0.431808,0.171662,0.365024,0.406611
contact_rich_insertion,high_level_task_state_drift,false_halt_shift,5,0.268758,0.453773,0.671644,0.467264,0.431808,0.171662,0.365024,0.406611
contact_rich_insertion,high_level_task_state_drift,false_halt_shift,6,0.268758,0.453773,0.671644,0.467264,0.431808,0.171662,0.365024,0.406611
contact_rich_insertion,high_level_task_state_drift,false_halt_shift,7,0.268758,0.453773,0.671644,0.467264,0.431808,0.171662,0.365024,0.406611
contact_rich_insertion,high_level_task_state_drift,false_halt_shift,8,0.268758,0.453773,0.671644,0.467264,0.431808,0.171662,0.365024,0.406611
contact_rich_insertion,high_level_task_state_drift,false_halt_shift,9,0.268758,0.453773,0.671644,0.467264,0.431808,0.171662,0.365024,0.406611
contact_rich_insertion,high_level_task_state_drift,budget_exhaustion_shift,0,0.299287,0.517805,0.751956,0.568064,0.575328,0.200753,0.289408,0.476443
contact_rich_insertion,high_level_task_state_drift,budget_exhaustion_shift,1,0.299287,0.517805,0.751956,0.568064,0.575328,0.200753,0.289408,0.476443
contact_rich_insertion,high_level_task_state_drift,budget_exhaustion_shift,2,0.299287,0.517805,0.751956,0.568064,0.575328,0.200753,0.289408,0.476443
contact_rich_insertion,high_level_task_state_drift,budget_exhaustion_shift,3,0.299287,0.517805,0.751956,0.568064,0.575328,0.200753,0.289408,0.476443
contact_rich_insertion,high_level_task_state_drift,budget_exhaustion_shift,4,0.299287,0.517805,0.751956,0.568064,0.575328,0.200753,0.289408,0.476443
contact_rich_insertion,high_level_task_state_drift,budget_exhaustion_shift,5,0.299287,0.517805,0.751956,0.568064,0.575328,0.200753,0.289408,0.476443
contact_rich_insertion,high_level_task_state_drift,budget_exhaustion_shift,6,0.299287,0.517805,0.751956,0.568064,0.575328,0.200753,0.289408,0.476443
contact_rich_insertion,high_level_task_state_drift,budget_exhaustion_shift,7,0.299287,0.517805,0.751956,0.568064,0.575328,0.200753,0.289408,0.476443
contact_rich_insertion,high_level_task_state_drift,budget_exhaustion_shift,8,0.299287,0.517805,0.751956,0.568064,0.575328,0.200753,0.289408,0.476443
contact_rich_insertion,high_level_task_state_drift,budget_exhaustion_shift,9,0.299287,0.517805,0.751956,0.568064,0.575328,0.200753,0.289408,0.476443
contact_rich_insertion,high_level_task_state_drift,cross_level_cascade_shift,0,0.32869,0.568604,0.84587,0.658784,0.532896,0.210188,0.304096,0.54937
contact_rich_insertion,high_level_task_state_drift,cross_level_cascade_shift,1,0.32869,0.568604,0.84587,0.658784,0.532896,0.210188,0.304096,0.54937
contact_rich_insertion,high_level_task_state_drift,cross_level_cascade_shift,2,0.32869,0.568604,0.84587,0.658784,0.532896,0.210188,0.304096,0.54937
contact_rich_insertion,high_level_task_state_drift,cross_level_cascade_shift,3,0.32869,0.568604,0.84587,0.658784,0.532896,0.210188,0.304096,0.54937
contact_rich_insertion,high_level_task_state_drift,cross_level_cascade_shift,4,0.32869,0.568604,0.84587,0.658784,0.532896,0.210188,0.304096,0.54937
contact_rich_insertion,high_level_task_state_drift,cross_level_cascade_shift,5,0.32869,0.568604,0.84587,0.658784,0.532896,0.210188,0.304096,0.54937
contact_rich_insertion,high_level_task_state_drift,cross_level_cascade_shift,6,0.32869,0.568604,0.84587,0.658784,0.532896,0.210188,0.304096,0.54937
contact_rich_insertion,high_level_task_state_drift,cross_level_cascade_shift,7,0.32869,0.568604,0.84587,0.658784,0.532896,0.210188,0.304096,0.54937
contact_rich_insertion,high_level_task_state_drift,cross_level_cascade_shift,8,0.32869,0.568604,0.84587,0.658784,0.532896,0.210188,0.304096,0.54937
contact_rich_insertion,high_level_task_state_drift,cross_level_cascade_shift,9,0.32869,0.568604,0.84587,0.658784,0.532896,0.210188,0.304096,0.54937
contact_rich_insertion,high_level_task_state_drift,combined_extreme,0,0.349585,0.600193,0.902218,0.68096,0.585312,0.234562,0.3536,0.566392
contact_rich_insertion,high_level_task_state_drift,combined_extreme,1,0.349585,0.600193,0.902218,0.68096,0.585312,0.234562,0.3536,0.566392
contact_rich_insertion,high_level_task_state_drift,combined_extreme,2,0.349585,0.600193,0.902218,0.68096,0.585312,0.234562,0.3536,0.566392
contact_rich_insertion,high_level_task_state_drift,combined_extreme,3,0.349585,0.600193,0.902218,0.68096,0.585312,0.234562,0.3536,0.566392
contact_rich_insertion,high_level_task_state_drift,combined_extreme,4,0.349585,0.600193,0.902218,0.68096,0.585312,0.234562,0.3536,0.566392
contact_rich_insertion,high_level_task_state_drift,combined_extreme,5,0.349585,0.600193,0.902218,0.68096,0.585312,0.234562,0.3536,0.566392
contact_rich_insertion,high_level_task_state_drift,combined_extreme,6,0.349585,0.600193,0.902218,0.68096,0.585312,0.234562,0.3536,0.566392
contact_rich_insertion,high_level_task_state_drift,combined_extreme,7,0.349585,0.600193,0.902218,0.68096,0.585312,0.234562,0.3536,0.566392
contact_rich_insertion,high_level_task_state_drift,combined_extreme,8,0.349585,0.600193,0.902218,0.68096,0.585312,0.234562,0.3536,0.566392
contact_rich_insertion,high_level_task_state_drift,combined_extreme,9,0.349585,0.600193,0.902218,0.68096,0.585312,0.234562,0.3536,0.566392
contact_rich_insertion,cross_level_cascade,nominal,0,0.452338,0.420403,0.368579,0.555916,0.3822,0.14742,0.22008,0.357739
contact_rich_insertion,cross_level_cascade,nominal,1,0.452338,0.420403,0.368579,0.555916,0.3822,0.14742,0.22008,0.357739
contact_rich_insertion,cross_level_cascade,nominal,2,0.452338,0.420403,0.368579,0.555916,0.3822,0.14742,0.22008,0.357739
contact_rich_insertion,cross_level_cascade,nominal,3,0.452338,0.420403,0.368579,0.555916,0.3822,0.14742,0.22008,0.357739
contact_rich_insertion,cross_level_cascade,nominal,4,0.452338,0.420403,0.368579,0.555916,0.3822,0.14742,0.22008,0.357739
contact_rich_insertion,cross_level_cascade,nominal,5,0.452338,0.420403,0.368579,0.555916,0.3822,0.14742,0.22008,0.357739
contact_rich_insertion,cross_level_cascade,nominal,6,0.452338,0.420403,0.368579,0.555916,0.3822,0.14742,0.22008,0.357739
contact_rich_insertion,cross_level_cascade,nominal,7,0.452338,0.420403,0.368579,0.555916,0.3822,0.14742,0.22008,0.357739
contact_rich_insertion,cross_level_cascade,nominal,8,0.452338,0.420403,0.368579,0.555916,0.3822,0.14742,0.22008,0.357739
contact_rich_insertion,cross_level_cascade,nominal,9,0.452338,0.420403,0.368579,0.555916,0.3822,0.14742,0.22008,0.357739
contact_rich_insertion,cross_level_cascade,local_anomaly_shift,0,0.778541,0.52992,0.448547,0.66928,0.51912,0.186339,0.276192,0.45411
contact_rich_insertion,cross_level_cascade,local_anomaly_shift,1,0.778541,0.52992,0.448547,0.66928,0.51912,0.186339,0.276192,0.45411
contact_rich_insertion,cross_level_cascade,local_anomaly_shift,2,0.778541,0.52992,0.448547,0.66928,0.51912,0.186339,0.276192,0.45411
contact_rich_insertion,cross_level_cascade,local_anomaly_shift,3,0.778541,0.52992,0.448547,0.66928,0.51912,0.186339,0.276192,0.45411
contact_rich_insertion,cross_level_cascade,local_anomaly_shift,4,0.778541,0.52992,0.448547,0.66928,0.51912,0.186339,0.276192,0.45411
contact_rich_insertion,cross_level_cascade,local_anomaly_shift,5,0.778541,0.52992,0.448547,0.66928,0.51912,0.186339,0.276192,0.45411
contact_rich_insertion,cross_level_cascade,local_anomaly_shift,6,0.778541,0.52992,0.448547,0.66928,0.51912,0.186339,0.276192,0.45411
contact_rich_insertion,cross_level_cascade,local_anomaly_shift,7,0.778541,0.52992,0.448547,0.66928,0.51912,0.186339,0.276192,0.45411
contact_rich_insertion,cross_level_cascade,local_anomaly_shift,8,0.778541,0.52992,0.448547,0.66928,0.51912,0.186339,0.276192,0.45411
contact_rich_insertion,cross_level_cascade,local_anomaly_shift,9,0.778541,0.52992,0.448547,0.66928,0.51912,0.186339,0.276192,0.45411
contact_rich_insertion,cross_level_cascade,subgoal_corruption_shift,0,0.59326,0.778982,0.533463,0.780952,0.56672,0.208578,0.29568,0.517627
contact_rich_insertion,cross_level_cascade,subgoal_corruption_shift,1,0.59326,0.778982,0.533463,0.780952,0.56672,0.208578,0.29568,0.517627
contact_rich_insertion,cross_level_cascade,subgoal_corruption_shift,2,0.59326,0.778982,0.533463,0.780952,0.56672,0.208578,0.29568,0.517627
contact_rich_insertion,cross_level_cascade,subgoal_corruption_shift,3,0.59326,0.778982,0.533463,0.780952,0.56672,0.208578,0.29568,0.517627
contact_rich_insertion,cross_level_cascade,subgoal_corruption_shift,4,0.59326,0.778982,0.533463,0.780952,0.56672,0.208578,0.29568,0.517627
contact_rich_insertion,cross_level_cascade,subgoal_corruption_shift,5,0.59326,0.778982,0.533463,0.780952,0.56672,0.208578,0.29568,0.517627
contact_rich_insertion,cross_level_cascade,subgoal_corruption_shift,6,0.59326,0.778982,0.533463,0.780952,0.56672,0.208578,0.29568,0.517627
contact_rich_insertion,cross_level_cascade,subgoal_corruption_shift,7,0.59326,0.778982,0.533463,0.780952,0.56672,0.208578,0.29568,0.517627
contact_rich_insertion,cross_level_cascade,subgoal_corruption_shift,8,0.59326,0.778982,0.533463,0.780952,0.56672,0.208578,0.29568,0.517627
contact_rich_insertion,cross_level_cascade,subgoal_corruption_shift,9,0.59326,0.778982,0.533463,0.780952,0.56672,0.208578,0.29568,0.517627
contact_rich_insertion,cross_level_cascade,delayed_observation_shift,0,0.643051,0.674765,0.576703,0.950152,0.62776,0.297536,0.329952,0.562405
contact_rich_insertion,cross_level_cascade,delayed_observation_shift,1,0.643051,0.674765,0.576703,0.950152,0.62776,0.297536,0.329952,0.562405
contact_rich_insertion,cross_level_cascade,delayed_observation_shift,2,0.643051,0.674765,0.576703,0.950152,0.62776,0.297536,0.329952,0.562405
contact_rich_insertion,cross_level_cascade,delayed_observation_shift,3,0.643051,0.674765,0.576703,0.950152,0.62776,0.297536,0.329952,0.562405
contact_rich_insertion,cross_level_cascade,delayed_observation_shift,4,0.643051,0.674765,0.576703,0.950152,0.62776,0.297536,0.329952,0.562405
contact_rich_insertion,cross_level_cascade,delayed_observation_shift,5,0.643051,0.674765,0.576703,0.950152,0.62776,0.297536,0.329952,0.562405
contact_rich_insertion,cross_level_cascade,delayed_observation_shift,6,0.643051,0.674765,0.576703,0.950152,0.62776,0.297536,0.329952,0.562405
contact_rich_insertion,cross_level_cascade,delayed_observation_shift,7,0.643051,0.674765,0.576703,0.950152,0.62776,0.297536,0.329952,0.562405
contact_rich_insertion,cross_level_cascade,delayed_observation_shift,8,0.643051,0.674765,0.576703,0.950152,0.62776,0.297536,0.329952,0.562405
contact_rich_insertion,cross_level_cascade,delayed_observation_shift,9,0.643051,0.674765,0.576703,0.950152,0.62776,0.297536,0.329952,0.562405
contact_rich_insertion,cross_level_cascade,false_halt_shift,0,0.64818,0.625894,0.540236,0.784336,0.58128,0.220709,0.450912,0.511543
contact_rich_insertion,cross_level_cascade,false_halt_shift,1,0.64818,0.625894,0.540236,0.784336,0.58128,0.220709,0.450912,0.511543
contact_rich_insertion,cross_level_cascade,false_halt_shift,2,0.64818,0.625894,0.540236,0.784336,0.58128,0.220709,0.450912,0.511543
contact_rich_insertion,cross_level_cascade,false_halt_shift,3,0.64818,0.625894,0.540236,0.784336,0.58128,0.220709,0.450912,0.511543
contact_rich_insertion,cross_level_cascade,false_halt_shift,4,0.64818,0.625894,0.540236,0.784336,0.58128,0.220709,0.450912,0.511543
contact_rich_insertion,cross_level_cascade,false_halt_shift,5,0.64818,0.625894,0.540236,0.784336,0.58128,0.220709,0.450912,0.511543
contact_rich_insertion,cross_level_cascade,false_halt_shift,6,0.64818,0.625894,0.540236,0.784336,0.58128,0.220709,0.450912,0.511543
contact_rich_insertion,cross_level_cascade,false_halt_shift,7,0.64818,0.625894,0.540236,0.784336,0.58128,0.220709,0.450912,0.511543
contact_rich_insertion,cross_level_cascade,false_halt_shift,8,0.64818,0.625894,0.540236,0.784336,0.58128,0.220709,0.450912,0.511543
contact_rich_insertion,cross_level_cascade,false_halt_shift,9,0.64818,0.625894,0.540236,0.784336,0.58128,0.220709,0.450912,0.511543
contact_rich_insertion,cross_level_cascade,budget_exhaustion_shift,0,0.72181,0.714214,0.604835,0.953536,0.77448,0.258111,0.357504,0.599396
contact_rich_insertion,cross_level_cascade,budget_exhaustion_shift,1,0.72181,0.714214,0.604835,0.953536,0.77448,0.258111,0.357504,0.599396
contact_rich_insertion,cross_level_cascade,budget_exhaustion_shift,2,0.72181,0.714214,0.604835,0.953536,0.77448,0.258111,0.357504,0.599396
contact_rich_insertion,cross_level_cascade,budget_exhaustion_shift,3,0.72181,0.714214,0.604835,0.953536,0.77448,0.258111,0.357504,0.599396
contact_rich_insertion,cross_level_cascade,budget_exhaustion_shift,4,0.72181,0.714214,0.604835,0.953536,0.77448,0.258111,0.357504,0.599396
contact_rich_insertion,cross_level_cascade,budget_exhaustion_shift,5,0.72181,0.714214,0.604835,0.953536,0.77448,0.258111,0.357504,0.599396
contact_rich_insertion,cross_level_cascade,budget_exhaustion_shift,6,0.72181,0.714214,0.604835,0.953536,0.77448,0.258111,0.357504,0.599396
contact_rich_insertion,cross_level_cascade,budget_exhaustion_shift,7,0.72181,0.714214,0.604835,0.953536,0.77448,0.258111,0.357504,0.599396
contact_rich_insertion,cross_level_cascade,budget_exhaustion_shift,8,0.72181,0.714214,0.604835,0.953536,0.77448,0.258111,0.357504,0.599396
contact_rich_insertion,cross_level_cascade,budget_exhaustion_shift,9,0.72181,0.714214,0.604835,0.953536,0.77448,0.258111,0.357504,0.599396
contact_rich_insertion,cross_level_cascade,cross_level_cascade_shift,0,0.792724,0.784282,0.680374,1.0,0.71736,0.270242,0.375648,0.691142
contact_rich_insertion,cross_level_cascade,cross_level_cascade_shift,1,0.792724,0.784282,0.680374,1.0,0.71736,0.270242,0.375648,0.691142
contact_rich_insertion,cross_level_cascade,cross_level_cascade_shift,2,0.792724,0.784282,0.680374,1.0,0.71736,0.270242,0.375648,0.691142
contact_rich_insertion,cross_level_cascade,cross_level_cascade_shift,3,0.792724,0.784282,0.680374,1.0,0.71736,0.270242,0.375648,0.691142
contact_rich_insertion,cross_level_cascade,cross_level_cascade_shift,4,0.792724,0.784282,0.680374,1.0,0.71736,0.270242,0.375648,0.691142
contact_rich_insertion,cross_level_cascade,cross_level_cascade_shift,5,0.792724,0.784282,0.680374,1.0,0.71736,0.270242,0.375648,0.691142
contact_rich_insertion,cross_level_cascade,cross_level_cascade_shift,6,0.792724,0.784282,0.680374,1.0,0.71736,0.270242,0.375648,0.691142
contact_rich_insertion,cross_level_cascade,cross_level_cascade_shift,7,0.792724,0.784282,0.680374,1.0,0.71736,0.270242,0.375648,0.691142
contact_rich_insertion,cross_level_cascade,cross_level_cascade_shift,8,0.792724,0.784282,0.680374,1.0,0.71736,0.270242,0.375648,0.691142
contact_rich_insertion,cross_level_cascade,cross_level_cascade_shift,9,0.792724,0.784282,0.680374,1.0,0.71736,0.270242,0.375648,0.691142
contact_rich_insertion,cross_level_cascade,combined_extreme,0,0.843117,0.827853,0.725697,1.0,0.78792,0.301579,0.4368,0.712558
contact_rich_insertion,cross_level_cascade,combined_extreme,1,0.843117,0.827853,0.725697,1.0,0.78792,0.301579,0.4368,0.712558
contact_rich_insertion,cross_level_cascade,combined_extreme,2,0.843117,0.827853,0.725697,1.0,0.78792,0.301579,0.4368,0.712558
contact_rich_insertion,cross_level_cascade,combined_extreme,3,0.843117,0.827853,0.725697,1.0,0.78792,0.301579,0.4368,0.712558
contact_rich_insertion,cross_level_cascade,combined_extreme,4,0.843117,0.827853,0.725697,1.0,0.78792,0.301579,0.4368,0.712558
contact_rich_insertion,cross_level_cascade,combined_extreme,5,0.843117,0.827853,0.725697,1.0,0.78792,0.301579,0.4368,0.712558
contact_rich_insertion,cross_level_cascade,combined_extreme,6,0.843117,0.827853,0.725697,1.0,0.78792,0.301579,0.4368,0.712558
contact_rich_insertion,cross_level_cascade,combined_extreme,7,0.843117,0.827853,0.725697,1.0,0.78792,0.301579,0.4368,0.712558
contact_rich_insertion,cross_level_cascade,combined_extreme,8,0.843117,0.827853,0.725697,1.0,0.78792,0.301579,0.4368,0.712558
contact_rich_insertion,cross_level_cascade,combined_extreme,9,0.843117,0.827853,0.725697,1.0,0.78792,0.301579,0.4368,0.712558
contact_rich_insertion,false_halt_pressure,nominal,0,0.264783,0.252242,0.209194,0.212904,0.2184,0.09282,0.48208,0.183456
contact_rich_insertion,false_halt_pressure,nominal,1,0.264783,0.252242,0.209194,0.212904,0.2184,0.09282,0.48208,0.183456
contact_rich_insertion,false_halt_pressure,nominal,2,0.264783,0.252242,0.209194,0.212904,0.2184,0.09282,0.48208,0.183456
contact_rich_insertion,false_halt_pressure,nominal,3,0.264783,0.252242,0.209194,0.212904,0.2184,0.09282,0.48208,0.183456
contact_rich_insertion,false_halt_pressure,nominal,4,0.264783,0.252242,0.209194,0.212904,0.2184,0.09282,0.48208,0.183456
contact_rich_insertion,false_halt_pressure,nominal,5,0.264783,0.252242,0.209194,0.212904,0.2184,0.09282,0.48208,0.183456
contact_rich_insertion,false_halt_pressure,nominal,6,0.264783,0.252242,0.209194,0.212904,0.2184,0.09282,0.48208,0.183456
contact_rich_insertion,false_halt_pressure,nominal,7,0.264783,0.252242,0.209194,0.212904,0.2184,0.09282,0.48208,0.183456
contact_rich_insertion,false_halt_pressure,nominal,8,0.264783,0.252242,0.209194,0.212904,0.2184,0.09282,0.48208,0.183456
contact_rich_insertion,false_halt_pressure,nominal,9,0.264783,0.252242,0.209194,0.212904,0.2184,0.09282,0.48208,0.183456
contact_rich_insertion,false_halt_pressure,local_anomaly_shift,0,0.455731,0.317952,0.25458,0.25632,0.29664,0.117324,0.604992,0.232877
contact_rich_insertion,false_halt_pressure,local_anomaly_shift,1,0.455731,0.317952,0.25458,0.25632,0.29664,0.117324,0.604992,0.232877
contact_rich_insertion,false_halt_pressure,local_anomaly_shift,2,0.455731,0.317952,0.25458,0.25632,0.29664,0.117324,0.604992,0.232877
contact_rich_insertion,false_halt_pressure,local_anomaly_shift,3,0.455731,0.317952,0.25458,0.25632,0.29664,0.117324,0.604992,0.232877
contact_rich_insertion,false_halt_pressure,local_anomaly_shift,4,0.455731,0.317952,0.25458,0.25632,0.29664,0.117324,0.604992,0.232877
contact_rich_insertion,false_halt_pressure,local_anomaly_shift,5,0.455731,0.317952,0.25458,0.25632,0.29664,0.117324,0.604992,0.232877
contact_rich_insertion,false_halt_pressure,local_anomaly_shift,6,0.455731,0.317952,0.25458,0.25632,0.29664,0.117324,0.604992,0.232877
contact_rich_insertion,false_halt_pressure,local_anomaly_shift,7,0.455731,0.317952,0.25458,0.25632,0.29664,0.117324,0.604992,0.232877
contact_rich_insertion,false_halt_pressure,local_anomaly_shift,8,0.455731,0.317952,0.25458,0.25632,0.29664,0.117324,0.604992,0.232877
contact_rich_insertion,false_halt_pressure,local_anomaly_shift,9,0.455731,0.317952,0.25458,0.25632,0.29664,0.117324,0.604992,0.232877
contact_rich_insertion,false_halt_pressure,subgoal_corruption_shift,0,0.347274,0.467389,0.302776,0.299088,0.32384,0.131327,0.64768,0.26545
contact_rich_insertion,false_halt_pressure,subgoal_corruption_shift,1,0.347274,0.467389,0.302776,0.299088,0.32384,0.131327,0.64768,0.26545
contact_rich_insertion,false_halt_pressure,subgoal_corruption_shift,2,0.347274,0.467389,0.302776,0.299088,0.32384,0.131327,0.64768,0.26545
contact_rich_insertion,false_halt_pressure,subgoal_corruption_shift,3,0.347274,0.467389,0.302776,0.299088,0.32384,0.131327,0.64768,0.26545
contact_rich_insertion,false_halt_pressure,subgoal_corruption_shift,4,0.347274,0.467389,0.302776,0.299088,0.32384,0.131327,0.64768,0.26545
contact_rich_insertion,false_halt_pressure,subgoal_corruption_shift,5,0.347274,0.467389,0.302776,0.299088,0.32384,0.131327,0.64768,0.26545
contact_rich_insertion,false_halt_pressure,subgoal_corruption_shift,6,0.347274,0.467389,0.302776,0.299088,0.32384,0.131327,0.64768,0.26545
contact_rich_insertion,false_halt_pressure,subgoal_corruption_shift,7,0.347274,0.467389,0.302776,0.299088,0.32384,0.131327,0.64768,0.26545
contact_rich_insertion,false_halt_pressure,subgoal_corruption_shift,8,0.347274,0.467389,0.302776,0.299088,0.32384,0.131327,0.64768,0.26545
contact_rich_insertion,false_halt_pressure,subgoal_corruption_shift,9,0.347274,0.467389,0.302776,0.299088,0.32384,0.131327,0.64768,0.26545
contact_rich_insertion,false_halt_pressure,delayed_observation_shift,0,0.37642,0.404859,0.327318,0.363888,0.35872,0.187337,0.722752,0.288413
contact_rich_insertion,false_halt_pressure,delayed_observation_shift,1,0.37642,0.404859,0.327318,0.363888,0.35872,0.187337,0.722752,0.288413
contact_rich_insertion,false_halt_pressure,delayed_observation_shift,2,0.37642,0.404859,0.327318,0.363888,0.35872,0.187337,0.722752,0.288413
contact_rich_insertion,false_halt_pressure,delayed_observation_shift,3,0.37642,0.404859,0.327318,0.363888,0.35872,0.187337,0.722752,0.288413
contact_rich_insertion,false_halt_pressure,delayed_observation_shift,4,0.37642,0.404859,0.327318,0.363888,0.35872,0.187337,0.722752,0.288413
contact_rich_insertion,false_halt_pressure,delayed_observation_shift,5,0.37642,0.404859,0.327318,0.363888,0.35872,0.187337,0.722752,0.288413
contact_rich_insertion,false_halt_pressure,delayed_observation_shift,6,0.37642,0.404859,0.327318,0.363888,0.35872,0.187337,0.722752,0.288413
contact_rich_insertion,false_halt_pressure,delayed_observation_shift,7,0.37642,0.404859,0.327318,0.363888,0.35872,0.187337,0.722752,0.288413
contact_rich_insertion,false_halt_pressure,delayed_observation_shift,8,0.37642,0.404859,0.327318,0.363888,0.35872,0.187337,0.722752,0.288413
contact_rich_insertion,false_halt_pressure,delayed_observation_shift,9,0.37642,0.404859,0.327318,0.363888,0.35872,0.187337,0.722752,0.288413
contact_rich_insertion,false_halt_pressure,false_halt_shift,0,0.379423,0.375537,0.30662,0.300384,0.33216,0.138965,0.987712,0.26233
contact_rich_insertion,false_halt_pressure,false_halt_shift,1,0.379423,0.375537,0.30662,0.300384,0.33216,0.138965,0.987712,0.26233
contact_rich_insertion,false_halt_pressure,false_halt_shift,2,0.379423,0.375537,0.30662,0.300384,0.33216,0.138965,0.987712,0.26233
contact_rich_insertion,false_halt_pressure,false_halt_shift,3,0.379423,0.375537,0.30662,0.300384,0.33216,0.138965,0.987712,0.26233
contact_rich_insertion,false_halt_pressure,false_halt_shift,4,0.379423,0.375537,0.30662,0.300384,0.33216,0.138965,0.987712,0.26233
contact_rich_insertion,false_halt_pressure,false_halt_shift,5,0.379423,0.375537,0.30662,0.300384,0.33216,0.138965,0.987712,0.26233
contact_rich_insertion,false_halt_pressure,false_halt_shift,6,0.379423,0.375537,0.30662,0.300384,0.33216,0.138965,0.987712,0.26233
contact_rich_insertion,false_halt_pressure,false_halt_shift,7,0.379423,0.375537,0.30662,0.300384,0.33216,0.138965,0.987712,0.26233
contact_rich_insertion,false_halt_pressure,false_halt_shift,8,0.379423,0.375537,0.30662,0.300384,0.33216,0.138965,0.987712,0.26233
contact_rich_insertion,false_halt_pressure,false_halt_shift,9,0.379423,0.375537,0.30662,0.300384,0.33216,0.138965,0.987712,0.26233
contact_rich_insertion,false_halt_pressure,budget_exhaustion_shift,0,0.422523,0.428529,0.343284,0.365184,0.44256,0.162515,0.783104,0.307382
contact_rich_insertion,false_halt_pressure,budget_exhaustion_shift,1,0.422523,0.428529,0.343284,0.365184,0.44256,0.162515,0.783104,0.307382
contact_rich_insertion,false_halt_pressure,budget_exhaustion_shift,2,0.422523,0.428529,0.343284,0.365184,0.44256,0.162515,0.783104,0.307382
contact_rich_insertion,false_halt_pressure,budget_exhaustion_shift,3,0.422523,0.428529,0.343284,0.365184,0.44256,0.162515,0.783104,0.307382
contact_rich_insertion,false_halt_pressure,budget_exhaustion_shift,4,0.422523,0.428529,0.343284,0.365184,0.44256,0.162515,0.783104,0.307382
contact_rich_insertion,false_halt_pressure,budget_exhaustion_shift,5,0.422523,0.428529,0.343284,0.365184,0.44256,0.162515,0.783104,0.307382
contact_rich_insertion,false_halt_pressure,budget_exhaustion_shift,6,0.422523,0.428529,0.343284,0.365184,0.44256,0.162515,0.783104,0.307382
contact_rich_insertion,false_halt_pressure,budget_exhaustion_shift,7,0.422523,0.428529,0.343284,0.365184,0.44256,0.162515,0.783104,0.307382
contact_rich_insertion,false_halt_pressure,budget_exhaustion_shift,8,0.422523,0.428529,0.343284,0.365184,0.44256,0.162515,0.783104,0.307382
contact_rich_insertion,false_halt_pressure,budget_exhaustion_shift,9,0.422523,0.428529,0.343284,0.365184,0.44256,0.162515,0.783104,0.307382
contact_rich_insertion,false_halt_pressure,cross_level_cascade_shift,0,0.464033,0.470569,0.386158,0.423504,0.40992,0.170152,0.822848,0.354432
contact_rich_insertion,false_halt_pressure,cross_level_cascade_shift,1,0.464033,0.470569,0.386158,0.423504,0.40992,0.170152,0.822848,0.354432
contact_rich_insertion,false_halt_pressure,cross_level_cascade_shift,2,0.464033,0.470569,0.386158,0.423504,0.40992,0.170152,0.822848,0.354432
contact_rich_insertion,false_halt_pressure,cross_level_cascade_shift,3,0.464033,0.470569,0.386158,0.423504,0.40992,0.170152,0.822848,0.354432
contact_rich_insertion,false_halt_pressure,cross_level_cascade_shift,4,0.464033,0.470569,0.386158,0.423504,0.40992,0.170152,0.822848,0.354432
contact_rich_insertion,false_halt_pressure,cross_level_cascade_shift,5,0.464033,0.470569,0.386158,0.423504,0.40992,0.170152,0.822848,0.354432
contact_rich_insertion,false_halt_pressure,cross_level_cascade_shift,6,0.464033,0.470569,0.386158,0.423504,0.40992,0.170152,0.822848,0.354432
contact_rich_insertion,false_halt_pressure,cross_level_cascade_shift,7,0.464033,0.470569,0.386158,0.423504,0.40992,0.170152,0.822848,0.354432
contact_rich_insertion,false_halt_pressure,cross_level_cascade_shift,8,0.464033,0.470569,0.386158,0.423504,0.40992,0.170152,0.822848,0.354432
contact_rich_insertion,false_halt_pressure,cross_level_cascade_shift,9,0.464033,0.470569,0.386158,0.423504,0.40992,0.170152,0.822848,0.354432
contact_rich_insertion,false_halt_pressure,combined_extreme,0,0.493532,0.496712,0.411882,0.43776,0.45024,0.189883,0.9568,0.365414
contact_rich_insertion,false_halt_pressure,combined_extreme,1,0.493532,0.496712,0.411882,0.43776,0.45024,0.189883,0.9568,0.365414
contact_rich_insertion,false_halt_pressure,combined_extreme,2,0.493532,0.496712,0.411882,0.43776,0.45024,0.189883,0.9568,0.365414
contact_rich_insertion,false_halt_pressure,combined_extreme,3,0.493532,0.496712,0.411882,0.43776,0.45024,0.189883,0.9568,0.365414
contact_rich_insertion,false_halt_pressure,combined_extreme,4,0.493532,0.496712,0.411882,0.43776,0.45024,0.189883,0.9568,0.365414
contact_rich_insertion,false_halt_pressure,combined_extreme,5,0.493532,0.496712,0.411882,0.43776,0.45024,0.189883,0.9568,0.365414
contact_rich_insertion,false_halt_pressure,combined_extreme,6,0.493532,0.496712,0.411882,0.43776,0.45024,0.189883,0.9568,0.365414
contact_rich_insertion,false_halt_pressure,combined_extreme,7,0.493532,0.496712,0.411882,0.43776,0.45024,0.189883,0.9568,0.365414
contact_rich_insertion,false_halt_pressure,combined_extreme,8,0.493532,0.496712,0.411882,0.43776,0.45024,0.189883,0.9568,0.365414
contact_rich_insertion,false_halt_pressure,combined_extreme,9,0.493532,0.496712,0.411882,0.43776,0.45024,0.189883,0.9568,0.365414
contact_rich_insertion,delayed_failure_observation,nominal,0,0.353044,0.367853,0.318771,0.366668,0.31668,0.25116,0.262,0.284357
contact_rich_insertion,delayed_failure_observation,nominal,1,0.353044,0.367853,0.318771,0.366668,0.31668,0.25116,0.262,0.284357
contact_rich_insertion,delayed_failure_observation,nominal,2,0.353044,0.367853,0.318771,0.366668,0.31668,0.25116,0.262,0.284357
contact_rich_insertion,delayed_failure_observation,nominal,3,0.353044,0.367853,0.318771,0.366668,0.31668,0.25116,0.262,0.284357
contact_rich_insertion,delayed_failure_observation,nominal,4,0.353044,0.367853,0.318771,0.366668,0.31668,0.25116,0.262,0.284357
contact_rich_insertion,delayed_failure_observation,nominal,5,0.353044,0.367853,0.318771,0.366668,0.31668,0.25116,0.262,0.284357
contact_rich_insertion,delayed_failure_observation,nominal,6,0.353044,0.367853,0.318771,0.366668,0.31668,0.25116,0.262,0.284357
contact_rich_insertion,delayed_failure_observation,nominal,7,0.353044,0.367853,0.318771,0.366668,0.31668,0.25116,0.262,0.284357
contact_rich_insertion,delayed_failure_observation,nominal,8,0.353044,0.367853,0.318771,0.366668,0.31668,0.25116,0.262,0.284357
contact_rich_insertion,delayed_failure_observation,nominal,9,0.353044,0.367853,0.318771,0.366668,0.31668,0.25116,0.262,0.284357
contact_rich_insertion,delayed_failure_observation,local_anomaly_shift,0,0.607642,0.46368,0.387932,0.44144,0.430128,0.317466,0.3288,0.360959
contact_rich_insertion,delayed_failure_observation,local_anomaly_shift,1,0.607642,0.46368,0.387932,0.44144,0.430128,0.317466,0.3288,0.360959
contact_rich_insertion,delayed_failure_observation,local_anomaly_shift,2,0.607642,0.46368,0.387932,0.44144,0.430128,0.317466,0.3288,0.360959
contact_rich_insertion,delayed_failure_observation,local_anomaly_shift,3,0.607642,0.46368,0.387932,0.44144,0.430128,0.317466,0.3288,0.360959
contact_rich_insertion,delayed_failure_observation,local_anomaly_shift,4,0.607642,0.46368,0.387932,0.44144,0.430128,0.317466,0.3288,0.360959
contact_rich_insertion,delayed_failure_observation,local_anomaly_shift,5,0.607642,0.46368,0.387932,0.44144,0.430128,0.317466,0.3288,0.360959
contact_rich_insertion,delayed_failure_observation,local_anomaly_shift,6,0.607642,0.46368,0.387932,0.44144,0.430128,0.317466,0.3288,0.360959
contact_rich_insertion,delayed_failure_observation,local_anomaly_shift,7,0.607642,0.46368,0.387932,0.44144,0.430128,0.317466,0.3288,0.360959
contact_rich_insertion,delayed_failure_observation,local_anomaly_shift,8,0.607642,0.46368,0.387932,0.44144,0.430128,0.317466,0.3288,0.360959
contact_rich_insertion,delayed_failure_observation,local_anomaly_shift,9,0.607642,0.46368,0.387932,0.44144,0.430128,0.317466,0.3288,0.360959
contact_rich_insertion,delayed_failure_observation,subgoal_corruption_shift,0,0.463032,0.68161,0.461373,0.515096,0.469568,0.355356,0.352,0.411447
contact_rich_insertion,delayed_failure_observation,subgoal_corruption_shift,1,0.463032,0.68161,0.461373,0.515096,0.469568,0.355356,0.352,0.411447
contact_rich_insertion,delayed_failure_observation,subgoal_corruption_shift,2,0.463032,0.68161,0.461373,0.515096,0.469568,0.355356,0.352,0.411447
contact_rich_insertion,delayed_failure_observation,subgoal_corruption_shift,3,0.463032,0.68161,0.461373,0.515096,0.469568,0.355356,0.352,0.411447
contact_rich_insertion,delayed_failure_observation,subgoal_corruption_shift,4,0.463032,0.68161,0.461373,0.515096,0.469568,0.355356,0.352,0.411447
contact_rich_insertion,delayed_failure_observation,subgoal_corruption_shift,5,0.463032,0.68161,0.461373,0.515096,0.469568,0.355356,0.352,0.411447
contact_rich_insertion,delayed_failure_observation,subgoal_corruption_shift,6,0.463032,0.68161,0.461373,0.515096,0.469568,0.355356,0.352,0.411447
contact_rich_insertion,delayed_failure_observation,subgoal_corruption_shift,7,0.463032,0.68161,0.461373,0.515096,0.469568,0.355356,0.352,0.411447
contact_rich_insertion,delayed_failure_observation,subgoal_corruption_shift,8,0.463032,0.68161,0.461373,0.515096,0.469568,0.355356,0.352,0.411447
contact_rich_insertion,delayed_failure_observation,subgoal_corruption_shift,9,0.463032,0.68161,0.461373,0.515096,0.469568,0.355356,0.352,0.411447
contact_rich_insertion,delayed_failure_observation,delayed_observation_shift,0,0.501893,0.590419,0.49877,0.626696,0.520144,0.506913,0.3928,0.44704
contact_rich_insertion,delayed_failure_observation,delayed_observation_shift,1,0.501893,0.590419,0.49877,0.626696,0.520144,0.506913,0.3928,0.44704
contact_rich_insertion,delayed_failure_observation,delayed_observation_shift,2,0.501893,0.590419,0.49877,0.626696,0.520144,0.506913,0.3928,0.44704
contact_rich_insertion,delayed_failure_observation,delayed_observation_shift,3,0.501893,0.590419,0.49877,0.626696,0.520144,0.506913,0.3928,0.44704
contact_rich_insertion,delayed_failure_observation,delayed_observation_shift,4,0.501893,0.590419,0.49877,0.626696,0.520144,0.506913,0.3928,0.44704
contact_rich_insertion,delayed_failure_observation,delayed_observation_shift,5,0.501893,0.590419,0.49877,0.626696,0.520144,0.506913,0.3928,0.44704
contact_rich_insertion,delayed_failure_observation,delayed_observation_shift,6,0.501893,0.590419,0.49877,0.626696,0.520144,0.506913,0.3928,0.44704
contact_rich_insertion,delayed_failure_observation,delayed_observation_shift,7,0.501893,0.590419,0.49877,0.626696,0.520144,0.506913,0.3928,0.44704
contact_rich_insertion,delayed_failure_observation,delayed_observation_shift,8,0.501893,0.590419,0.49877,0.626696,0.520144,0.506913,0.3928,0.44704
contact_rich_insertion,delayed_failure_observation,delayed_observation_shift,9,0.501893,0.590419,0.49877,0.626696,0.520144,0.506913,0.3928,0.44704
contact_rich_insertion,delayed_failure_observation,false_halt_shift,0,0.505897,0.547658,0.467231,0.517328,0.481632,0.376022,0.5368,0.406611
contact_rich_insertion,delayed_failure_observation,false_halt_shift,1,0.505897,0.547658,0.467231,0.517328,0.481632,0.376022,0.5368,0.406611
contact_rich_insertion,delayed_failure_observation,false_halt_shift,2,0.505897,0.547658,0.467231,0.517328,0.481632,0.376022,0.5368,0.406611
contact_rich_insertion,delayed_failure_observation,false_halt_shift,3,0.505897,0.547658,0.467231,0.517328,0.481632,0.376022,0.5368,0.406611
contact_rich_insertion,delayed_failure_observation,false_halt_shift,4,0.505897,0.547658,0.467231,0.517328,0.481632,0.376022,0.5368,0.406611
contact_rich_insertion,delayed_failure_observation,false_halt_shift,5,0.505897,0.547658,0.467231,0.517328,0.481632,0.376022,0.5368,0.406611
contact_rich_insertion,delayed_failure_observation,false_halt_shift,6,0.505897,0.547658,0.467231,0.517328,0.481632,0.376022,0.5368,0.406611
contact_rich_insertion,delayed_failure_observation,false_halt_shift,7,0.505897,0.547658,0.467231,0.517328,0.481632,0.376022,0.5368,0.406611
contact_rich_insertion,delayed_failure_observation,false_halt_shift,8,0.505897,0.547658,0.467231,0.517328,0.481632,0.376022,0.5368,0.406611
contact_rich_insertion,delayed_failure_observation,false_halt_shift,9,0.505897,0.547658,0.467231,0.517328,0.481632,0.376022,0.5368,0.406611
contact_rich_insertion,delayed_failure_observation,budget_exhaustion_shift,0,0.563364,0.624938,0.5231,0.628928,0.641712,0.439745,0.4256,0.476443
contact_rich_insertion,delayed_failure_observation,budget_exhaustion_shift,1,0.563364,0.624938,0.5231,0.628928,0.641712,0.439745,0.4256,0.476443
contact_rich_insertion,delayed_failure_observation,budget_exhaustion_shift,2,0.563364,0.624938,0.5231,0.628928,0.641712,0.439745,0.4256,0.476443
contact_rich_insertion,delayed_failure_observation,budget_exhaustion_shift,3,0.563364,0.624938,0.5231,0.628928,0.641712,0.439745,0.4256,0.476443
contact_rich_insertion,delayed_failure_observation,budget_exhaustion_shift,4,0.563364,0.624938,0.5231,0.628928,0.641712,0.439745,0.4256,0.476443
contact_rich_insertion,delayed_failure_observation,budget_exhaustion_shift,5,0.563364,0.624938,0.5231,0.628928,0.641712,0.439745,0.4256,0.476443
contact_rich_insertion,delayed_failure_observation,budget_exhaustion_shift,6,0.563364,0.624938,0.5231,0.628928,0.641712,0.439745,0.4256,0.476443
contact_rich_insertion,delayed_failure_observation,budget_exhaustion_shift,7,0.563364,0.624938,0.5231,0.628928,0.641712,0.439745,0.4256,0.476443
contact_rich_insertion,delayed_failure_observation,budget_exhaustion_shift,8,0.563364,0.624938,0.5231,0.628928,0.641712,0.439745,0.4256,0.476443
contact_rich_insertion,delayed_failure_observation,budget_exhaustion_shift,9,0.563364,0.624938,0.5231,0.628928,0.641712,0.439745,0.4256,0.476443
contact_rich_insertion,delayed_failure_observation,cross_level_cascade_shift,0,0.618711,0.686246,0.588431,0.729368,0.594384,0.460412,0.4472,0.54937
contact_rich_insertion,delayed_failure_observation,cross_level_cascade_shift,1,0.618711,0.686246,0.588431,0.729368,0.594384,0.460412,0.4472,0.54937
contact_rich_insertion,delayed_failure_observation,cross_level_cascade_shift,2,0.618711,0.686246,0.588431,0.729368,0.594384,0.460412,0.4472,0.54937
contact_rich_insertion,delayed_failure_observation,cross_level_cascade_shift,3,0.618711,0.686246,0.588431,0.729368,0.594384,0.460412,0.4472,0.54937
contact_rich_insertion,delayed_failure_observation,cross_level_cascade_shift,4,0.618711,0.686246,0.588431,0.729368,0.594384,0.460412,0.4472,0.54937
contact_rich_insertion,delayed_failure_observation,cross_level_cascade_shift,5,0.618711,0.686246,0.588431,0.729368,0.594384,0.460412,0.4472,0.54937
contact_rich_insertion,delayed_failure_observation,cross_level_cascade_shift,6,0.618711,0.686246,0.588431,0.729368,0.594384,0.460412,0.4472,0.54937
contact_rich_insertion,delayed_failure_observation,cross_level_cascade_shift,7,0.618711,0.686246,0.588431,0.729368,0.594384,0.460412,0.4472,0.54937
contact_rich_insertion,delayed_failure_observation,cross_level_cascade_shift,8,0.618711,0.686246,0.588431,0.729368,0.594384,0.460412,0.4472,0.54937
contact_rich_insertion,delayed_failure_observation,cross_level_cascade_shift,9,0.618711,0.686246,0.588431,0.729368,0.594384,0.460412,0.4472,0.54937
contact_rich_insertion,delayed_failure_observation,combined_extreme,0,0.658043,0.724371,0.62763,0.75392,0.652848,0.513802,0.52,0.566392
contact_rich_insertion,delayed_failure_observation,combined_extreme,1,0.658043,0.724371,0.62763,0.75392,0.652848,0.513802,0.52,0.566392
contact_rich_insertion,delayed_failure_observation,combined_extreme,2,0.658043,0.724371,0.62763,0.75392,0.652848,0.513802,0.52,0.566392
contact_rich_insertion,delayed_failure_observation,combined_extreme,3,0.658043,0.724371,0.62763,0.75392,0.652848,0.513802,0.52,0.566392
contact_rich_insertion,delayed_failure_observation,combined_extreme,4,0.658043,0.724371,0.62763,0.75392,0.652848,0.513802,0.52,0.566392
contact_rich_insertion,delayed_failure_observation,combined_extreme,5,0.658043,0.724371,0.62763,0.75392,0.652848,0.513802,0.52,0.566392
contact_rich_insertion,delayed_failure_observation,combined_extreme,6,0.658043,0.724371,0.62763,0.75392,0.652848,0.513802,0.52,0.566392
contact_rich_insertion,delayed_failure_observation,combined_extreme,7,0.658043,0.724371,0.62763,0.75392,0.652848,0.513802,0.52,0.566392
contact_rich_insertion,delayed_failure_observation,combined_extreme,8,0.658043,0.724371,0.62763,0.75392,0.652848,0.513802,0.52,0.566392
contact_rich_insertion,delayed_failure_observation,combined_extreme,9,0.658043,0.724371,0.62763,0.75392,0.652848,0.513802,0.52,0.566392
contact_rich_insertion,recovery_budget_exhaustion,nominal,0,0.37511,0.346833,0.298848,0.41398,0.51324,0.16926,0.28296,0.302702
contact_rich_insertion,recovery_budget_exhaustion,nominal,1,0.37511,0.346833,0.298848,0.41398,0.51324,0.16926,0.28296,0.302702
contact_rich_insertion,recovery_budget_exhaustion,nominal,2,0.37511,0.346833,0.298848,0.41398,0.51324,0.16926,0.28296,0.302702
contact_rich_insertion,recovery_budget_exhaustion,nominal,3,0.37511,0.346833,0.298848,0.41398,0.51324,0.16926,0.28296,0.302702
contact_rich_insertion,recovery_budget_exhaustion,nominal,4,0.37511,0.346833,0.298848,0.41398,0.51324,0.16926,0.28296,0.302702
contact_rich_insertion,recovery_budget_exhaustion,nominal,5,0.37511,0.346833,0.298848,0.41398,0.51324,0.16926,0.28296,0.302702
contact_rich_insertion,recovery_budget_exhaustion,nominal,6,0.37511,0.346833,0.298848,0.41398,0.51324,0.16926,0.28296,0.302702
contact_rich_insertion,recovery_budget_exhaustion,nominal,7,0.37511,0.346833,0.298848,0.41398,0.51324,0.16926,0.28296,0.302702
contact_rich_insertion,recovery_budget_exhaustion,nominal,8,0.37511,0.346833,0.298848,0.41398,0.51324,0.16926,0.28296,0.302702
contact_rich_insertion,recovery_budget_exhaustion,nominal,9,0.37511,0.346833,0.298848,0.41398,0.51324,0.16926,0.28296,0.302702
contact_rich_insertion,recovery_budget_exhaustion,local_anomaly_shift,0,0.645619,0.437184,0.363686,0.4984,0.697104,0.213945,0.355104,0.384247
contact_rich_insertion,recovery_budget_exhaustion,local_anomaly_shift,1,0.645619,0.437184,0.363686,0.4984,0.697104,0.213945,0.355104,0.384247
contact_rich_insertion,recovery_budget_exhaustion,local_anomaly_shift,2,0.645619,0.437184,0.363686,0.4984,0.697104,0.213945,0.355104,0.384247
contact_rich_insertion,recovery_budget_exhaustion,local_anomaly_shift,3,0.645619,0.437184,0.363686,0.4984,0.697104,0.213945,0.355104,0.384247
contact_rich_insertion,recovery_budget_exhaustion,local_anomaly_shift,4,0.645619,0.437184,0.363686,0.4984,0.697104,0.213945,0.355104,0.384247
contact_rich_insertion,recovery_budget_exhaustion,local_anomaly_shift,5,0.645619,0.437184,0.363686,0.4984,0.697104,0.213945,0.355104,0.384247
contact_rich_insertion,recovery_budget_exhaustion,local_anomaly_shift,6,0.645619,0.437184,0.363686,0.4984,0.697104,0.213945,0.355104,0.384247
contact_rich_insertion,recovery_budget_exhaustion,local_anomaly_shift,7,0.645619,0.437184,0.363686,0.4984,0.697104,0.213945,0.355104,0.384247
contact_rich_insertion,recovery_budget_exhaustion,local_anomaly_shift,8,0.645619,0.437184,0.363686,0.4984,0.697104,0.213945,0.355104,0.384247
contact_rich_insertion,recovery_budget_exhaustion,local_anomaly_shift,9,0.645619,0.437184,0.363686,0.4984,0.697104,0.213945,0.355104,0.384247
contact_rich_insertion,recovery_budget_exhaustion,subgoal_corruption_shift,0,0.491972,0.64266,0.432538,0.58156,0.761024,0.239479,0.38016,0.437992
contact_rich_insertion,recovery_budget_exhaustion,subgoal_corruption_shift,1,0.491972,0.64266,0.432538,0.58156,0.761024,0.239479,0.38016,0.437992
contact_rich_insertion,recovery_budget_exhaustion,subgoal_corruption_shift,2,0.491972,0.64266,0.432538,0.58156,0.761024,0.239479,0.38016,0.437992
contact_rich_insertion,recovery_budget_exhaustion,subgoal_corruption_shift,3,0.491972,0.64266,0.432538,0.58156,0.761024,0.239479,0.38016,0.437992
contact_rich_insertion,recovery_budget_exhaustion,subgoal_corruption_shift,4,0.491972,0.64266,0.432538,0.58156,0.761024,0.239479,0.38016,0.437992
contact_rich_insertion,recovery_budget_exhaustion,subgoal_corruption_shift,5,0.491972,0.64266,0.432538,0.58156,0.761024,0.239479,0.38016,0.437992
contact_rich_insertion,recovery_budget_exhaustion,subgoal_corruption_shift,6,0.491972,0.64266,0.432538,0.58156,0.761024,0.239479,0.38016,0.437992
contact_rich_insertion,recovery_budget_exhaustion,subgoal_corruption_shift,7,0.491972,0.64266,0.432538,0.58156,0.761024,0.239479,0.38016,0.437992
contact_rich_insertion,recovery_budget_exhaustion,subgoal_corruption_shift,8,0.491972,0.64266,0.432538,0.58156,0.761024,0.239479,0.38016,0.437992
contact_rich_insertion,recovery_budget_exhaustion,subgoal_corruption_shift,9,0.491972,0.64266,0.432538,0.58156,0.761024,0.239479,0.38016,0.437992
contact_rich_insertion,recovery_budget_exhaustion,delayed_observation_shift,0,0.533261,0.556681,0.467597,0.70756,0.842992,0.341615,0.424224,0.475881
contact_rich_insertion,recovery_budget_exhaustion,delayed_observation_shift,1,0.533261,0.556681,0.467597,0.70756,0.842992,0.341615,0.424224,0.475881
contact_rich_insertion,recovery_budget_exhaustion,delayed_observation_shift,2,0.533261,0.556681,0.467597,0.70756,0.842992,0.341615,0.424224,0.475881
contact_rich_insertion,recovery_budget_exhaustion,delayed_observation_shift,3,0.533261,0.556681,0.467597,0.70756,0.842992,0.341615,0.424224,0.475881
contact_rich_insertion,recovery_budget_exhaustion,delayed_observation_shift,4,0.533261,0.556681,0.467597,0.70756,0.842992,0.341615,0.424224,0.475881
contact_rich_insertion,recovery_budget_exhaustion,delayed_observation_shift,5,0.533261,0.556681,0.467597,0.70756,0.842992,0.341615,0.424224,0.475881
contact_rich_insertion,recovery_budget_exhaustion,delayed_observation_shift,6,0.533261,0.556681,0.467597,0.70756,0.842992,0.341615,0.424224,0.475881
contact_rich_insertion,recovery_budget_exhaustion,delayed_observation_shift,7,0.533261,0.556681,0.467597,0.70756,0.842992,0.341615,0.424224,0.475881
contact_rich_insertion,recovery_budget_exhaustion,delayed_observation_shift,8,0.533261,0.556681,0.467597,0.70756,0.842992,0.341615,0.424224,0.475881
contact_rich_insertion,recovery_budget_exhaustion,delayed_observation_shift,9,0.533261,0.556681,0.467597,0.70756,0.842992,0.341615,0.424224,0.475881
contact_rich_insertion,recovery_budget_exhaustion,false_halt_shift,0,0.537516,0.516363,0.438029,0.58408,0.780576,0.253406,0.579744,0.432844
contact_rich_insertion,recovery_budget_exhaustion,false_halt_shift,1,0.537516,0.516363,0.438029,0.58408,0.780576,0.253406,0.579744,0.432844
contact_rich_insertion,recovery_budget_exhaustion,false_halt_shift,2,0.537516,0.516363,0.438029,0.58408,0.780576,0.253406,0.579744,0.432844
contact_rich_insertion,recovery_budget_exhaustion,false_halt_shift,3,0.537516,0.516363,0.438029,0.58408,0.780576,0.253406,0.579744,0.432844
contact_rich_insertion,recovery_budget_exhaustion,false_halt_shift,4,0.537516,0.516363,0.438029,0.58408,0.780576,0.253406,0.579744,0.432844
contact_rich_insertion,recovery_budget_exhaustion,false_halt_shift,5,0.537516,0.516363,0.438029,0.58408,0.780576,0.253406,0.579744,0.432844
contact_rich_insertion,recovery_budget_exhaustion,false_halt_shift,6,0.537516,0.516363,0.438029,0.58408,0.780576,0.253406,0.579744,0.432844
contact_rich_insertion,recovery_budget_exhaustion,false_halt_shift,7,0.537516,0.516363,0.438029,0.58408,0.780576,0.253406,0.579744,0.432844
contact_rich_insertion,recovery_budget_exhaustion,false_halt_shift,8,0.537516,0.516363,0.438029,0.58408,0.780576,0.253406,0.579744,0.432844
contact_rich_insertion,recovery_budget_exhaustion,false_halt_shift,9,0.537516,0.516363,0.438029,0.58408,0.780576,0.253406,0.579744,0.432844
contact_rich_insertion,recovery_budget_exhaustion,budget_exhaustion_shift,0,0.598574,0.589227,0.490406,0.71008,1.0,0.29635,0.459648,0.507181
contact_rich_insertion,recovery_budget_exhaustion,budget_exhaustion_shift,1,0.598574,0.589227,0.490406,0.71008,1.0,0.29635,0.459648,0.507181
contact_rich_insertion,recovery_budget_exhaustion,budget_exhaustion_shift,2,0.598574,0.589227,0.490406,0.71008,1.0,0.29635,0.459648,0.507181
contact_rich_insertion,recovery_budget_exhaustion,budget_exhaustion_shift,3,0.598574,0.589227,0.490406,0.71008,1.0,0.29635,0.459648,0.507181
contact_rich_insertion,recovery_budget_exhaustion,budget_exhaustion_shift,4,0.598574,0.589227,0.490406,0.71008,1.0,0.29635,0.459648,0.507181
contact_rich_insertion,recovery_budget_exhaustion,budget_exhaustion_shift,5,0.598574,0.589227,0.490406,0.71008,1.0,0.29635,0.459648,0.507181
contact_rich_insertion,recovery_budget_exhaustion,budget_exhaustion_shift,6,0.598574,0.589227,0.490406,0.71008,1.0,0.29635,0.459648,0.507181
contact_rich_insertion,recovery_budget_exhaustion,budget_exhaustion_shift,7,0.598574,0.589227,0.490406,0.71008,1.0,0.29635,0.459648,0.507181
contact_rich_insertion,recovery_budget_exhaustion,budget_exhaustion_shift,8,0.598574,0.589227,0.490406,0.71008,1.0,0.29635,0.459648,0.507181
contact_rich_insertion,recovery_budget_exhaustion,budget_exhaustion_shift,9,0.598574,0.589227,0.490406,0.71008,1.0,0.29635,0.459648,0.507181
contact_rich_insertion,recovery_budget_exhaustion,cross_level_cascade_shift,0,0.65738,0.647032,0.551654,0.82348,0.963312,0.310278,0.482976,0.584813
contact_rich_insertion,recovery_budget_exhaustion,cross_level_cascade_shift,1,0.65738,0.647032,0.551654,0.82348,0.963312,0.310278,0.482976,0.584813
contact_rich_insertion,recovery_budget_exhaustion,cross_level_cascade_shift,2,0.65738,0.647032,0.551654,0.82348,0.963312,0.310278,0.482976,0.584813
contact_rich_insertion,recovery_budget_exhaustion,cross_level_cascade_shift,3,0.65738,0.647032,0.551654,0.82348,0.963312,0.310278,0.482976,0.584813
contact_rich_insertion,recovery_budget_exhaustion,cross_level_cascade_shift,4,0.65738,0.647032,0.551654,0.82348,0.963312,0.310278,0.482976,0.584813
contact_rich_insertion,recovery_budget_exhaustion,cross_level_cascade_shift,5,0.65738,0.647032,0.551654,0.82348,0.963312,0.310278,0.482976,0.584813
contact_rich_insertion,recovery_budget_exhaustion,cross_level_cascade_shift,6,0.65738,0.647032,0.551654,0.82348,0.963312,0.310278,0.482976,0.584813
contact_rich_insertion,recovery_budget_exhaustion,cross_level_cascade_shift,7,0.65738,0.647032,0.551654,0.82348,0.963312,0.310278,0.482976,0.584813
contact_rich_insertion,recovery_budget_exhaustion,cross_level_cascade_shift,8,0.65738,0.647032,0.551654,0.82348,0.963312,0.310278,0.482976,0.584813
contact_rich_insertion,recovery_budget_exhaustion,cross_level_cascade_shift,9,0.65738,0.647032,0.551654,0.82348,0.963312,0.310278,0.482976,0.584813
contact_rich_insertion,recovery_budget_exhaustion,combined_extreme,0,0.699171,0.682979,0.588403,0.8512,1.0,0.346258,0.5616,0.602934
contact_rich_insertion,recovery_budget_exhaustion,combined_extreme,1,0.699171,0.682979,0.588403,0.8512,1.0,0.346258,0.5616,0.602934
contact_rich_insertion,recovery_budget_exhaustion,combined_extreme,2,0.699171,0.682979,0.588403,0.8512,1.0,0.346258,0.5616,0.602934
contact_rich_insertion,recovery_budget_exhaustion,combined_extreme,3,0.699171,0.682979,0.588403,0.8512,1.0,0.346258,0.5616,0.602934
contact_rich_insertion,recovery_budget_exhaustion,combined_extreme,4,0.699171,0.682979,0.588403,0.8512,1.0,0.346258,0.5616,0.602934
contact_rich_insertion,recovery_budget_exhaustion,combined_extreme,5,0.699171,0.682979,0.588403,0.8512,1.0,0.346258,0.5616,0.602934
contact_rich_insertion,recovery_budget_exhaustion,combined_extreme,6,0.699171,0.682979,0.588403,0.8512,1.0,0.346258,0.5616,0.602934
contact_rich_insertion,recovery_budget_exhaustion,combined_extreme,7,0.699171,0.682979,0.588403,0.8512,1.0,0.346258,0.5616,0.602934
contact_rich_insertion,recovery_budget_exhaustion,combined_extreme,8,0.699171,0.682979,0.588403,0.8512,1.0,0.346258,0.5616,0.602934
contact_rich_insertion,recovery_budget_exhaustion,combined_extreme,9,0.699171,0.682979,0.588403,0.8512,1.0,0.346258,0.5616,0.602934
contact_rich_insertion,compositional_failure_chain,nominal,0,0.485436,0.451933,0.408426,0.567744,0.46956,0.21294,0.33536,0.385258
contact_rich_insertion,compositional_failure_chain,nominal,1,0.485436,0.451933,0.408426,0.567744,0.46956,0.21294,0.33536,0.385258
contact_rich_insertion,compositional_failure_chain,nominal,2,0.485436,0.451933,0.408426,0.567744,0.46956,0.21294,0.33536,0.385258
contact_rich_insertion,compositional_failure_chain,nominal,3,0.485436,0.451933,0.408426,0.567744,0.46956,0.21294,0.33536,0.385258
contact_rich_insertion,compositional_failure_chain,nominal,4,0.485436,0.451933,0.408426,0.567744,0.46956,0.21294,0.33536,0.385258
contact_rich_insertion,compositional_failure_chain,nominal,5,0.485436,0.451933,0.408426,0.567744,0.46956,0.21294,0.33536,0.385258
contact_rich_insertion,compositional_failure_chain,nominal,6,0.485436,0.451933,0.408426,0.567744,0.46956,0.21294,0.33536,0.385258
contact_rich_insertion,compositional_failure_chain,nominal,7,0.485436,0.451933,0.408426,0.567744,0.46956,0.21294,0.33536,0.385258
contact_rich_insertion,compositional_failure_chain,nominal,8,0.485436,0.451933,0.408426,0.567744,0.46956,0.21294,0.33536,0.385258
contact_rich_insertion,compositional_failure_chain,nominal,9,0.485436,0.451933,0.408426,0.567744,0.46956,0.21294,0.33536,0.385258
contact_rich_insertion,compositional_failure_chain,local_anomaly_shift,0,0.835507,0.569664,0.497038,0.68352,0.637776,0.269156,0.420864,0.489041
contact_rich_insertion,compositional_failure_chain,local_anomaly_shift,1,0.835507,0.569664,0.497038,0.68352,0.637776,0.269156,0.420864,0.489041
contact_rich_insertion,compositional_failure_chain,local_anomaly_shift,2,0.835507,0.569664,0.497038,0.68352,0.637776,0.269156,0.420864,0.489041
contact_rich_insertion,compositional_failure_chain,local_anomaly_shift,3,0.835507,0.569664,0.497038,0.68352,0.637776,0.269156,0.420864,0.489041
contact_rich_insertion,compositional_failure_chain,local_anomaly_shift,4,0.835507,0.569664,0.497038,0.68352,0.637776,0.269156,0.420864,0.489041
contact_rich_insertion,compositional_failure_chain,local_anomaly_shift,5,0.835507,0.569664,0.497038,0.68352,0.637776,0.269156,0.420864,0.489041
contact_rich_insertion,compositional_failure_chain,local_anomaly_shift,6,0.835507,0.569664,0.497038,0.68352,0.637776,0.269156,0.420864,0.489041
contact_rich_insertion,compositional_failure_chain,local_anomaly_shift,7,0.835507,0.569664,0.497038,0.68352,0.637776,0.269156,0.420864,0.489041
contact_rich_insertion,compositional_failure_chain,local_anomaly_shift,8,0.835507,0.569664,0.497038,0.68352,0.637776,0.269156,0.420864,0.489041
contact_rich_insertion,compositional_failure_chain,local_anomaly_shift,9,0.835507,0.569664,0.497038,0.68352,0.637776,0.269156,0.420864,0.489041
contact_rich_insertion,compositional_failure_chain,subgoal_corruption_shift,0,0.636669,0.837406,0.591135,0.797568,0.696256,0.30128,0.45056,0.557444
contact_rich_insertion,compositional_failure_chain,subgoal_corruption_shift,1,0.636669,0.837406,0.591135,0.797568,0.696256,0.30128,0.45056,0.557444
contact_rich_insertion,compositional_failure_chain,subgoal_corruption_shift,2,0.636669,0.837406,0.591135,0.797568,0.696256,0.30128,0.45056,0.557444
contact_rich_insertion,compositional_failure_chain,subgoal_corruption_shift,3,0.636669,0.837406,0.591135,0.797568,0.696256,0.30128,0.45056,0.557444
contact_rich_insertion,compositional_failure_chain,subgoal_corruption_shift,4,0.636669,0.837406,0.591135,0.797568,0.696256,0.30128,0.45056,0.557444
contact_rich_insertion,compositional_failure_chain,subgoal_corruption_shift,5,0.636669,0.837406,0.591135,0.797568,0.696256,0.30128,0.45056,0.557444
contact_rich_insertion,compositional_failure_chain,subgoal_corruption_shift,6,0.636669,0.837406,0.591135,0.797568,0.696256,0.30128,0.45056,0.557444
contact_rich_insertion,compositional_failure_chain,subgoal_corruption_shift,7,0.636669,0.837406,0.591135,0.797568,0.696256,0.30128,0.45056,0.557444
contact_rich_insertion,compositional_failure_chain,subgoal_corruption_shift,8,0.636669,0.837406,0.591135,0.797568,0.696256,0.30128,0.45056,0.557444
contact_rich_insertion,compositional_failure_chain,subgoal_corruption_shift,9,0.636669,0.837406,0.591135,0.797568,0.696256,0.30128,0.45056,0.557444
contact_rich_insertion,compositional_failure_chain,delayed_observation_shift,0,0.690103,0.725372,0.639049,0.970368,0.771248,0.429774,0.502784,0.605667
contact_rich_insertion,compositional_failure_chain,delayed_observation_shift,1,0.690103,0.725372,0.639049,0.970368,0.771248,0.429774,0.502784,0.605667
contact_rich_insertion,compositional_failure_chain,delayed_observation_shift,2,0.690103,0.725372,0.639049,0.970368,0.771248,0.429774,0.502784,0.605667
contact_rich_insertion,compositional_failure_chain,delayed_observation_shift,3,0.690103,0.725372,0.639049,0.970368,0.771248,0.429774,0.502784,0.605667
contact_rich_insertion,compositional_failure_chain,delayed_observation_shift,4,0.690103,0.725372,0.639049,0.970368,0.771248,0.429774,0.502784,0.605667
contact_rich_insertion,compositional_failure_chain,delayed_observation_shift,5,0.690103,0.725372,0.639049,0.970368,0.771248,0.429774,0.502784,0.605667
contact_rich_insertion,compositional_failure_chain,delayed_observation_shift,6,0.690103,0.725372,0.639049,0.970368,0.771248,0.429774,0.502784,0.605667
contact_rich_insertion,compositional_failure_chain,delayed_observation_shift,7,0.690103,0.725372,0.639049,0.970368,0.771248,0.429774,0.502784,0.605667
contact_rich_insertion,compositional_failure_chain,delayed_observation_shift,8,0.690103,0.725372,0.639049,0.970368,0.771248,0.429774,0.502784,0.605667
contact_rich_insertion,compositional_failure_chain,delayed_observation_shift,9,0.690103,0.725372,0.639049,0.970368,0.771248,0.429774,0.502784,0.605667
contact_rich_insertion,compositional_failure_chain,false_halt_shift,0,0.695608,0.672836,0.598639,0.801024,0.714144,0.318802,0.687104,0.550892
contact_rich_insertion,compositional_failure_chain,false_halt_shift,1,0.695608,0.672836,0.598639,0.801024,0.714144,0.318802,0.687104,0.550892
contact_rich_insertion,compositional_failure_chain,false_halt_shift,2,0.695608,0.672836,0.598639,0.801024,0.714144,0.318802,0.687104,0.550892
contact_rich_insertion,compositional_failure_chain,false_halt_shift,3,0.695608,0.672836,0.598639,0.801024,0.714144,0.318802,0.687104,0.550892
contact_rich_insertion,compositional_failure_chain,false_halt_shift,4,0.695608,0.672836,0.598639,0.801024,0.714144,0.318802,0.687104,0.550892
contact_rich_insertion,compositional_failure_chain,false_halt_shift,5,0.695608,0.672836,0.598639,0.801024,0.714144,0.318802,0.687104,0.550892
contact_rich_insertion,compositional_failure_chain,false_halt_shift,6,0.695608,0.672836,0.598639,0.801024,0.714144,0.318802,0.687104,0.550892
contact_rich_insertion,compositional_failure_chain,false_halt_shift,7,0.695608,0.672836,0.598639,0.801024,0.714144,0.318802,0.687104,0.550892
contact_rich_insertion,compositional_failure_chain,false_halt_shift,8,0.695608,0.672836,0.598639,0.801024,0.714144,0.318802,0.687104,0.550892
contact_rich_insertion,compositional_failure_chain,false_halt_shift,9,0.695608,0.672836,0.598639,0.801024,0.714144,0.318802,0.687104,0.550892
contact_rich_insertion,compositional_failure_chain,budget_exhaustion_shift,0,0.774625,0.76778,0.670222,0.973824,0.951504,0.372828,0.544768,0.645503
contact_rich_insertion,compositional_failure_chain,budget_exhaustion_shift,1,0.774625,0.76778,0.670222,0.973824,0.951504,0.372828,0.544768,0.645503
contact_rich_insertion,compositional_failure_chain,budget_exhaustion_shift,2,0.774625,0.76778,0.670222,0.973824,0.951504,0.372828,0.544768,0.645503
contact_rich_insertion,compositional_failure_chain,budget_exhaustion_shift,3,0.774625,0.76778,0.670222,0.973824,0.951504,0.372828,0.544768,0.645503
contact_rich_insertion,compositional_failure_chain,budget_exhaustion_shift,4,0.774625,0.76778,0.670222,0.973824,0.951504,0.372828,0.544768,0.645503
contact_rich_insertion,compositional_failure_chain,budget_exhaustion_shift,5,0.774625,0.76778,0.670222,0.973824,0.951504,0.372828,0.544768,0.645503
contact_rich_insertion,compositional_failure_chain,budget_exhaustion_shift,6,0.774625,0.76778,0.670222,0.973824,0.951504,0.372828,0.544768,0.645503
contact_rich_insertion,compositional_failure_chain,budget_exhaustion_shift,7,0.774625,0.76778,0.670222,0.973824,0.951504,0.372828,0.544768,0.645503
contact_rich_insertion,compositional_failure_chain,budget_exhaustion_shift,8,0.774625,0.76778,0.670222,0.973824,0.951504,0.372828,0.544768,0.645503
contact_rich_insertion,compositional_failure_chain,budget_exhaustion_shift,9,0.774625,0.76778,0.670222,0.973824,0.951504,0.372828,0.544768,0.645503
contact_rich_insertion,compositional_failure_chain,cross_level_cascade_shift,0,0.850728,0.843103,0.753928,1.0,0.881328,0.390349,0.572416,0.744307
contact_rich_insertion,compositional_failure_chain,cross_level_cascade_shift,1,0.850728,0.843103,0.753928,1.0,0.881328,0.390349,0.572416,0.744307
contact_rich_insertion,compositional_failure_chain,cross_level_cascade_shift,2,0.850728,0.843103,0.753928,1.0,0.881328,0.390349,0.572416,0.744307
contact_rich_insertion,compositional_failure_chain,cross_level_cascade_shift,3,0.850728,0.843103,0.753928,1.0,0.881328,0.390349,0.572416,0.744307
contact_rich_insertion,compositional_failure_chain,cross_level_cascade_shift,4,0.850728,0.843103,0.753928,1.0,0.881328,0.390349,0.572416,0.744307
contact_rich_insertion,compositional_failure_chain,cross_level_cascade_shift,5,0.850728,0.843103,0.753928,1.0,0.881328,0.390349,0.572416,0.744307
contact_rich_insertion,compositional_failure_chain,cross_level_cascade_shift,6,0.850728,0.843103,0.753928,1.0,0.881328,0.390349,0.572416,0.744307
contact_rich_insertion,compositional_failure_chain,cross_level_cascade_shift,7,0.850728,0.843103,0.753928,1.0,0.881328,0.390349,0.572416,0.744307
contact_rich_insertion,compositional_failure_chain,cross_level_cascade_shift,8,0.850728,0.843103,0.753928,1.0,0.881328,0.390349,0.572416,0.744307
contact_rich_insertion,compositional_failure_chain,cross_level_cascade_shift,9,0.850728,0.843103,0.753928,1.0,0.881328,0.390349,0.572416,0.744307
contact_rich_insertion,compositional_failure_chain,combined_extreme,0,0.904809,0.889942,0.804151,1.0,0.968016,0.435614,0.6656,0.76737
contact_rich_insertion,compositional_failure_chain,combined_extreme,1,0.904809,0.889942,0.804151,1.0,0.968016,0.435614,0.6656,0.76737
contact_rich_insertion,compositional_failure_chain,combined_extreme,2,0.904809,0.889942,0.804151,1.0,0.968016,0.435614,0.6656,0.76737
contact_rich_insertion,compositional_failure_chain,combined_extreme,3,0.904809,0.889942,0.804151,1.0,0.968016,0.435614,0.6656,0.76737
contact_rich_insertion,compositional_failure_chain,combined_extreme,4,0.904809,0.889942,0.804151,1.0,0.968016,0.435614,0.6656,0.76737
contact_rich_insertion,compositional_failure_chain,combined_extreme,5,0.904809,0.889942,0.804151,1.0,0.968016,0.435614,0.6656,0.76737
contact_rich_insertion,compositional_failure_chain,combined_extreme,6,0.904809,0.889942,0.804151,1.0,0.968016,0.435614,0.6656,0.76737
contact_rich_insertion,compositional_failure_chain,combined_extreme,7,0.904809,0.889942,0.804151,1.0,0.968016,0.435614,0.6656,0.76737
contact_rich_insertion,compositional_failure_chain,combined_extreme,8,0.904809,0.889942,0.804151,1.0,0.968016,0.435614,0.6656,0.76737
contact_rich_insertion,compositional_failure_chain,combined_extreme,9,0.904809,0.889942,0.804151,1.0,0.968016,0.435614,0.6656,0.76737
deformable_sorting,low_level_skill_anomaly,nominal,0,0.452338,0.12178,0.075391,0.141936,0.18564,0.05796,0.11528,0.178517
deformable_sorting,low_level_skill_anomaly,nominal,1,0.452338,0.12178,0.075391,0.141936,0.18564,0.05796,0.11528,0.178517
deformable_sorting,low_level_skill_anomaly,nominal,2,0.452338,0.12178,0.075391,0.141936,0.18564,0.05796,0.11528,0.178517
deformable_sorting,low_level_skill_anomaly,nominal,3,0.452338,0.12178,0.075391,0.141936,0.18564,0.05796,0.11528,0.178517
deformable_sorting,low_level_skill_anomaly,nominal,4,0.452338,0.12178,0.075391,0.141936,0.18564,0.05796,0.11528,0.178517
deformable_sorting,low_level_skill_anomaly,nominal,5,0.452338,0.12178,0.075391,0.141936,0.18564,0.05796,0.11528,0.178517
deformable_sorting,low_level_skill_anomaly,nominal,6,0.452338,0.12178,0.075391,0.141936,0.18564,0.05796,0.11528,0.178517
deformable_sorting,low_level_skill_anomaly,nominal,7,0.452338,0.12178,0.075391,0.141936,0.18564,0.05796,0.11528,0.178517
deformable_sorting,low_level_skill_anomaly,nominal,8,0.452338,0.12178,0.075391,0.141936,0.18564,0.05796,0.11528,0.178517
deformable_sorting,low_level_skill_anomaly,nominal,9,0.452338,0.12178,0.075391,0.141936,0.18564,0.05796,0.11528,0.178517
deformable_sorting,low_level_skill_anomaly,local_anomaly_shift,0,0.778541,0.153504,0.091748,0.17088,0.252144,0.073261,0.144672,0.226607
deformable_sorting,low_level_skill_anomaly,local_anomaly_shift,1,0.778541,0.153504,0.091748,0.17088,0.252144,0.073261,0.144672,0.226607
deformable_sorting,low_level_skill_anomaly,local_anomaly_shift,2,0.778541,0.153504,0.091748,0.17088,0.252144,0.073261,0.144672,0.226607
deformable_sorting,low_level_skill_anomaly,local_anomaly_shift,3,0.778541,0.153504,0.091748,0.17088,0.252144,0.073261,0.144672,0.226607
deformable_sorting,low_level_skill_anomaly,local_anomaly_shift,4,0.778541,0.153504,0.091748,0.17088,0.252144,0.073261,0.144672,0.226607
deformable_sorting,low_level_skill_anomaly,local_anomaly_shift,5,0.778541,0.153504,0.091748,0.17088,0.252144,0.073261,0.144672,0.226607
deformable_sorting,low_level_skill_anomaly,local_anomaly_shift,6,0.778541,0.153504,0.091748,0.17088,0.252144,0.073261,0.144672,0.226607
deformable_sorting,low_level_skill_anomaly,local_anomaly_shift,7,0.778541,0.153504,0.091748,0.17088,0.252144,0.073261,0.144672,0.226607
deformable_sorting,low_level_skill_anomaly,local_anomaly_shift,8,0.778541,0.153504,0.091748,0.17088,0.252144,0.073261,0.144672,0.226607
deformable_sorting,low_level_skill_anomaly,local_anomaly_shift,9,0.778541,0.153504,0.091748,0.17088,0.252144,0.073261,0.144672,0.226607
deformable_sorting,low_level_skill_anomaly,subgoal_corruption_shift,0,0.59326,0.225651,0.109117,0.199392,0.275264,0.082005,0.15488,0.258303
deformable_sorting,low_level_skill_anomaly,subgoal_corruption_shift,1,0.59326,0.225651,0.109117,0.199392,0.275264,0.082005,0.15488,0.258303
deformable_sorting,low_level_skill_anomaly,subgoal_corruption_shift,2,0.59326,0.225651,0.109117,0.199392,0.275264,0.082005,0.15488,0.258303
deformable_sorting,low_level_skill_anomaly,subgoal_corruption_shift,3,0.59326,0.225651,0.109117,0.199392,0.275264,0.082005,0.15488,0.258303
deformable_sorting,low_level_skill_anomaly,subgoal_corruption_shift,4,0.59326,0.225651,0.109117,0.199392,0.275264,0.082005,0.15488,0.258303
deformable_sorting,low_level_skill_anomaly,subgoal_corruption_shift,5,0.59326,0.225651,0.109117,0.199392,0.275264,0.082005,0.15488,0.258303
deformable_sorting,low_level_skill_anomaly,subgoal_corruption_shift,6,0.59326,0.225651,0.109117,0.199392,0.275264,0.082005,0.15488,0.258303
deformable_sorting,low_level_skill_anomaly,subgoal_corruption_shift,7,0.59326,0.225651,0.109117,0.199392,0.275264,0.082005,0.15488,0.258303
deformable_sorting,low_level_skill_anomaly,subgoal_corruption_shift,8,0.59326,0.225651,0.109117,0.199392,0.275264,0.082005,0.15488,0.258303
deformable_sorting,low_level_skill_anomaly,subgoal_corruption_shift,9,0.59326,0.225651,0.109117,0.199392,0.275264,0.082005,0.15488,0.258303
deformable_sorting,low_level_skill_anomaly,delayed_observation_shift,0,0.643051,0.195462,0.117962,0.242592,0.304912,0.11698,0.172832,0.280648
deformable_sorting,low_level_skill_anomaly,delayed_observation_shift,1,0.643051,0.195462,0.117962,0.242592,0.304912,0.11698,0.172832,0.280648
deformable_sorting,low_level_skill_anomaly,delayed_observation_shift,2,0.643051,0.195462,0.117962,0.242592,0.304912,0.11698,0.172832,0.280648
deformable_sorting,low_level_skill_anomaly,delayed_observation_shift,3,0.643051,0.195462,0.117962,0.242592,0.304912,0.11698,0.172832,0.280648
deformable_sorting,low_level_skill_anomaly,delayed_observation_shift,4,0.643051,0.195462,0.117962,0.242592,0.304912,0.11698,0.172832,0.280648
deformable_sorting,low_level_skill_anomaly,delayed_observation_shift,5,0.643051,0.195462,0.117962,0.242592,0.304912,0.11698,0.172832,0.280648
deformable_sorting,low_level_skill_anomaly,delayed_observation_shift,6,0.643051,0.195462,0.117962,0.242592,0.304912,0.11698,0.172832,0.280648
deformable_sorting,low_level_skill_anomaly,delayed_observation_shift,7,0.643051,0.195462,0.117962,0.242592,0.304912,0.11698,0.172832,0.280648
deformable_sorting,low_level_skill_anomaly,delayed_observation_shift,8,0.643051,0.195462,0.117962,0.242592,0.304912,0.11698,0.172832,0.280648
deformable_sorting,low_level_skill_anomaly,delayed_observation_shift,9,0.643051,0.195462,0.117962,0.242592,0.304912,0.11698,0.172832,0.280648
deformable_sorting,low_level_skill_anomaly,false_halt_shift,0,0.64818,0.181305,0.110503,0.200256,0.282336,0.086774,0.236192,0.255267
deformable_sorting,low_level_skill_anomaly,false_halt_shift,1,0.64818,0.181305,0.110503,0.200256,0.282336,0.086774,0.236192,0.255267
deformable_sorting,low_level_skill_anomaly,false_halt_shift,2,0.64818,0.181305,0.110503,0.200256,0.282336,0.086774,0.236192,0.255267
deformable_sorting,low_level_skill_anomaly,false_halt_shift,3,0.64818,0.181305,0.110503,0.200256,0.282336,0.086774,0.236192,0.255267
deformable_sorting,low_level_skill_anomaly,false_halt_shift,4,0.64818,0.181305,0.110503,0.200256,0.282336,0.086774,0.236192,0.255267
deformable_sorting,low_level_skill_anomaly,false_halt_shift,5,0.64818,0.181305,0.110503,0.200256,0.282336,0.086774,0.236192,0.255267
deformable_sorting,low_level_skill_anomaly,false_halt_shift,6,0.64818,0.181305,0.110503,0.200256,0.282336,0.086774,0.236192,0.255267
deformable_sorting,low_level_skill_anomaly,false_halt_shift,7,0.64818,0.181305,0.110503,0.200256,0.282336,0.086774,0.236192,0.255267
deformable_sorting,low_level_skill_anomaly,false_halt_shift,8,0.64818,0.181305,0.110503,0.200256,0.282336,0.086774,0.236192,0.255267
deformable_sorting,low_level_skill_anomaly,false_halt_shift,9,0.64818,0.181305,0.110503,0.200256,0.282336,0.086774,0.236192,0.255267
deformable_sorting,low_level_skill_anomaly,budget_exhaustion_shift,0,0.72181,0.206889,0.123716,0.243456,0.376176,0.10148,0.187264,0.299107
deformable_sorting,low_level_skill_anomaly,budget_exhaustion_shift,1,0.72181,0.206889,0.123716,0.243456,0.376176,0.10148,0.187264,0.299107
deformable_sorting,low_level_skill_anomaly,budget_exhaustion_shift,2,0.72181,0.206889,0.123716,0.243456,0.376176,0.10148,0.187264,0.299107
deformable_sorting,low_level_skill_anomaly,budget_exhaustion_shift,3,0.72181,0.206889,0.123716,0.243456,0.376176,0.10148,0.187264,0.299107
deformable_sorting,low_level_skill_anomaly,budget_exhaustion_shift,4,0.72181,0.206889,0.123716,0.243456,0.376176,0.10148,0.187264,0.299107
deformable_sorting,low_level_skill_anomaly,budget_exhaustion_shift,5,0.72181,0.206889,0.123716,0.243456,0.376176,0.10148,0.187264,0.299107
deformable_sorting,low_level_skill_anomaly,budget_exhaustion_shift,6,0.72181,0.206889,0.123716,0.243456,0.376176,0.10148,0.187264,0.299107
deformable_sorting,low_level_skill_anomaly,budget_exhaustion_shift,7,0.72181,0.206889,0.123716,0.243456,0.376176,0.10148,0.187264,0.299107
deformable_sorting,low_level_skill_anomaly,budget_exhaustion_shift,8,0.72181,0.206889,0.123716,0.243456,0.376176,0.10148,0.187264,0.299107
deformable_sorting,low_level_skill_anomaly,budget_exhaustion_shift,9,0.72181,0.206889,0.123716,0.243456,0.376176,0.10148,0.187264,0.299107
deformable_sorting,low_level_skill_anomaly,cross_level_cascade_shift,0,0.792724,0.227186,0.139167,0.282336,0.348432,0.106249,0.196768,0.34489
deformable_sorting,low_level_skill_anomaly,cross_level_cascade_shift,1,0.792724,0.227186,0.139167,0.282336,0.348432,0.106249,0.196768,0.34489
deformable_sorting,low_level_skill_anomaly,cross_level_cascade_shift,2,0.792724,0.227186,0.139167,0.282336,0.348432,0.106249,0.196768,0.34489
deformable_sorting,low_level_skill_anomaly,cross_level_cascade_shift,3,0.792724,0.227186,0.139167,0.282336,0.348432,0.106249,0.196768,0.34489
deformable_sorting,low_level_skill_anomaly,cross_level_cascade_shift,4,0.792724,0.227186,0.139167,0.282336,0.348432,0.106249,0.196768,0.34489
deformable_sorting,low_level_skill_anomaly,cross_level_cascade_shift,5,0.792724,0.227186,0.139167,0.282336,0.348432,0.106249,0.196768,0.34489
deformable_sorting,low_level_skill_anomaly,cross_level_cascade_shift,6,0.792724,0.227186,0.139167,0.282336,0.348432,0.106249,0.196768,0.34489
deformable_sorting,low_level_skill_anomaly,cross_level_cascade_shift,7,0.792724,0.227186,0.139167,0.282336,0.348432,0.106249,0.196768,0.34489
deformable_sorting,low_level_skill_anomaly,cross_level_cascade_shift,8,0.792724,0.227186,0.139167,0.282336,0.348432,0.106249,0.196768,0.34489
deformable_sorting,low_level_skill_anomaly,cross_level_cascade_shift,9,0.792724,0.227186,0.139167,0.282336,0.348432,0.106249,0.196768,0.34489
deformable_sorting,low_level_skill_anomaly,combined_extreme,0,0.843117,0.239807,0.148438,0.29184,0.382704,0.11857,0.2288,0.355576
deformable_sorting,low_level_skill_anomaly,combined_extreme,1,0.843117,0.239807,0.148438,0.29184,0.382704,0.11857,0.2288,0.355576
deformable_sorting,low_level_skill_anomaly,combined_extreme,2,0.843117,0.239807,0.148438,0.29184,0.382704,0.11857,0.2288,0.355576
deformable_sorting,low_level_skill_anomaly,combined_extreme,3,0.843117,0.239807,0.148438,0.29184,0.382704,0.11857,0.2288,0.355576
deformable_sorting,low_level_skill_anomaly,combined_extreme,4,0.843117,0.239807,0.148438,0.29184,0.382704,0.11857,0.2288,0.355576
deformable_sorting,low_level_skill_anomaly,combined_extreme,5,0.843117,0.239807,0.148438,0.29184,0.382704,0.11857,0.2288,0.355576
deformable_sorting,low_level_skill_anomaly,combined_extreme,6,0.843117,0.239807,0.148438,0.29184,0.382704,0.11857,0.2288,0.355576
deformable_sorting,low_level_skill_anomaly,combined_extreme,7,0.843117,0.239807,0.148438,0.29184,0.382704,0.11857,0.2288,0.355576
deformable_sorting,low_level_skill_anomaly,combined_extreme,8,0.843117,0.239807,0.148438,0.29184,0.382704,0.11857,0.2288,0.355576
deformable_sorting,low_level_skill_anomaly,combined_extreme,9,0.843117,0.239807,0.148438,0.29184,0.382704,0.11857,0.2288,0.355576
deformable_sorting,mid_level_subgoal_corruption,nominal,0,0.226169,0.421546,0.159159,0.260216,0.25116,0.08211,0.14672,0.201802
deformable_sorting,mid_level_subgoal_corruption,nominal,1,0.226169,0.421546,0.159159,0.260216,0.25116,0.08211,0.14672,0.201802
deformable_sorting,mid_level_subgoal_corruption,nominal,2,0.226169,0.421546,0.159159,0.260216,0.25116,0.08211,0.14672,0.201802
deformable_sorting,mid_level_subgoal_corruption,nominal,3,0.226169,0.421546,0.159159,0.260216,0.25116,0.08211,0.14672,0.201802
deformable_sorting,mid_level_subgoal_corruption,nominal,4,0.226169,0.421546,0.159159,0.260216,0.25116,0.08211,0.14672,0.201802
deformable_sorting,mid_level_subgoal_corruption,nominal,5,0.226169,0.421546,0.159159,0.260216,0.25116,0.08211,0.14672,0.201802
deformable_sorting,mid_level_subgoal_corruption,nominal,6,0.226169,0.421546,0.159159,0.260216,0.25116,0.08211,0.14672,0.201802
deformable_sorting,mid_level_subgoal_corruption,nominal,7,0.226169,0.421546,0.159159,0.260216,0.25116,0.08211,0.14672,0.201802
deformable_sorting,mid_level_subgoal_corruption,nominal,8,0.226169,0.421546,0.159159,0.260216,0.25116,0.08211,0.14672,0.201802
deformable_sorting,mid_level_subgoal_corruption,nominal,9,0.226169,0.421546,0.159159,0.260216,0.25116,0.08211,0.14672,0.201802
deformable_sorting,mid_level_subgoal_corruption,local_anomaly_shift,0,0.38927,0.53136,0.193691,0.31328,0.341136,0.103787,0.184128,0.256164
deformable_sorting,mid_level_subgoal_corruption,local_anomaly_shift,1,0.38927,0.53136,0.193691,0.31328,0.341136,0.103787,0.184128,0.256164
deformable_sorting,mid_level_subgoal_corruption,local_anomaly_shift,2,0.38927,0.53136,0.193691,0.31328,0.341136,0.103787,0.184128,0.256164
deformable_sorting,mid_level_subgoal_corruption,local_anomaly_shift,3,0.38927,0.53136,0.193691,0.31328,0.341136,0.103787,0.184128,0.256164
deformable_sorting,mid_level_subgoal_corruption,local_anomaly_shift,4,0.38927,0.53136,0.193691,0.31328,0.341136,0.103787,0.184128,0.256164
deformable_sorting,mid_level_subgoal_corruption,local_anomaly_shift,5,0.38927,0.53136,0.193691,0.31328,0.341136,0.103787,0.184128,0.256164
deformable_sorting,mid_level_subgoal_corruption,local_anomaly_shift,6,0.38927,0.53136,0.193691,0.31328,0.341136,0.103787,0.184128,0.256164
deformable_sorting,mid_level_subgoal_corruption,local_anomaly_shift,7,0.38927,0.53136,0.193691,0.31328,0.341136,0.103787,0.184128,0.256164
deformable_sorting,mid_level_subgoal_corruption,local_anomaly_shift,8,0.38927,0.53136,0.193691,0.31328,0.341136,0.103787,0.184128,0.256164
deformable_sorting,mid_level_subgoal_corruption,local_anomaly_shift,9,0.38927,0.53136,0.193691,0.31328,0.341136,0.103787,0.184128,0.256164
deformable_sorting,mid_level_subgoal_corruption,subgoal_corruption_shift,0,0.29663,0.781099,0.230359,0.365552,0.372416,0.116174,0.19712,0.291995
deformable_sorting,mid_level_subgoal_corruption,subgoal_corruption_shift,1,0.29663,0.781099,0.230359,0.365552,0.372416,0.116174,0.19712,0.291995
deformable_sorting,mid_level_subgoal_corruption,subgoal_corruption_shift,2,0.29663,0.781099,0.230359,0.365552,0.372416,0.116174,0.19712,0.291995
deformable_sorting,mid_level_subgoal_corruption,subgoal_corruption_shift,3,0.29663,0.781099,0.230359,0.365552,0.372416,0.116174,0.19712,0.291995
deformable_sorting,mid_level_subgoal_corruption,subgoal_corruption_shift,4,0.29663,0.781099,0.230359,0.365552,0.372416,0.116174,0.19712,0.291995
deformable_sorting,mid_level_subgoal_corruption,subgoal_corruption_shift,5,0.29663,0.781099,0.230359,0.365552,0.372416,0.116174,0.19712,0.291995
deformable_sorting,mid_level_subgoal_corruption,subgoal_corruption_shift,6,0.29663,0.781099,0.230359,0.365552,0.372416,0.116174,0.19712,0.291995
deformable_sorting,mid_level_subgoal_corruption,subgoal_corruption_shift,7,0.29663,0.781099,0.230359,0.365552,0.372416,0.116174,0.19712,0.291995
deformable_sorting,mid_level_subgoal_corruption,subgoal_corruption_shift,8,0.29663,0.781099,0.230359,0.365552,0.372416,0.116174,0.19712,0.291995
deformable_sorting,mid_level_subgoal_corruption,subgoal_corruption_shift,9,0.29663,0.781099,0.230359,0.365552,0.372416,0.116174,0.19712,0.291995
deformable_sorting,mid_level_subgoal_corruption,delayed_observation_shift,0,0.321525,0.676598,0.249031,0.444752,0.412528,0.165721,0.219968,0.317254
deformable_sorting,mid_level_subgoal_corruption,delayed_observation_shift,1,0.321525,0.676598,0.249031,0.444752,0.412528,0.165721,0.219968,0.317254
deformable_sorting,mid_level_subgoal_corruption,delayed_observation_shift,2,0.321525,0.676598,0.249031,0.444752,0.412528,0.165721,0.219968,0.317254
deformable_sorting,mid_level_subgoal_corruption,delayed_observation_shift,3,0.321525,0.676598,0.249031,0.444752,0.412528,0.165721,0.219968,0.317254
deformable_sorting,mid_level_subgoal_corruption,delayed_observation_shift,4,0.321525,0.676598,0.249031,0.444752,0.412528,0.165721,0.219968,0.317254
deformable_sorting,mid_level_subgoal_corruption,delayed_observation_shift,5,0.321525,0.676598,0.249031,0.444752,0.412528,0.165721,0.219968,0.317254
deformable_sorting,mid_level_subgoal_corruption,delayed_observation_shift,6,0.321525,0.676598,0.249031,0.444752,0.412528,0.165721,0.219968,0.317254
deformable_sorting,mid_level_subgoal_corruption,delayed_observation_shift,7,0.321525,0.676598,0.249031,0.444752,0.412528,0.165721,0.219968,0.317254
deformable_sorting,mid_level_subgoal_corruption,delayed_observation_shift,8,0.321525,0.676598,0.249031,0.444752,0.412528,0.165721,0.219968,0.317254
deformable_sorting,mid_level_subgoal_corruption,delayed_observation_shift,9,0.321525,0.676598,0.249031,0.444752,0.412528,0.165721,0.219968,0.317254
deformable_sorting,mid_level_subgoal_corruption,false_halt_shift,0,0.32409,0.627595,0.233284,0.367136,0.381984,0.12293,0.300608,0.288563
deformable_sorting,mid_level_subgoal_corruption,false_halt_shift,1,0.32409,0.627595,0.233284,0.367136,0.381984,0.12293,0.300608,0.288563
deformable_sorting,mid_level_subgoal_corruption,false_halt_shift,2,0.32409,0.627595,0.233284,0.367136,0.381984,0.12293,0.300608,0.288563
deformable_sorting,mid_level_subgoal_corruption,false_halt_shift,3,0.32409,0.627595,0.233284,0.367136,0.381984,0.12293,0.300608,0.288563
deformable_sorting,mid_level_subgoal_corruption,false_halt_shift,4,0.32409,0.627595,0.233284,0.367136,0.381984,0.12293,0.300608,0.288563
deformable_sorting,mid_level_subgoal_corruption,false_halt_shift,5,0.32409,0.627595,0.233284,0.367136,0.381984,0.12293,0.300608,0.288563
deformable_sorting,mid_level_subgoal_corruption,false_halt_shift,6,0.32409,0.627595,0.233284,0.367136,0.381984,0.12293,0.300608,0.288563
deformable_sorting,mid_level_subgoal_corruption,false_halt_shift,7,0.32409,0.627595,0.233284,0.367136,0.381984,0.12293,0.300608,0.288563
deformable_sorting,mid_level_subgoal_corruption,false_halt_shift,8,0.32409,0.627595,0.233284,0.367136,0.381984,0.12293,0.300608,0.288563
deformable_sorting,mid_level_subgoal_corruption,false_halt_shift,9,0.32409,0.627595,0.233284,0.367136,0.381984,0.12293,0.300608,0.288563
deformable_sorting,mid_level_subgoal_corruption,budget_exhaustion_shift,0,0.360905,0.716155,0.261179,0.446336,0.508944,0.143763,0.238336,0.338121
deformable_sorting,mid_level_subgoal_corruption,budget_exhaustion_shift,1,0.360905,0.716155,0.261179,0.446336,0.508944,0.143763,0.238336,0.338121
deformable_sorting,mid_level_subgoal_corruption,budget_exhaustion_shift,2,0.360905,0.716155,0.261179,0.446336,0.508944,0.143763,0.238336,0.338121
deformable_sorting,mid_level_subgoal_corruption,budget_exhaustion_shift,3,0.360905,0.716155,0.261179,0.446336,0.508944,0.143763,0.238336,0.338121
deformable_sorting,mid_level_subgoal_corruption,budget_exhaustion_shift,4,0.360905,0.716155,0.261179,0.446336,0.508944,0.143763,0.238336,0.338121
deformable_sorting,mid_level_subgoal_corruption,budget_exhaustion_shift,5,0.360905,0.716155,0.261179,0.446336,0.508944,0.143763,0.238336,0.338121
deformable_sorting,mid_level_subgoal_corruption,budget_exhaustion_shift,6,0.360905,0.716155,0.261179,0.446336,0.508944,0.143763,0.238336,0.338121
deformable_sorting,mid_level_subgoal_corruption,budget_exhaustion_shift,7,0.360905,0.716155,0.261179,0.446336,0.508944,0.143763,0.238336,0.338121
deformable_sorting,mid_level_subgoal_corruption,budget_exhaustion_shift,8,0.360905,0.716155,0.261179,0.446336,0.508944,0.143763,0.238336,0.338121
deformable_sorting,mid_level_subgoal_corruption,budget_exhaustion_shift,9,0.360905,0.716155,0.261179,0.446336,0.508944,0.143763,0.238336,0.338121
deformable_sorting,mid_level_subgoal_corruption,cross_level_cascade_shift,0,0.396362,0.786413,0.293798,0.517616,0.471408,0.150519,0.250432,0.389875
deformable_sorting,mid_level_subgoal_corruption,cross_level_cascade_shift,1,0.396362,0.786413,0.293798,0.517616,0.471408,0.150519,0.250432,0.389875
deformable_sorting,mid_level_subgoal_corruption,cross_level_cascade_shift,2,0.396362,0.786413,0.293798,0.517616,0.471408,0.150519,0.250432,0.389875
deformable_sorting,mid_level_subgoal_corruption,cross_level_cascade_shift,3,0.396362,0.786413,0.293798,0.517616,0.471408,0.150519,0.250432,0.389875
deformable_sorting,mid_level_subgoal_corruption,cross_level_cascade_shift,4,0.396362,0.786413,0.293798,0.517616,0.471408,0.150519,0.250432,0.389875
deformable_sorting,mid_level_subgoal_corruption,cross_level_cascade_shift,5,0.396362,0.786413,0.293798,0.517616,0.471408,0.150519,0.250432,0.389875
deformable_sorting,mid_level_subgoal_corruption,cross_level_cascade_shift,6,0.396362,0.786413,0.293798,0.517616,0.471408,0.150519,0.250432,0.389875
deformable_sorting,mid_level_subgoal_corruption,cross_level_cascade_shift,7,0.396362,0.786413,0.293798,0.517616,0.471408,0.150519,0.250432,0.389875
deformable_sorting,mid_level_subgoal_corruption,cross_level_cascade_shift,8,0.396362,0.786413,0.293798,0.517616,0.471408,0.150519,0.250432,0.389875
deformable_sorting,mid_level_subgoal_corruption,cross_level_cascade_shift,9,0.396362,0.786413,0.293798,0.517616,0.471408,0.150519,0.250432,0.389875
deformable_sorting,mid_level_subgoal_corruption,combined_extreme,0,0.421559,0.830102,0.313369,0.53504,0.517776,0.167974,0.2912,0.401956
deformable_sorting,mid_level_subgoal_corruption,combined_extreme,1,0.421559,0.830102,0.313369,0.53504,0.517776,0.167974,0.2912,0.401956
deformable_sorting,mid_level_subgoal_corruption,combined_extreme,2,0.421559,0.830102,0.313369,0.53504,0.517776,0.167974,0.2912,0.401956
deformable_sorting,mid_level_subgoal_corruption,combined_extreme,3,0.421559,0.830102,0.313369,0.53504,0.517776,0.167974,0.2912,0.401956
deformable_sorting,mid_level_subgoal_corruption,combined_extreme,4,0.421559,0.830102,0.313369,0.53504,0.517776,0.167974,0.2912,0.401956
deformable_sorting,mid_level_subgoal_corruption,combined_extreme,5,0.421559,0.830102,0.313369,0.53504,0.517776,0.167974,0.2912,0.401956
deformable_sorting,mid_level_subgoal_corruption,combined_extreme,6,0.421559,0.830102,0.313369,0.53504,0.517776,0.167974,0.2912,0.401956
deformable_sorting,mid_level_subgoal_corruption,combined_extreme,7,0.421559,0.830102,0.313369,0.53504,0.517776,0.167974,0.2912,0.401956
deformable_sorting,mid_level_subgoal_corruption,combined_extreme,8,0.421559,0.830102,0.313369,0.53504,0.517776,0.167974,0.2912,0.401956
deformable_sorting,mid_level_subgoal_corruption,combined_extreme,9,0.421559,0.830102,0.313369,0.53504,0.517776,0.167974,0.2912,0.401956
deformable_sorting,high_level_task_state_drift,nominal,0,0.167168,0.271663,0.385333,0.331184,0.28392,0.10143,0.17816,0.24061
deformable_sorting,high_level_task_state_drift,nominal,1,0.167168,0.271663,0.385333,0.331184,0.28392,0.10143,0.17816,0.24061
deformable_sorting,high_level_task_state_drift,nominal,2,0.167168,0.271663,0.385333,0.331184,0.28392,0.10143,0.17816,0.24061
deformable_sorting,high_level_task_state_drift,nominal,3,0.167168,0.271663,0.385333,0.331184,0.28392,0.10143,0.17816,0.24061
deformable_sorting,high_level_task_state_drift,nominal,4,0.167168,0.271663,0.385333,0.331184,0.28392,0.10143,0.17816,0.24061
deformable_sorting,high_level_task_state_drift,nominal,5,0.167168,0.271663,0.385333,0.331184,0.28392,0.10143,0.17816,0.24061
deformable_sorting,high_level_task_state_drift,nominal,6,0.167168,0.271663,0.385333,0.331184,0.28392,0.10143,0.17816,0.24061
deformable_sorting,high_level_task_state_drift,nominal,7,0.167168,0.271663,0.385333,0.331184,0.28392,0.10143,0.17816,0.24061
deformable_sorting,high_level_task_state_drift,nominal,8,0.167168,0.271663,0.385333,0.331184,0.28392,0.10143,0.17816,0.24061
deformable_sorting,high_level_task_state_drift,nominal,9,0.167168,0.271663,0.385333,0.331184,0.28392,0.10143,0.17816,0.24061
deformable_sorting,high_level_task_state_drift,local_anomaly_shift,0,0.287722,0.342432,0.468935,0.39872,0.385632,0.128208,0.223584,0.305427
deformable_sorting,high_level_task_state_drift,local_anomaly_shift,1,0.287722,0.342432,0.468935,0.39872,0.385632,0.128208,0.223584,0.305427
deformable_sorting,high_level_task_state_drift,local_anomaly_shift,2,0.287722,0.342432,0.468935,0.39872,0.385632,0.128208,0.223584,0.305427
deformable_sorting,high_level_task_state_drift,local_anomaly_shift,3,0.287722,0.342432,0.468935,0.39872,0.385632,0.128208,0.223584,0.305427
deformable_sorting,high_level_task_state_drift,local_anomaly_shift,4,0.287722,0.342432,0.468935,0.39872,0.385632,0.128208,0.223584,0.305427
deformable_sorting,high_level_task_state_drift,local_anomaly_shift,5,0.287722,0.342432,0.468935,0.39872,0.385632,0.128208,0.223584,0.305427
deformable_sorting,high_level_task_state_drift,local_anomaly_shift,6,0.287722,0.342432,0.468935,0.39872,0.385632,0.128208,0.223584,0.305427
deformable_sorting,high_level_task_state_drift,local_anomaly_shift,7,0.287722,0.342432,0.468935,0.39872,0.385632,0.128208,0.223584,0.305427
deformable_sorting,high_level_task_state_drift,local_anomaly_shift,8,0.287722,0.342432,0.468935,0.39872,0.385632,0.128208,0.223584,0.305427
deformable_sorting,high_level_task_state_drift,local_anomaly_shift,9,0.287722,0.342432,0.468935,0.39872,0.385632,0.128208,0.223584,0.305427
deformable_sorting,high_level_task_state_drift,subgoal_corruption_shift,0,0.219248,0.503375,0.557711,0.465248,0.420992,0.143509,0.23936,0.348147
deformable_sorting,high_level_task_state_drift,subgoal_corruption_shift,1,0.219248,0.503375,0.557711,0.465248,0.420992,0.143509,0.23936,0.348147
deformable_sorting,high_level_task_state_drift,subgoal_corruption_shift,2,0.219248,0.503375,0.557711,0.465248,0.420992,0.143509,0.23936,0.348147
deformable_sorting,high_level_task_state_drift,subgoal_corruption_shift,3,0.219248,0.503375,0.557711,0.465248,0.420992,0.143509,0.23936,0.348147
deformable_sorting,high_level_task_state_drift,subgoal_corruption_shift,4,0.219248,0.503375,0.557711,0.465248,0.420992,0.143509,0.23936,0.348147
deformable_sorting,high_level_task_state_drift,subgoal_corruption_shift,5,0.219248,0.503375,0.557711,0.465248,0.420992,0.143509,0.23936,0.348147
deformable_sorting,high_level_task_state_drift,subgoal_corruption_shift,6,0.219248,0.503375,0.557711,0.465248,0.420992,0.143509,0.23936,0.348147
deformable_sorting,high_level_task_state_drift,subgoal_corruption_shift,7,0.219248,0.503375,0.557711,0.465248,0.420992,0.143509,0.23936,0.348147
deformable_sorting,high_level_task_state_drift,subgoal_corruption_shift,8,0.219248,0.503375,0.557711,0.465248,0.420992,0.143509,0.23936,0.348147
deformable_sorting,high_level_task_state_drift,subgoal_corruption_shift,9,0.219248,0.503375,0.557711,0.465248,0.420992,0.143509,0.23936,0.348147
deformable_sorting,high_level_task_state_drift,delayed_observation_shift,0,0.237649,0.43603,0.602916,0.566048,0.466336,0.204715,0.267104,0.378264
deformable_sorting,high_level_task_state_drift,delayed_observation_shift,1,0.237649,0.43603,0.602916,0.566048,0.466336,0.204715,0.267104,0.378264
deformable_sorting,high_level_task_state_drift,delayed_observation_shift,2,0.237649,0.43603,0.602916,0.566048,0.466336,0.204715,0.267104,0.378264
deformable_sorting,high_level_task_state_drift,delayed_observation_shift,3,0.237649,0.43603,0.602916,0.566048,0.466336,0.204715,0.267104,0.378264
deformable_sorting,high_level_task_state_drift,delayed_observation_shift,4,0.237649,0.43603,0.602916,0.566048,0.466336,0.204715,0.267104,0.378264
deformable_sorting,high_level_task_state_drift,delayed_observation_shift,5,0.237649,0.43603,0.602916,0.566048,0.466336,0.204715,0.267104,0.378264
deformable_sorting,high_level_task_state_drift,delayed_observation_shift,6,0.237649,0.43603,0.602916,0.566048,0.466336,0.204715,0.267104,0.378264
deformable_sorting,high_level_task_state_drift,delayed_observation_shift,7,0.237649,0.43603,0.602916,0.566048,0.466336,0.204715,0.267104,0.378264
deformable_sorting,high_level_task_state_drift,delayed_observation_shift,8,0.237649,0.43603,0.602916,0.566048,0.466336,0.204715,0.267104,0.378264
deformable_sorting,high_level_task_state_drift,delayed_observation_shift,9,0.237649,0.43603,0.602916,0.566048,0.466336,0.204715,0.267104,0.378264
deformable_sorting,high_level_task_state_drift,false_halt_shift,0,0.239545,0.40445,0.564792,0.467264,0.431808,0.151855,0.365024,0.344055
deformable_sorting,high_level_task_state_drift,false_halt_shift,1,0.239545,0.40445,0.564792,0.467264,0.431808,0.151855,0.365024,0.344055
deformable_sorting,high_level_task_state_drift,false_halt_shift,2,0.239545,0.40445,0.564792,0.467264,0.431808,0.151855,0.365024,0.344055
deformable_sorting,high_level_task_state_drift,false_halt_shift,3,0.239545,0.40445,0.564792,0.467264,0.431808,0.151855,0.365024,0.344055
deformable_sorting,high_level_task_state_drift,false_halt_shift,4,0.239545,0.40445,0.564792,0.467264,0.431808,0.151855,0.365024,0.344055
deformable_sorting,high_level_task_state_drift,false_halt_shift,5,0.239545,0.40445,0.564792,0.467264,0.431808,0.151855,0.365024,0.344055
deformable_sorting,high_level_task_state_drift,false_halt_shift,6,0.239545,0.40445,0.564792,0.467264,0.431808,0.151855,0.365024,0.344055
deformable_sorting,high_level_task_state_drift,false_halt_shift,7,0.239545,0.40445,0.564792,0.467264,0.431808,0.151855,0.365024,0.344055
deformable_sorting,high_level_task_state_drift,false_halt_shift,8,0.239545,0.40445,0.564792,0.467264,0.431808,0.151855,0.365024,0.344055
deformable_sorting,high_level_task_state_drift,false_halt_shift,9,0.239545,0.40445,0.564792,0.467264,0.431808,0.151855,0.365024,0.344055
deformable_sorting,high_level_task_state_drift,budget_exhaustion_shift,0,0.266756,0.461522,0.632327,0.568064,0.575328,0.177589,0.289408,0.403144
deformable_sorting,high_level_task_state_drift,budget_exhaustion_shift,1,0.266756,0.461522,0.632327,0.568064,0.575328,0.177589,0.289408,0.403144
deformable_sorting,high_level_task_state_drift,budget_exhaustion_shift,2,0.266756,0.461522,0.632327,0.568064,0.575328,0.177589,0.289408,0.403144
deformable_sorting,high_level_task_state_drift,budget_exhaustion_shift,3,0.266756,0.461522,0.632327,0.568064,0.575328,0.177589,0.289408,0.403144
deformable_sorting,high_level_task_state_drift,budget_exhaustion_shift,4,0.266756,0.461522,0.632327,0.568064,0.575328,0.177589,0.289408,0.403144
deformable_sorting,high_level_task_state_drift,budget_exhaustion_shift,5,0.266756,0.461522,0.632327,0.568064,0.575328,0.177589,0.289408,0.403144
deformable_sorting,high_level_task_state_drift,budget_exhaustion_shift,6,0.266756,0.461522,0.632327,0.568064,0.575328,0.177589,0.289408,0.403144
deformable_sorting,high_level_task_state_drift,budget_exhaustion_shift,7,0.266756,0.461522,0.632327,0.568064,0.575328,0.177589,0.289408,0.403144
deformable_sorting,high_level_task_state_drift,budget_exhaustion_shift,8,0.266756,0.461522,0.632327,0.568064,0.575328,0.177589,0.289408,0.403144
deformable_sorting,high_level_task_state_drift,budget_exhaustion_shift,9,0.266756,0.461522,0.632327,0.568064,0.575328,0.177589,0.289408,0.403144
deformable_sorting,high_level_task_state_drift,cross_level_cascade_shift,0,0.292963,0.506799,0.7113,0.658784,0.532896,0.185936,0.304096,0.464851
deformable_sorting,high_level_task_state_drift,cross_level_cascade_shift,1,0.292963,0.506799,0.7113,0.658784,0.532896,0.185936,0.304096,0.464851
deformable_sorting,high_level_task_state_drift,cross_level_cascade_shift,2,0.292963,0.506799,0.7113,0.658784,0.532896,0.185936,0.304096,0.464851
deformable_sorting,high_level_task_state_drift,cross_level_cascade_shift,3,0.292963,0.506799,0.7113,0.658784,0.532896,0.185936,0.304096,0.464851
deformable_sorting,high_level_task_state_drift,cross_level_cascade_shift,4,0.292963,0.506799,0.7113,0.658784,0.532896,0.185936,0.304096,0.464851
deformable_sorting,high_level_task_state_drift,cross_level_cascade_shift,5,0.292963,0.506799,0.7113,0.658784,0.532896,0.185936,0.304096,0.464851
deformable_sorting,high_level_task_state_drift,cross_level_cascade_shift,6,0.292963,0.506799,0.7113,0.658784,0.532896,0.185936,0.304096,0.464851
deformable_sorting,high_level_task_state_drift,cross_level_cascade_shift,7,0.292963,0.506799,0.7113,0.658784,0.532896,0.185936,0.304096,0.464851
deformable_sorting,high_level_task_state_drift,cross_level_cascade_shift,8,0.292963,0.506799,0.7113,0.658784,0.532896,0.185936,0.304096,0.464851
deformable_sorting,high_level_task_state_drift,cross_level_cascade_shift,9,0.292963,0.506799,0.7113,0.658784,0.532896,0.185936,0.304096,0.464851
deformable_sorting,high_level_task_state_drift,combined_extreme,0,0.311587,0.534955,0.758684,0.68096,0.585312,0.207497,0.3536,0.479255
deformable_sorting,high_level_task_state_drift,combined_extreme,1,0.311587,0.534955,0.758684,0.68096,0.585312,0.207497,0.3536,0.479255
deformable_sorting,high_level_task_state_drift,combined_extreme,2,0.311587,0.534955,0.758684,0.68096,0.585312,0.207497,0.3536,0.479255
deformable_sorting,high_level_task_state_drift,combined_extreme,3,0.311587,0.534955,0.758684,0.68096,0.585312,0.207497,0.3536,0.479255
deformable_sorting,high_level_task_state_drift,combined_extreme,4,0.311587,0.534955,0.758684,0.68096,0.585312,0.207497,0.3536,0.479255
deformable_sorting,high_level_task_state_drift,combined_extreme,5,0.311587,0.534955,0.758684,0.68096,0.585312,0.207497,0.3536,0.479255
deformable_sorting,high_level_task_state_drift,combined_extreme,6,0.311587,0.534955,0.758684,0.68096,0.585312,0.207497,0.3536,0.479255
deformable_sorting,high_level_task_state_drift,combined_extreme,7,0.311587,0.534955,0.758684,0.68096,0.585312,0.207497,0.3536,0.479255
deformable_sorting,high_level_task_state_drift,combined_extreme,8,0.311587,0.534955,0.758684,0.68096,0.585312,0.207497,0.3536,0.479255
deformable_sorting,high_level_task_state_drift,combined_extreme,9,0.311587,0.534955,0.758684,0.68096,0.585312,0.207497,0.3536,0.479255
deformable_sorting,cross_level_cascade,nominal,0,0.403171,0.374707,0.309942,0.555916,0.3822,0.13041,0.22008,0.302702
deformable_sorting,cross_level_cascade,nominal,1,0.403171,0.374707,0.309942,0.555916,0.3822,0.13041,0.22008,0.302702
deformable_sorting,cross_level_cascade,nominal,2,0.403171,0.374707,0.309942,0.555916,0.3822,0.13041,0.22008,0.302702
deformable_sorting,cross_level_cascade,nominal,3,0.403171,0.374707,0.309942,0.555916,0.3822,0.13041,0.22008,0.302702
deformable_sorting,cross_level_cascade,nominal,4,0.403171,0.374707,0.309942,0.555916,0.3822,0.13041,0.22008,0.302702
deformable_sorting,cross_level_cascade,nominal,5,0.403171,0.374707,0.309942,0.555916,0.3822,0.13041,0.22008,0.302702
deformable_sorting,cross_level_cascade,nominal,6,0.403171,0.374707,0.309942,0.555916,0.3822,0.13041,0.22008,0.302702
deformable_sorting,cross_level_cascade,nominal,7,0.403171,0.374707,0.309942,0.555916,0.3822,0.13041,0.22008,0.302702
deformable_sorting,cross_level_cascade,nominal,8,0.403171,0.374707,0.309942,0.555916,0.3822,0.13041,0.22008,0.302702
deformable_sorting,cross_level_cascade,nominal,9,0.403171,0.374707,0.309942,0.555916,0.3822,0.13041,0.22008,0.302702
deformable_sorting,cross_level_cascade,local_anomaly_shift,0,0.693917,0.47232,0.377187,0.66928,0.51912,0.164838,0.276192,0.384247
deformable_sorting,cross_level_cascade,local_anomaly_shift,1,0.693917,0.47232,0.377187,0.66928,0.51912,0.164838,0.276192,0.384247
deformable_sorting,cross_level_cascade,local_anomaly_shift,2,0.693917,0.47232,0.377187,0.66928,0.51912,0.164838,0.276192,0.384247
deformable_sorting,cross_level_cascade,local_anomaly_shift,3,0.693917,0.47232,0.377187,0.66928,0.51912,0.164838,0.276192,0.384247
deformable_sorting,cross_level_cascade,local_anomaly_shift,4,0.693917,0.47232,0.377187,0.66928,0.51912,0.164838,0.276192,0.384247
deformable_sorting,cross_level_cascade,local_anomaly_shift,5,0.693917,0.47232,0.377187,0.66928,0.51912,0.164838,0.276192,0.384247
deformable_sorting,cross_level_cascade,local_anomaly_shift,6,0.693917,0.47232,0.377187,0.66928,0.51912,0.164838,0.276192,0.384247
deformable_sorting,cross_level_cascade,local_anomaly_shift,7,0.693917,0.47232,0.377187,0.66928,0.51912,0.164838,0.276192,0.384247
deformable_sorting,cross_level_cascade,local_anomaly_shift,8,0.693917,0.47232,0.377187,0.66928,0.51912,0.164838,0.276192,0.384247
deformable_sorting,cross_level_cascade,local_anomaly_shift,9,0.693917,0.47232,0.377187,0.66928,0.51912,0.164838,0.276192,0.384247
deformable_sorting,cross_level_cascade,subgoal_corruption_shift,0,0.528775,0.69431,0.448594,0.780952,0.56672,0.184512,0.29568,0.437992
deformable_sorting,cross_level_cascade,subgoal_corruption_shift,1,0.528775,0.69431,0.448594,0.780952,0.56672,0.184512,0.29568,0.437992
deformable_sorting,cross_level_cascade,subgoal_corruption_shift,2,0.528775,0.69431,0.448594,0.780952,0.56672,0.184512,0.29568,0.437992
deformable_sorting,cross_level_cascade,subgoal_corruption_shift,3,0.528775,0.69431,0.448594,0.780952,0.56672,0.184512,0.29568,0.437992
deformable_sorting,cross_level_cascade,subgoal_corruption_shift,4,0.528775,0.69431,0.448594,0.780952,0.56672,0.184512,0.29568,0.437992
deformable_sorting,cross_level_cascade,subgoal_corruption_shift,5,0.528775,0.69431,0.448594,0.780952,0.56672,0.184512,0.29568,0.437992
deformable_sorting,cross_level_cascade,subgoal_corruption_shift,6,0.528775,0.69431,0.448594,0.780952,0.56672,0.184512,0.29568,0.437992
deformable_sorting,cross_level_cascade,subgoal_corruption_shift,7,0.528775,0.69431,0.448594,0.780952,0.56672,0.184512,0.29568,0.437992
deformable_sorting,cross_level_cascade,subgoal_corruption_shift,8,0.528775,0.69431,0.448594,0.780952,0.56672,0.184512,0.29568,0.437992
deformable_sorting,cross_level_cascade,subgoal_corruption_shift,9,0.528775,0.69431,0.448594,0.780952,0.56672,0.184512,0.29568,0.437992
deformable_sorting,cross_level_cascade,delayed_observation_shift,0,0.573154,0.601421,0.484955,0.950152,0.62776,0.263205,0.329952,0.475881
deformable_sorting,cross_level_cascade,delayed_observation_shift,1,0.573154,0.601421,0.484955,0.950152,0.62776,0.263205,0.329952,0.475881
deformable_sorting,cross_level_cascade,delayed_observation_shift,2,0.573154,0.601421,0.484955,0.950152,0.62776,0.263205,0.329952,0.475881
deformable_sorting,cross_level_cascade,delayed_observation_shift,3,0.573154,0.601421,0.484955,0.950152,0.62776,0.263205,0.329952,0.475881
deformable_sorting,cross_level_cascade,delayed_observation_shift,4,0.573154,0.601421,0.484955,0.950152,0.62776,0.263205,0.329952,0.475881
deformable_sorting,cross_level_cascade,delayed_observation_shift,5,0.573154,0.601421,0.484955,0.950152,0.62776,0.263205,0.329952,0.475881
deformable_sorting,cross_level_cascade,delayed_observation_shift,6,0.573154,0.601421,0.484955,0.950152,0.62776,0.263205,0.329952,0.475881
deformable_sorting,cross_level_cascade,delayed_observation_shift,7,0.573154,0.601421,0.484955,0.950152,0.62776,0.263205,0.329952,0.475881
deformable_sorting,cross_level_cascade,delayed_observation_shift,8,0.573154,0.601421,0.484955,0.950152,0.62776,0.263205,0.329952,0.475881
deformable_sorting,cross_level_cascade,delayed_observation_shift,9,0.573154,0.601421,0.484955,0.950152,0.62776,0.263205,0.329952,0.475881
deformable_sorting,cross_level_cascade,false_halt_shift,0,0.577726,0.557862,0.454289,0.784336,0.58128,0.195242,0.450912,0.432844
deformable_sorting,cross_level_cascade,false_halt_shift,1,0.577726,0.557862,0.454289,0.784336,0.58128,0.195242,0.450912,0.432844
deformable_sorting,cross_level_cascade,false_halt_shift,2,0.577726,0.557862,0.454289,0.784336,0.58128,0.195242,0.450912,0.432844
deformable_sorting,cross_level_cascade,false_halt_shift,3,0.577726,0.557862,0.454289,0.784336,0.58128,0.195242,0.450912,0.432844
deformable_sorting,cross_level_cascade,false_halt_shift,4,0.577726,0.557862,0.454289,0.784336,0.58128,0.195242,0.450912,0.432844
deformable_sorting,cross_level_cascade,false_halt_shift,5,0.577726,0.557862,0.454289,0.784336,0.58128,0.195242,0.450912,0.432844
deformable_sorting,cross_level_cascade,false_halt_shift,6,0.577726,0.557862,0.454289,0.784336,0.58128,0.195242,0.450912,0.432844
deformable_sorting,cross_level_cascade,false_halt_shift,7,0.577726,0.557862,0.454289,0.784336,0.58128,0.195242,0.450912,0.432844
deformable_sorting,cross_level_cascade,false_halt_shift,8,0.577726,0.557862,0.454289,0.784336,0.58128,0.195242,0.450912,0.432844
deformable_sorting,cross_level_cascade,false_halt_shift,9,0.577726,0.557862,0.454289,0.784336,0.58128,0.195242,0.450912,0.432844
deformable_sorting,cross_level_cascade,budget_exhaustion_shift,0,0.643352,0.636582,0.508611,0.953536,0.77448,0.228329,0.357504,0.507181
deformable_sorting,cross_level_cascade,budget_exhaustion_shift,1,0.643352,0.636582,0.508611,0.953536,0.77448,0.228329,0.357504,0.507181
deformable_sorting,cross_level_cascade,budget_exhaustion_shift,2,0.643352,0.636582,0.508611,0.953536,0.77448,0.228329,0.357504,0.507181
deformable_sorting,cross_level_cascade,budget_exhaustion_shift,3,0.643352,0.636582,0.508611,0.953536,0.77448,0.228329,0.357504,0.507181
deformable_sorting,cross_level_cascade,budget_exhaustion_shift,4,0.643352,0.636582,0.508611,0.953536,0.77448,0.228329,0.357504,0.507181
deformable_sorting,cross_level_cascade,budget_exhaustion_shift,5,0.643352,0.636582,0.508611,0.953536,0.77448,0.228329,0.357504,0.507181
deformable_sorting,cross_level_cascade,budget_exhaustion_shift,6,0.643352,0.636582,0.508611,0.953536,0.77448,0.228329,0.357504,0.507181
deformable_sorting,cross_level_cascade,budget_exhaustion_shift,7,0.643352,0.636582,0.508611,0.953536,0.77448,0.228329,0.357504,0.507181
deformable_sorting,cross_level_cascade,budget_exhaustion_shift,8,0.643352,0.636582,0.508611,0.953536,0.77448,0.228329,0.357504,0.507181
deformable_sorting,cross_level_cascade,budget_exhaustion_shift,9,0.643352,0.636582,0.508611,0.953536,0.77448,0.228329,0.357504,0.507181
deformable_sorting,cross_level_cascade,cross_level_cascade_shift,0,0.706558,0.699034,0.572132,1.0,0.71736,0.23906,0.375648,0.584813
deformable_sorting,cross_level_cascade,cross_level_cascade_shift,1,0.706558,0.699034,0.572132,1.0,0.71736,0.23906,0.375648,0.584813
deformable_sorting,cross_level_cascade,cross_level_cascade_shift,2,0.706558,0.699034,0.572132,1.0,0.71736,0.23906,0.375648,0.584813
deformable_sorting,cross_level_cascade,cross_level_cascade_shift,3,0.706558,0.699034,0.572132,1.0,0.71736,0.23906,0.375648,0.584813
deformable_sorting,cross_level_cascade,cross_level_cascade_shift,4,0.706558,0.699034,0.572132,1.0,0.71736,0.23906,0.375648,0.584813
deformable_sorting,cross_level_cascade,cross_level_cascade_shift,5,0.706558,0.699034,0.572132,1.0,0.71736,0.23906,0.375648,0.584813
deformable_sorting,cross_level_cascade,cross_level_cascade_shift,6,0.706558,0.699034,0.572132,1.0,0.71736,0.23906,0.375648,0.584813
deformable_sorting,cross_level_cascade,cross_level_cascade_shift,7,0.706558,0.699034,0.572132,1.0,0.71736,0.23906,0.375648,0.584813
deformable_sorting,cross_level_cascade,cross_level_cascade_shift,8,0.706558,0.699034,0.572132,1.0,0.71736,0.23906,0.375648,0.584813
deformable_sorting,cross_level_cascade,cross_level_cascade_shift,9,0.706558,0.699034,0.572132,1.0,0.71736,0.23906,0.375648,0.584813
deformable_sorting,cross_level_cascade,combined_extreme,0,0.751474,0.737869,0.610245,1.0,0.78792,0.266782,0.4368,0.602934
deformable_sorting,cross_level_cascade,combined_extreme,1,0.751474,0.737869,0.610245,1.0,0.78792,0.266782,0.4368,0.602934
deformable_sorting,cross_level_cascade,combined_extreme,2,0.751474,0.737869,0.610245,1.0,0.78792,0.266782,0.4368,0.602934
deformable_sorting,cross_level_cascade,combined_extreme,3,0.751474,0.737869,0.610245,1.0,0.78792,0.266782,0.4368,0.602934
deformable_sorting,cross_level_cascade,combined_extreme,4,0.751474,0.737869,0.610245,1.0,0.78792,0.266782,0.4368,0.602934
deformable_sorting,cross_level_cascade,combined_extreme,5,0.751474,0.737869,0.610245,1.0,0.78792,0.266782,0.4368,0.602934
deformable_sorting,cross_level_cascade,combined_extreme,6,0.751474,0.737869,0.610245,1.0,0.78792,0.266782,0.4368,0.602934
deformable_sorting,cross_level_cascade,combined_extreme,7,0.751474,0.737869,0.610245,1.0,0.78792,0.266782,0.4368,0.602934
deformable_sorting,cross_level_cascade,combined_extreme,8,0.751474,0.737869,0.610245,1.0,0.78792,0.266782,0.4368,0.602934
deformable_sorting,cross_level_cascade,combined_extreme,9,0.751474,0.737869,0.610245,1.0,0.78792,0.266782,0.4368,0.602934
deformable_sorting,false_halt_pressure,nominal,0,0.236003,0.224824,0.175913,0.212904,0.2184,0.08211,0.48208,0.155232
deformable_sorting,false_halt_pressure,nominal,1,0.236003,0.224824,0.175913,0.212904,0.2184,0.08211,0.48208,0.155232
deformable_sorting,false_halt_pressure,nominal,2,0.236003,0.224824,0.175913,0.212904,0.2184,0.08211,0.48208,0.155232
deformable_sorting,false_halt_pressure,nominal,3,0.236003,0.224824,0.175913,0.212904,0.2184,0.08211,0.48208,0.155232
deformable_sorting,false_halt_pressure,nominal,4,0.236003,0.224824,0.175913,0.212904,0.2184,0.08211,0.48208,0.155232
deformable_sorting,false_halt_pressure,nominal,5,0.236003,0.224824,0.175913,0.212904,0.2184,0.08211,0.48208,0.155232
deformable_sorting,false_halt_pressure,nominal,6,0.236003,0.224824,0.175913,0.212904,0.2184,0.08211,0.48208,0.155232
deformable_sorting,false_halt_pressure,nominal,7,0.236003,0.224824,0.175913,0.212904,0.2184,0.08211,0.48208,0.155232
deformable_sorting,false_halt_pressure,nominal,8,0.236003,0.224824,0.175913,0.212904,0.2184,0.08211,0.48208,0.155232
deformable_sorting,false_halt_pressure,nominal,9,0.236003,0.224824,0.175913,0.212904,0.2184,0.08211,0.48208,0.155232
deformable_sorting,false_halt_pressure,local_anomaly_shift,0,0.406195,0.283392,0.214079,0.25632,0.29664,0.103787,0.604992,0.19705
deformable_sorting,false_halt_pressure,local_anomaly_shift,1,0.406195,0.283392,0.214079,0.25632,0.29664,0.103787,0.604992,0.19705
deformable_sorting,false_halt_pressure,local_anomaly_shift,2,0.406195,0.283392,0.214079,0.25632,0.29664,0.103787,0.604992,0.19705
deformable_sorting,false_halt_pressure,local_anomaly_shift,3,0.406195,0.283392,0.214079,0.25632,0.29664,0.103787,0.604992,0.19705
deformable_sorting,false_halt_pressure,local_anomaly_shift,4,0.406195,0.283392,0.214079,0.25632,0.29664,0.103787,0.604992,0.19705
deformable_sorting,false_halt_pressure,local_anomaly_shift,5,0.406195,0.283392,0.214079,0.25632,0.29664,0.103787,0.604992,0.19705
deformable_sorting,false_halt_pressure,local_anomaly_shift,6,0.406195,0.283392,0.214079,0.25632,0.29664,0.103787,0.604992,0.19705
deformable_sorting,false_halt_pressure,local_anomaly_shift,7,0.406195,0.283392,0.214079,0.25632,0.29664,0.103787,0.604992,0.19705
deformable_sorting,false_halt_pressure,local_anomaly_shift,8,0.406195,0.283392,0.214079,0.25632,0.29664,0.103787,0.604992,0.19705
deformable_sorting,false_halt_pressure,local_anomaly_shift,9,0.406195,0.283392,0.214079,0.25632,0.29664,0.103787,0.604992,0.19705
deformable_sorting,false_halt_pressure,subgoal_corruption_shift,0,0.309527,0.416586,0.254607,0.299088,0.32384,0.116174,0.64768,0.224611
deformable_sorting,false_halt_pressure,subgoal_corruption_shift,1,0.309527,0.416586,0.254607,0.299088,0.32384,0.116174,0.64768,0.224611
deformable_sorting,false_halt_pressure,subgoal_corruption_shift,2,0.309527,0.416586,0.254607,0.299088,0.32384,0.116174,0.64768,0.224611
deformable_sorting,false_halt_pressure,subgoal_corruption_shift,3,0.309527,0.416586,0.254607,0.299088,0.32384,0.116174,0.64768,0.224611
deformable_sorting,false_halt_pressure,subgoal_corruption_shift,4,0.309527,0.416586,0.254607,0.299088,0.32384,0.116174,0.64768,0.224611
deformable_sorting,false_halt_pressure,subgoal_corruption_shift,5,0.309527,0.416586,0.254607,0.299088,0.32384,0.116174,0.64768,0.224611
deformable_sorting,false_halt_pressure,subgoal_corruption_shift,6,0.309527,0.416586,0.254607,0.299088,0.32384,0.116174,0.64768,0.224611
deformable_sorting,false_halt_pressure,subgoal_corruption_shift,7,0.309527,0.416586,0.254607,0.299088,0.32384,0.116174,0.64768,0.224611
deformable_sorting,false_halt_pressure,subgoal_corruption_shift,8,0.309527,0.416586,0.254607,0.299088,0.32384,0.116174,0.64768,0.224611
deformable_sorting,false_halt_pressure,subgoal_corruption_shift,9,0.309527,0.416586,0.254607,0.299088,0.32384,0.116174,0.64768,0.224611
deformable_sorting,false_halt_pressure,delayed_observation_shift,0,0.335505,0.360852,0.275244,0.363888,0.35872,0.165721,0.722752,0.244042
deformable_sorting,false_halt_pressure,delayed_observation_shift,1,0.335505,0.360852,0.275244,0.363888,0.35872,0.165721,0.722752,0.244042
deformable_sorting,false_halt_pressure,delayed_observation_shift,2,0.335505,0.360852,0.275244,0.363888,0.35872,0.165721,0.722752,0.244042
deformable_sorting,false_halt_pressure,delayed_observation_shift,3,0.335505,0.360852,0.275244,0.363888,0.35872,0.165721,0.722752,0.244042
deformable_sorting,false_halt_pressure,delayed_observation_shift,4,0.335505,0.360852,0.275244,0.363888,0.35872,0.165721,0.722752,0.244042
deformable_sorting,false_halt_pressure,delayed_observation_shift,5,0.335505,0.360852,0.275244,0.363888,0.35872,0.165721,0.722752,0.244042
deformable_sorting,false_halt_pressure,delayed_observation_shift,6,0.335505,0.360852,0.275244,0.363888,0.35872,0.165721,0.722752,0.244042
deformable_sorting,false_halt_pressure,delayed_observation_shift,7,0.335505,0.360852,0.275244,0.363888,0.35872,0.165721,0.722752,0.244042
deformable_sorting,false_halt_pressure,delayed_observation_shift,8,0.335505,0.360852,0.275244,0.363888,0.35872,0.165721,0.722752,0.244042
deformable_sorting,false_halt_pressure,delayed_observation_shift,9,0.335505,0.360852,0.275244,0.363888,0.35872,0.165721,0.722752,0.244042
deformable_sorting,false_halt_pressure,false_halt_shift,0,0.338181,0.334717,0.25784,0.300384,0.33216,0.12293,0.987712,0.221971
deformable_sorting,false_halt_pressure,false_halt_shift,1,0.338181,0.334717,0.25784,0.300384,0.33216,0.12293,0.987712,0.221971
deformable_sorting,false_halt_pressure,false_halt_shift,2,0.338181,0.334717,0.25784,0.300384,0.33216,0.12293,0.987712,0.221971
deformable_sorting,false_halt_pressure,false_halt_shift,3,0.338181,0.334717,0.25784,0.300384,0.33216,0.12293,0.987712,0.221971
deformable_sorting,false_halt_pressure,false_halt_shift,4,0.338181,0.334717,0.25784,0.300384,0.33216,0.12293,0.987712,0.221971
deformable_sorting,false_halt_pressure,false_halt_shift,5,0.338181,0.334717,0.25784,0.300384,0.33216,0.12293,0.987712,0.221971
deformable_sorting,false_halt_pressure,false_halt_shift,6,0.338181,0.334717,0.25784,0.300384,0.33216,0.12293,0.987712,0.221971
deformable_sorting,false_halt_pressure,false_halt_shift,7,0.338181,0.334717,0.25784,0.300384,0.33216,0.12293,0.987712,0.221971
deformable_sorting,false_halt_pressure,false_halt_shift,8,0.338181,0.334717,0.25784,0.300384,0.33216,0.12293,0.987712,0.221971
deformable_sorting,false_halt_pressure,false_halt_shift,9,0.338181,0.334717,0.25784,0.300384,0.33216,0.12293,0.987712,0.221971
deformable_sorting,false_halt_pressure,budget_exhaustion_shift,0,0.376596,0.381949,0.288671,0.365184,0.44256,0.143763,0.783104,0.260093
deformable_sorting,false_halt_pressure,budget_exhaustion_shift,1,0.376596,0.381949,0.288671,0.365184,0.44256,0.143763,0.783104,0.260093
deformable_sorting,false_halt_pressure,budget_exhaustion_shift,2,0.376596,0.381949,0.288671,0.365184,0.44256,0.143763,0.783104,0.260093
deformable_sorting,false_halt_pressure,budget_exhaustion_shift,3,0.376596,0.381949,0.288671,0.365184,0.44256,0.143763,0.783104,0.260093
deformable_sorting,false_halt_pressure,budget_exhaustion_shift,4,0.376596,0.381949,0.288671,0.365184,0.44256,0.143763,0.783104,0.260093
deformable_sorting,false_halt_pressure,budget_exhaustion_shift,5,0.376596,0.381949,0.288671,0.365184,0.44256,0.143763,0.783104,0.260093
deformable_sorting,false_halt_pressure,budget_exhaustion_shift,6,0.376596,0.381949,0.288671,0.365184,0.44256,0.143763,0.783104,0.260093
deformable_sorting,false_halt_pressure,budget_exhaustion_shift,7,0.376596,0.381949,0.288671,0.365184,0.44256,0.143763,0.783104,0.260093
deformable_sorting,false_halt_pressure,budget_exhaustion_shift,8,0.376596,0.381949,0.288671,0.365184,0.44256,0.143763,0.783104,0.260093
deformable_sorting,false_halt_pressure,budget_exhaustion_shift,9,0.376596,0.381949,0.288671,0.365184,0.44256,0.143763,0.783104,0.260093
deformable_sorting,false_halt_pressure,cross_level_cascade_shift,0,0.413595,0.41942,0.324724,0.423504,0.40992,0.150519,0.822848,0.299904
deformable_sorting,false_halt_pressure,cross_level_cascade_shift,1,0.413595,0.41942,0.324724,0.423504,0.40992,0.150519,0.822848,0.299904
deformable_sorting,false_halt_pressure,cross_level_cascade_shift,2,0.413595,0.41942,0.324724,0.423504,0.40992,0.150519,0.822848,0.299904
deformable_sorting,false_halt_pressure,cross_level_cascade_shift,3,0.413595,0.41942,0.324724,0.423504,0.40992,0.150519,0.822848,0.299904
deformable_sorting,false_halt_pressure,cross_level_cascade_shift,4,0.413595,0.41942,0.324724,0.423504,0.40992,0.150519,0.822848,0.299904
deformable_sorting,false_halt_pressure,cross_level_cascade_shift,5,0.413595,0.41942,0.324724,0.423504,0.40992,0.150519,0.822848,0.299904
deformable_sorting,false_halt_pressure,cross_level_cascade_shift,6,0.413595,0.41942,0.324724,0.423504,0.40992,0.150519,0.822848,0.299904
deformable_sorting,false_halt_pressure,cross_level_cascade_shift,7,0.413595,0.41942,0.324724,0.423504,0.40992,0.150519,0.822848,0.299904
deformable_sorting,false_halt_pressure,cross_level_cascade_shift,8,0.413595,0.41942,0.324724,0.423504,0.40992,0.150519,0.822848,0.299904
deformable_sorting,false_halt_pressure,cross_level_cascade_shift,9,0.413595,0.41942,0.324724,0.423504,0.40992,0.150519,0.822848,0.299904
deformable_sorting,false_halt_pressure,combined_extreme,0,0.439887,0.442721,0.346356,0.43776,0.45024,0.167974,0.9568,0.309197
deformable_sorting,false_halt_pressure,combined_extreme,1,0.439887,0.442721,0.346356,0.43776,0.45024,0.167974,0.9568,0.309197
deformable_sorting,false_halt_pressure,combined_extreme,2,0.439887,0.442721,0.346356,0.43776,0.45024,0.167974,0.9568,0.309197
deformable_sorting,false_halt_pressure,combined_extreme,3,0.439887,0.442721,0.346356,0.43776,0.45024,0.167974,0.9568,0.309197
deformable_sorting,false_halt_pressure,combined_extreme,4,0.439887,0.442721,0.346356,0.43776,0.45024,0.167974,0.9568,0.309197
deformable_sorting,false_halt_pressure,combined_extreme,5,0.439887,0.442721,0.346356,0.43776,0.45024,0.167974,0.9568,0.309197
deformable_sorting,false_halt_pressure,combined_extreme,6,0.439887,0.442721,0.346356,0.43776,0.45024,0.167974,0.9568,0.309197
deformable_sorting,false_halt_pressure,combined_extreme,7,0.439887,0.442721,0.346356,0.43776,0.45024,0.167974,0.9568,0.309197
deformable_sorting,false_halt_pressure,combined_extreme,8,0.439887,0.442721,0.346356,0.43776,0.45024,0.167974,0.9568,0.309197
deformable_sorting,false_halt_pressure,combined_extreme,9,0.439887,0.442721,0.346356,0.43776,0.45024,0.167974,0.9568,0.309197
deformable_sorting,delayed_failure_observation,nominal,0,0.31467,0.327869,0.268058,0.366668,0.31668,0.22218,0.262,0.24061
deformable_sorting,delayed_failure_observation,nominal,1,0.31467,0.327869,0.268058,0.366668,0.31668,0.22218,0.262,0.24061
deformable_sorting,delayed_failure_observation,nominal,2,0.31467,0.327869,0.268058,0.366668,0.31668,0.22218,0.262,0.24061
deformable_sorting,delayed_failure_observation,nominal,3,0.31467,0.327869,0.268058,0.366668,0.31668,0.22218,0.262,0.24061
deformable_sorting,delayed_failure_observation,nominal,4,0.31467,0.327869,0.268058,0.366668,0.31668,0.22218,0.262,0.24061
deformable_sorting,delayed_failure_observation,nominal,5,0.31467,0.327869,0.268058,0.366668,0.31668,0.22218,0.262,0.24061
deformable_sorting,delayed_failure_observation,nominal,6,0.31467,0.327869,0.268058,0.366668,0.31668,0.22218,0.262,0.24061
deformable_sorting,delayed_failure_observation,nominal,7,0.31467,0.327869,0.268058,0.366668,0.31668,0.22218,0.262,0.24061
deformable_sorting,delayed_failure_observation,nominal,8,0.31467,0.327869,0.268058,0.366668,0.31668,0.22218,0.262,0.24061
deformable_sorting,delayed_failure_observation,nominal,9,0.31467,0.327869,0.268058,0.366668,0.31668,0.22218,0.262,0.24061
deformable_sorting,delayed_failure_observation,local_anomaly_shift,0,0.541594,0.41328,0.326216,0.44144,0.430128,0.280836,0.3288,0.305427
deformable_sorting,delayed_failure_observation,local_anomaly_shift,1,0.541594,0.41328,0.326216,0.44144,0.430128,0.280836,0.3288,0.305427
deformable_sorting,delayed_failure_observation,local_anomaly_shift,2,0.541594,0.41328,0.326216,0.44144,0.430128,0.280836,0.3288,0.305427
deformable_sorting,delayed_failure_observation,local_anomaly_shift,3,0.541594,0.41328,0.326216,0.44144,0.430128,0.280836,0.3288,0.305427
deformable_sorting,delayed_failure_observation,local_anomaly_shift,4,0.541594,0.41328,0.326216,0.44144,0.430128,0.280836,0.3288,0.305427
deformable_sorting,delayed_failure_observation,local_anomaly_shift,5,0.541594,0.41328,0.326216,0.44144,0.430128,0.280836,0.3288,0.305427
deformable_sorting,delayed_failure_observation,local_anomaly_shift,6,0.541594,0.41328,0.326216,0.44144,0.430128,0.280836,0.3288,0.305427
deformable_sorting,delayed_failure_observation,local_anomaly_shift,7,0.541594,0.41328,0.326216,0.44144,0.430128,0.280836,0.3288,0.305427
deformable_sorting,delayed_failure_observation,local_anomaly_shift,8,0.541594,0.41328,0.326216,0.44144,0.430128,0.280836,0.3288,0.305427
deformable_sorting,delayed_failure_observation,local_anomaly_shift,9,0.541594,0.41328,0.326216,0.44144,0.430128,0.280836,0.3288,0.305427
deformable_sorting,delayed_failure_observation,subgoal_corruption_shift,0,0.412703,0.607522,0.387973,0.515096,0.469568,0.314353,0.352,0.348147
deformable_sorting,delayed_failure_observation,subgoal_corruption_shift,1,0.412703,0.607522,0.387973,0.515096,0.469568,0.314353,0.352,0.348147
deformable_sorting,delayed_failure_observation,subgoal_corruption_shift,2,0.412703,0.607522,0.387973,0.515096,0.469568,0.314353,0.352,0.348147
deformable_sorting,delayed_failure_observation,subgoal_corruption_shift,3,0.412703,0.607522,0.387973,0.515096,0.469568,0.314353,0.352,0.348147
deformable_sorting,delayed_failure_observation,subgoal_corruption_shift,4,0.412703,0.607522,0.387973,0.515096,0.469568,0.314353,0.352,0.348147
deformable_sorting,delayed_failure_observation,subgoal_corruption_shift,5,0.412703,0.607522,0.387973,0.515096,0.469568,0.314353,0.352,0.348147
deformable_sorting,delayed_failure_observation,subgoal_corruption_shift,6,0.412703,0.607522,0.387973,0.515096,0.469568,0.314353,0.352,0.348147
deformable_sorting,delayed_failure_observation,subgoal_corruption_shift,7,0.412703,0.607522,0.387973,0.515096,0.469568,0.314353,0.352,0.348147
deformable_sorting,delayed_failure_observation,subgoal_corruption_shift,8,0.412703,0.607522,0.387973,0.515096,0.469568,0.314353,0.352,0.348147
deformable_sorting,delayed_failure_observation,subgoal_corruption_shift,9,0.412703,0.607522,0.387973,0.515096,0.469568,0.314353,0.352,0.348147
deformable_sorting,delayed_failure_observation,delayed_observation_shift,0,0.44734,0.526243,0.41942,0.626696,0.520144,0.448423,0.3928,0.378264
deformable_sorting,delayed_failure_observation,delayed_observation_shift,1,0.44734,0.526243,0.41942,0.626696,0.520144,0.448423,0.3928,0.378264
deformable_sorting,delayed_failure_observation,delayed_observation_shift,2,0.44734,0.526243,0.41942,0.626696,0.520144,0.448423,0.3928,0.378264
deformable_sorting,delayed_failure_observation,delayed_observation_shift,3,0.44734,0.526243,0.41942,0.626696,0.520144,0.448423,0.3928,0.378264
deformable_sorting,delayed_failure_observation,delayed_observation_shift,4,0.44734,0.526243,0.41942,0.626696,0.520144,0.448423,0.3928,0.378264
deformable_sorting,delayed_failure_observation,delayed_observation_shift,5,0.44734,0.526243,0.41942,0.626696,0.520144,0.448423,0.3928,0.378264
deformable_sorting,delayed_failure_observation,delayed_observation_shift,6,0.44734,0.526243,0.41942,0.626696,0.520144,0.448423,0.3928,0.378264
deformable_sorting,delayed_failure_observation,delayed_observation_shift,7,0.44734,0.526243,0.41942,0.626696,0.520144,0.448423,0.3928,0.378264
deformable_sorting,delayed_failure_observation,delayed_observation_shift,8,0.44734,0.526243,0.41942,0.626696,0.520144,0.448423,0.3928,0.378264
deformable_sorting,delayed_failure_observation,delayed_observation_shift,9,0.44734,0.526243,0.41942,0.626696,0.520144,0.448423,0.3928,0.378264
deformable_sorting,delayed_failure_observation,false_halt_shift,0,0.450908,0.48813,0.392899,0.517328,0.481632,0.332635,0.5368,0.344055
deformable_sorting,delayed_failure_observation,false_halt_shift,1,0.450908,0.48813,0.392899,0.517328,0.481632,0.332635,0.5368,0.344055
deformable_sorting,delayed_failure_observation,false_halt_shift,2,0.450908,0.48813,0.392899,0.517328,0.481632,0.332635,0.5368,0.344055
deformable_sorting,delayed_failure_observation,false_halt_shift,3,0.450908,0.48813,0.392899,0.517328,0.481632,0.332635,0.5368,0.344055
deformable_sorting,delayed_failure_observation,false_halt_shift,4,0.450908,0.48813,0.392899,0.517328,0.481632,0.332635,0.5368,0.344055
deformable_sorting,delayed_failure_observation,false_halt_shift,5,0.450908,0.48813,0.392899,0.517328,0.481632,0.332635,0.5368,0.344055
deformable_sorting,delayed_failure_observation,false_halt_shift,6,0.450908,0.48813,0.392899,0.517328,0.481632,0.332635,0.5368,0.344055
deformable_sorting,delayed_failure_observation,false_halt_shift,7,0.450908,0.48813,0.392899,0.517328,0.481632,0.332635,0.5368,0.344055
deformable_sorting,delayed_failure_observation,false_halt_shift,8,0.450908,0.48813,0.392899,0.517328,0.481632,0.332635,0.5368,0.344055
deformable_sorting,delayed_failure_observation,false_halt_shift,9,0.450908,0.48813,0.392899,0.517328,0.481632,0.332635,0.5368,0.344055
deformable_sorting,delayed_failure_observation,budget_exhaustion_shift,0,0.502129,0.55701,0.43988,0.628928,0.641712,0.389005,0.4256,0.403144
deformable_sorting,delayed_failure_observation,budget_exhaustion_shift,1,0.502129,0.55701,0.43988,0.628928,0.641712,0.389005,0.4256,0.403144
deformable_sorting,delayed_failure_observation,budget_exhaustion_shift,2,0.502129,0.55701,0.43988,0.628928,0.641712,0.389005,0.4256,0.403144
deformable_sorting,delayed_failure_observation,budget_exhaustion_shift,3,0.502129,0.55701,0.43988,0.628928,0.641712,0.389005,0.4256,0.403144
deformable_sorting,delayed_failure_observation,budget_exhaustion_shift,4,0.502129,0.55701,0.43988,0.628928,0.641712,0.389005,0.4256,0.403144
deformable_sorting,delayed_failure_observation,budget_exhaustion_shift,5,0.502129,0.55701,0.43988,0.628928,0.641712,0.389005,0.4256,0.403144
deformable_sorting,delayed_failure_observation,budget_exhaustion_shift,6,0.502129,0.55701,0.43988,0.628928,0.641712,0.389005,0.4256,0.403144
deformable_sorting,delayed_failure_observation,budget_exhaustion_shift,7,0.502129,0.55701,0.43988,0.628928,0.641712,0.389005,0.4256,0.403144
deformable_sorting,delayed_failure_observation,budget_exhaustion_shift,8,0.502129,0.55701,0.43988,0.628928,0.641712,0.389005,0.4256,0.403144
deformable_sorting,delayed_failure_observation,budget_exhaustion_shift,9,0.502129,0.55701,0.43988,0.628928,0.641712,0.389005,0.4256,0.403144
deformable_sorting,delayed_failure_observation,cross_level_cascade_shift,0,0.55146,0.611654,0.494817,0.729368,0.594384,0.407288,0.4472,0.464851
deformable_sorting,delayed_failure_observation,cross_level_cascade_shift,1,0.55146,0.611654,0.494817,0.729368,0.594384,0.407288,0.4472,0.464851
deformable_sorting,delayed_failure_observation,cross_level_cascade_shift,2,0.55146,0.611654,0.494817,0.729368,0.594384,0.407288,0.4472,0.464851
deformable_sorting,delayed_failure_observation,cross_level_cascade_shift,3,0.55146,0.611654,0.494817,0.729368,0.594384,0.407288,0.4472,0.464851
deformable_sorting,delayed_failure_observation,cross_level_cascade_shift,4,0.55146,0.611654,0.494817,0.729368,0.594384,0.407288,0.4472,0.464851
deformable_sorting,delayed_failure_observation,cross_level_cascade_shift,5,0.55146,0.611654,0.494817,0.729368,0.594384,0.407288,0.4472,0.464851
deformable_sorting,delayed_failure_observation,cross_level_cascade_shift,6,0.55146,0.611654,0.494817,0.729368,0.594384,0.407288,0.4472,0.464851
deformable_sorting,delayed_failure_observation,cross_level_cascade_shift,7,0.55146,0.611654,0.494817,0.729368,0.594384,0.407288,0.4472,0.464851
deformable_sorting,delayed_failure_observation,cross_level_cascade_shift,8,0.55146,0.611654,0.494817,0.729368,0.594384,0.407288,0.4472,0.464851
deformable_sorting,delayed_failure_observation,cross_level_cascade_shift,9,0.55146,0.611654,0.494817,0.729368,0.594384,0.407288,0.4472,0.464851
deformable_sorting,delayed_failure_observation,combined_extreme,0,0.586516,0.645635,0.52778,0.75392,0.652848,0.454517,0.52,0.479255
deformable_sorting,delayed_failure_observation,combined_extreme,1,0.586516,0.645635,0.52778,0.75392,0.652848,0.454517,0.52,0.479255
deformable_sorting,delayed_failure_observation,combined_extreme,2,0.586516,0.645635,0.52778,0.75392,0.652848,0.454517,0.52,0.479255
deformable_sorting,delayed_failure_observation,combined_extreme,3,0.586516,0.645635,0.52778,0.75392,0.652848,0.454517,0.52,0.479255
deformable_sorting,delayed_failure_observation,combined_extreme,4,0.586516,0.645635,0.52778,0.75392,0.652848,0.454517,0.52,0.479255
deformable_sorting,delayed_failure_observation,combined_extreme,5,0.586516,0.645635,0.52778,0.75392,0.652848,0.454517,0.52,0.479255
deformable_sorting,delayed_failure_observation,combined_extreme,6,0.586516,0.645635,0.52778,0.75392,0.652848,0.454517,0.52,0.479255
deformable_sorting,delayed_failure_observation,combined_extreme,7,0.586516,0.645635,0.52778,0.75392,0.652848,0.454517,0.52,0.479255
deformable_sorting,delayed_failure_observation,combined_extreme,8,0.586516,0.645635,0.52778,0.75392,0.652848,0.454517,0.52,0.479255
deformable_sorting,delayed_failure_observation,combined_extreme,9,0.586516,0.645635,0.52778,0.75392,0.652848,0.454517,0.52,0.479255
deformable_sorting,recovery_budget_exhaustion,nominal,0,0.334337,0.309133,0.251304,0.41398,0.51324,0.14973,0.28296,0.256133
deformable_sorting,recovery_budget_exhaustion,nominal,1,0.334337,0.309133,0.251304,0.41398,0.51324,0.14973,0.28296,0.256133
deformable_sorting,recovery_budget_exhaustion,nominal,2,0.334337,0.309133,0.251304,0.41398,0.51324,0.14973,0.28296,0.256133
deformable_sorting,recovery_budget_exhaustion,nominal,3,0.334337,0.309133,0.251304,0.41398,0.51324,0.14973,0.28296,0.256133
deformable_sorting,recovery_budget_exhaustion,nominal,4,0.334337,0.309133,0.251304,0.41398,0.51324,0.14973,0.28296,0.256133
deformable_sorting,recovery_budget_exhaustion,nominal,5,0.334337,0.309133,0.251304,0.41398,0.51324,0.14973,0.28296,0.256133
deformable_sorting,recovery_budget_exhaustion,nominal,6,0.334337,0.309133,0.251304,0.41398,0.51324,0.14973,0.28296,0.256133
deformable_sorting,recovery_budget_exhaustion,nominal,7,0.334337,0.309133,0.251304,0.41398,0.51324,0.14973,0.28296,0.256133
deformable_sorting,recovery_budget_exhaustion,nominal,8,0.334337,0.309133,0.251304,0.41398,0.51324,0.14973,0.28296,0.256133
deformable_sorting,recovery_budget_exhaustion,nominal,9,0.334337,0.309133,0.251304,0.41398,0.51324,0.14973,0.28296,0.256133
deformable_sorting,recovery_budget_exhaustion,local_anomaly_shift,0,0.575443,0.389664,0.305827,0.4984,0.697104,0.189259,0.355104,0.325132
deformable_sorting,recovery_budget_exhaustion,local_anomaly_shift,1,0.575443,0.389664,0.305827,0.4984,0.697104,0.189259,0.355104,0.325132
deformable_sorting,recovery_budget_exhaustion,local_anomaly_shift,2,0.575443,0.389664,0.305827,0.4984,0.697104,0.189259,0.355104,0.325132
deformable_sorting,recovery_budget_exhaustion,local_anomaly_shift,3,0.575443,0.389664,0.305827,0.4984,0.697104,0.189259,0.355104,0.325132
deformable_sorting,recovery_budget_exhaustion,local_anomaly_shift,4,0.575443,0.389664,0.305827,0.4984,0.697104,0.189259,0.355104,0.325132
deformable_sorting,recovery_budget_exhaustion,local_anomaly_shift,5,0.575443,0.389664,0.305827,0.4984,0.697104,0.189259,0.355104,0.325132
deformable_sorting,recovery_budget_exhaustion,local_anomaly_shift,6,0.575443,0.389664,0.305827,0.4984,0.697104,0.189259,0.355104,0.325132
deformable_sorting,recovery_budget_exhaustion,local_anomaly_shift,7,0.575443,0.389664,0.305827,0.4984,0.697104,0.189259,0.355104,0.325132
deformable_sorting,recovery_budget_exhaustion,local_anomaly_shift,8,0.575443,0.389664,0.305827,0.4984,0.697104,0.189259,0.355104,0.325132
deformable_sorting,recovery_budget_exhaustion,local_anomaly_shift,9,0.575443,0.389664,0.305827,0.4984,0.697104,0.189259,0.355104,0.325132
deformable_sorting,recovery_budget_exhaustion,subgoal_corruption_shift,0,0.438497,0.572806,0.363725,0.58156,0.761024,0.211847,0.38016,0.370608
deformable_sorting,recovery_budget_exhaustion,subgoal_corruption_shift,1,0.438497,0.572806,0.363725,0.58156,0.761024,0.211847,0.38016,0.370608
deformable_sorting,recovery_budget_exhaustion,subgoal_corruption_shift,2,0.438497,0.572806,0.363725,0.58156,0.761024,0.211847,0.38016,0.370608
deformable_sorting,recovery_budget_exhaustion,subgoal_corruption_shift,3,0.438497,0.572806,0.363725,0.58156,0.761024,0.211847,0.38016,0.370608
deformable_sorting,recovery_budget_exhaustion,subgoal_corruption_shift,4,0.438497,0.572806,0.363725,0.58156,0.761024,0.211847,0.38016,0.370608
deformable_sorting,recovery_budget_exhaustion,subgoal_corruption_shift,5,0.438497,0.572806,0.363725,0.58156,0.761024,0.211847,0.38016,0.370608
deformable_sorting,recovery_budget_exhaustion,subgoal_corruption_shift,6,0.438497,0.572806,0.363725,0.58156,0.761024,0.211847,0.38016,0.370608
deformable_sorting,recovery_budget_exhaustion,subgoal_corruption_shift,7,0.438497,0.572806,0.363725,0.58156,0.761024,0.211847,0.38016,0.370608
deformable_sorting,recovery_budget_exhaustion,subgoal_corruption_shift,8,0.438497,0.572806,0.363725,0.58156,0.761024,0.211847,0.38016,0.370608
deformable_sorting,recovery_budget_exhaustion,subgoal_corruption_shift,9,0.438497,0.572806,0.363725,0.58156,0.761024,0.211847,0.38016,0.370608
deformable_sorting,recovery_budget_exhaustion,delayed_observation_shift,0,0.475298,0.496172,0.393206,0.70756,0.842992,0.302198,0.424224,0.402669
deformable_sorting,recovery_budget_exhaustion,delayed_observation_shift,1,0.475298,0.496172,0.393206,0.70756,0.842992,0.302198,0.424224,0.402669
deformable_sorting,recovery_budget_exhaustion,delayed_observation_shift,2,0.475298,0.496172,0.393206,0.70756,0.842992,0.302198,0.424224,0.402669
deformable_sorting,recovery_budget_exhaustion,delayed_observation_shift,3,0.475298,0.496172,0.393206,0.70756,0.842992,0.302198,0.424224,0.402669
deformable_sorting,recovery_budget_exhaustion,delayed_observation_shift,4,0.475298,0.496172,0.393206,0.70756,0.842992,0.302198,0.424224,0.402669
deformable_sorting,recovery_budget_exhaustion,delayed_observation_shift,5,0.475298,0.496172,0.393206,0.70756,0.842992,0.302198,0.424224,0.402669
deformable_sorting,recovery_budget_exhaustion,delayed_observation_shift,6,0.475298,0.496172,0.393206,0.70756,0.842992,0.302198,0.424224,0.402669
deformable_sorting,recovery_budget_exhaustion,delayed_observation_shift,7,0.475298,0.496172,0.393206,0.70756,0.842992,0.302198,0.424224,0.402669
deformable_sorting,recovery_budget_exhaustion,delayed_observation_shift,8,0.475298,0.496172,0.393206,0.70756,0.842992,0.302198,0.424224,0.402669
deformable_sorting,recovery_budget_exhaustion,delayed_observation_shift,9,0.475298,0.496172,0.393206,0.70756,0.842992,0.302198,0.424224,0.402669
deformable_sorting,recovery_budget_exhaustion,false_halt_shift,0,0.47909,0.460236,0.368342,0.58408,0.780576,0.224167,0.579744,0.366252
deformable_sorting,recovery_budget_exhaustion,false_halt_shift,1,0.47909,0.460236,0.368342,0.58408,0.780576,0.224167,0.579744,0.366252
deformable_sorting,recovery_budget_exhaustion,false_halt_shift,2,0.47909,0.460236,0.368342,0.58408,0.780576,0.224167,0.579744,0.366252
deformable_sorting,recovery_budget_exhaustion,false_halt_shift,3,0.47909,0.460236,0.368342,0.58408,0.780576,0.224167,0.579744,0.366252
deformable_sorting,recovery_budget_exhaustion,false_halt_shift,4,0.47909,0.460236,0.368342,0.58408,0.780576,0.224167,0.579744,0.366252
deformable_sorting,recovery_budget_exhaustion,false_halt_shift,5,0.47909,0.460236,0.368342,0.58408,0.780576,0.224167,0.579744,0.366252
deformable_sorting,recovery_budget_exhaustion,false_halt_shift,6,0.47909,0.460236,0.368342,0.58408,0.780576,0.224167,0.579744,0.366252
deformable_sorting,recovery_budget_exhaustion,false_halt_shift,7,0.47909,0.460236,0.368342,0.58408,0.780576,0.224167,0.579744,0.366252
deformable_sorting,recovery_budget_exhaustion,false_halt_shift,8,0.47909,0.460236,0.368342,0.58408,0.780576,0.224167,0.579744,0.366252
deformable_sorting,recovery_budget_exhaustion,false_halt_shift,9,0.47909,0.460236,0.368342,0.58408,0.780576,0.224167,0.579744,0.366252
deformable_sorting,recovery_budget_exhaustion,budget_exhaustion_shift,0,0.533512,0.52518,0.412387,0.71008,1.0,0.262156,0.459648,0.429153
deformable_sorting,recovery_budget_exhaustion,budget_exhaustion_shift,1,0.533512,0.52518,0.412387,0.71008,1.0,0.262156,0.459648,0.429153
deformable_sorting,recovery_budget_exhaustion,budget_exhaustion_shift,2,0.533512,0.52518,0.412387,0.71008,1.0,0.262156,0.459648,0.429153
deformable_sorting,recovery_budget_exhaustion,budget_exhaustion_shift,3,0.533512,0.52518,0.412387,0.71008,1.0,0.262156,0.459648,0.429153
deformable_sorting,recovery_budget_exhaustion,budget_exhaustion_shift,4,0.533512,0.52518,0.412387,0.71008,1.0,0.262156,0.459648,0.429153
deformable_sorting,recovery_budget_exhaustion,budget_exhaustion_shift,5,0.533512,0.52518,0.412387,0.71008,1.0,0.262156,0.459648,0.429153
deformable_sorting,recovery_budget_exhaustion,budget_exhaustion_shift,6,0.533512,0.52518,0.412387,0.71008,1.0,0.262156,0.459648,0.429153
deformable_sorting,recovery_budget_exhaustion,budget_exhaustion_shift,7,0.533512,0.52518,0.412387,0.71008,1.0,0.262156,0.459648,0.429153
deformable_sorting,recovery_budget_exhaustion,budget_exhaustion_shift,8,0.533512,0.52518,0.412387,0.71008,1.0,0.262156,0.459648,0.429153
deformable_sorting,recovery_budget_exhaustion,budget_exhaustion_shift,9,0.533512,0.52518,0.412387,0.71008,1.0,0.262156,0.459648,0.429153
deformable_sorting,recovery_budget_exhaustion,cross_level_cascade_shift,0,0.585926,0.576703,0.463891,0.82348,0.963312,0.274476,0.482976,0.494842
deformable_sorting,recovery_budget_exhaustion,cross_level_cascade_shift,1,0.585926,0.576703,0.463891,0.82348,0.963312,0.274476,0.482976,0.494842
deformable_sorting,recovery_budget_exhaustion,cross_level_cascade_shift,2,0.585926,0.576703,0.463891,0.82348,0.963312,0.274476,0.482976,0.494842
deformable_sorting,recovery_budget_exhaustion,cross_level_cascade_shift,3,0.585926,0.576703,0.463891,0.82348,0.963312,0.274476,0.482976,0.494842
deformable_sorting,recovery_budget_exhaustion,cross_level_cascade_shift,4,0.585926,0.576703,0.463891,0.82348,0.963312,0.274476,0.482976,0.494842
deformable_sorting,recovery_budget_exhaustion,cross_level_cascade_shift,5,0.585926,0.576703,0.463891,0.82348,0.963312,0.274476,0.482976,0.494842
deformable_sorting,recovery_budget_exhaustion,cross_level_cascade_shift,6,0.585926,0.576703,0.463891,0.82348,0.963312,0.274476,0.482976,0.494842
deformable_sorting,recovery_budget_exhaustion,cross_level_cascade_shift,7,0.585926,0.576703,0.463891,0.82348,0.963312,0.274476,0.482976,0.494842
deformable_sorting,recovery_budget_exhaustion,cross_level_cascade_shift,8,0.585926,0.576703,0.463891,0.82348,0.963312,0.274476,0.482976,0.494842
deformable_sorting,recovery_budget_exhaustion,cross_level_cascade_shift,9,0.585926,0.576703,0.463891,0.82348,0.963312,0.274476,0.482976,0.494842
deformable_sorting,recovery_budget_exhaustion,combined_extreme,0,0.623174,0.608742,0.494794,0.8512,1.0,0.306305,0.5616,0.510175
deformable_sorting,recovery_budget_exhaustion,combined_extreme,1,0.623174,0.608742,0.494794,0.8512,1.0,0.306305,0.5616,0.510175
deformable_sorting,recovery_budget_exhaustion,combined_extreme,2,0.623174,0.608742,0.494794,0.8512,1.0,0.306305,0.5616,0.510175
deformable_sorting,recovery_budget_exhaustion,combined_extreme,3,0.623174,0.608742,0.494794,0.8512,1.0,0.306305,0.5616,0.510175
deformable_sorting,recovery_budget_exhaustion,combined_extreme,4,0.623174,0.608742,0.494794,0.8512,1.0,0.306305,0.5616,0.510175
deformable_sorting,recovery_budget_exhaustion,combined_extreme,5,0.623174,0.608742,0.494794,0.8512,1.0,0.306305,0.5616,0.510175
deformable_sorting,recovery_budget_exhaustion,combined_extreme,6,0.623174,0.608742,0.494794,0.8512,1.0,0.306305,0.5616,0.510175
deformable_sorting,recovery_budget_exhaustion,combined_extreme,7,0.623174,0.608742,0.494794,0.8512,1.0,0.306305,0.5616,0.510175
deformable_sorting,recovery_budget_exhaustion,combined_extreme,8,0.623174,0.608742,0.494794,0.8512,1.0,0.306305,0.5616,0.510175
deformable_sorting,recovery_budget_exhaustion,combined_extreme,9,0.623174,0.608742,0.494794,0.8512,1.0,0.306305,0.5616,0.510175
deformable_sorting,compositional_failure_chain,nominal,0,0.432671,0.40281,0.343449,0.567744,0.46956,0.18837,0.33536,0.325987
deformable_sorting,compositional_failure_chain,nominal,1,0.432671,0.40281,0.343449,0.567744,0.46956,0.18837,0.33536,0.325987
deformable_sorting,compositional_failure_chain,nominal,2,0.432671,0.40281,0.343449,0.567744,0.46956,0.18837,0.33536,0.325987
deformable_sorting,compositional_failure_chain,nominal,3,0.432671,0.40281,0.343449,0.567744,0.46956,0.18837,0.33536,0.325987
deformable_sorting,compositional_failure_chain,nominal,4,0.432671,0.40281,0.343449,0.567744,0.46956,0.18837,0.33536,0.325987
deformable_sorting,compositional_failure_chain,nominal,5,0.432671,0.40281,0.343449,0.567744,0.46956,0.18837,0.33536,0.325987
deformable_sorting,compositional_failure_chain,nominal,6,0.432671,0.40281,0.343449,0.567744,0.46956,0.18837,0.33536,0.325987
deformable_sorting,compositional_failure_chain,nominal,7,0.432671,0.40281,0.343449,0.567744,0.46956,0.18837,0.33536,0.325987
deformable_sorting,compositional_failure_chain,nominal,8,0.432671,0.40281,0.343449,0.567744,0.46956,0.18837,0.33536,0.325987
deformable_sorting,compositional_failure_chain,nominal,9,0.432671,0.40281,0.343449,0.567744,0.46956,0.18837,0.33536,0.325987
deformable_sorting,compositional_failure_chain,local_anomaly_shift,0,0.744691,0.507744,0.417964,0.68352,0.637776,0.2381,0.420864,0.413804
deformable_sorting,compositional_failure_chain,local_anomaly_shift,1,0.744691,0.507744,0.417964,0.68352,0.637776,0.2381,0.420864,0.413804
deformable_sorting,compositional_failure_chain,local_anomaly_shift,2,0.744691,0.507744,0.417964,0.68352,0.637776,0.2381,0.420864,0.413804
deformable_sorting,compositional_failure_chain,local_anomaly_shift,3,0.744691,0.507744,0.417964,0.68352,0.637776,0.2381,0.420864,0.413804
deformable_sorting,compositional_failure_chain,local_anomaly_shift,4,0.744691,0.507744,0.417964,0.68352,0.637776,0.2381,0.420864,0.413804
deformable_sorting,compositional_failure_chain,local_anomaly_shift,5,0.744691,0.507744,0.417964,0.68352,0.637776,0.2381,0.420864,0.413804
deformable_sorting,compositional_failure_chain,local_anomaly_shift,6,0.744691,0.507744,0.417964,0.68352,0.637776,0.2381,0.420864,0.413804
deformable_sorting,compositional_failure_chain,local_anomaly_shift,7,0.744691,0.507744,0.417964,0.68352,0.637776,0.2381,0.420864,0.413804
deformable_sorting,compositional_failure_chain,local_anomaly_shift,8,0.744691,0.507744,0.417964,0.68352,0.637776,0.2381,0.420864,0.413804
deformable_sorting,compositional_failure_chain,local_anomaly_shift,9,0.744691,0.507744,0.417964,0.68352,0.637776,0.2381,0.420864,0.413804
deformable_sorting,compositional_failure_chain,subgoal_corruption_shift,0,0.567466,0.746384,0.497091,0.797568,0.696256,0.266517,0.45056,0.471684
deformable_sorting,compositional_failure_chain,subgoal_corruption_shift,1,0.567466,0.746384,0.497091,0.797568,0.696256,0.266517,0.45056,0.471684
deformable_sorting,compositional_failure_chain,subgoal_corruption_shift,2,0.567466,0.746384,0.497091,0.797568,0.696256,0.266517,0.45056,0.471684
deformable_sorting,compositional_failure_chain,subgoal_corruption_shift,3,0.567466,0.746384,0.497091,0.797568,0.696256,0.266517,0.45056,0.471684
deformable_sorting,compositional_failure_chain,subgoal_corruption_shift,4,0.567466,0.746384,0.497091,0.797568,0.696256,0.266517,0.45056,0.471684
deformable_sorting,compositional_failure_chain,subgoal_corruption_shift,5,0.567466,0.746384,0.497091,0.797568,0.696256,0.266517,0.45056,0.471684
deformable_sorting,compositional_failure_chain,subgoal_corruption_shift,6,0.567466,0.746384,0.497091,0.797568,0.696256,0.266517,0.45056,0.471684
deformable_sorting,compositional_failure_chain,subgoal_corruption_shift,7,0.567466,0.746384,0.497091,0.797568,0.696256,0.266517,0.45056,0.471684
deformable_sorting,compositional_failure_chain,subgoal_corruption_shift,8,0.567466,0.746384,0.497091,0.797568,0.696256,0.266517,0.45056,0.471684
deformable_sorting,compositional_failure_chain,subgoal_corruption_shift,9,0.567466,0.746384,0.497091,0.797568,0.696256,0.266517,0.45056,0.471684
deformable_sorting,compositional_failure_chain,delayed_observation_shift,0,0.615092,0.646527,0.537382,0.970368,0.771248,0.380184,0.502784,0.512487
deformable_sorting,compositional_failure_chain,delayed_observation_shift,1,0.615092,0.646527,0.537382,0.970368,0.771248,0.380184,0.502784,0.512487
deformable_sorting,compositional_failure_chain,delayed_observation_shift,2,0.615092,0.646527,0.537382,0.970368,0.771248,0.380184,0.502784,0.512487
deformable_sorting,compositional_failure_chain,delayed_observation_shift,3,0.615092,0.646527,0.537382,0.970368,0.771248,0.380184,0.502784,0.512487
deformable_sorting,compositional_failure_chain,delayed_observation_shift,4,0.615092,0.646527,0.537382,0.970368,0.771248,0.380184,0.502784,0.512487
deformable_sorting,compositional_failure_chain,delayed_observation_shift,5,0.615092,0.646527,0.537382,0.970368,0.771248,0.380184,0.502784,0.512487
deformable_sorting,compositional_failure_chain,delayed_observation_shift,6,0.615092,0.646527,0.537382,0.970368,0.771248,0.380184,0.502784,0.512487
deformable_sorting,compositional_failure_chain,delayed_observation_shift,7,0.615092,0.646527,0.537382,0.970368,0.771248,0.380184,0.502784,0.512487
deformable_sorting,compositional_failure_chain,delayed_observation_shift,8,0.615092,0.646527,0.537382,0.970368,0.771248,0.380184,0.502784,0.512487
deformable_sorting,compositional_failure_chain,delayed_observation_shift,9,0.615092,0.646527,0.537382,0.970368,0.771248,0.380184,0.502784,0.512487
deformable_sorting,compositional_failure_chain,false_halt_shift,0,0.619999,0.599702,0.503401,0.801024,0.714144,0.282017,0.687104,0.46614
deformable_sorting,compositional_failure_chain,false_halt_shift,1,0.619999,0.599702,0.503401,0.801024,0.714144,0.282017,0.687104,0.46614
deformable_sorting,compositional_failure_chain,false_halt_shift,2,0.619999,0.599702,0.503401,0.801024,0.714144,0.282017,0.687104,0.46614
deformable_sorting,compositional_failure_chain,false_halt_shift,3,0.619999,0.599702,0.503401,0.801024,0.714144,0.282017,0.687104,0.46614
deformable_sorting,compositional_failure_chain,false_halt_shift,4,0.619999,0.599702,0.503401,0.801024,0.714144,0.282017,0.687104,0.46614
deformable_sorting,compositional_failure_chain,false_halt_shift,5,0.619999,0.599702,0.503401,0.801024,0.714144,0.282017,0.687104,0.46614
deformable_sorting,compositional_failure_chain,false_halt_shift,6,0.619999,0.599702,0.503401,0.801024,0.714144,0.282017,0.687104,0.46614
deformable_sorting,compositional_failure_chain,false_halt_shift,7,0.619999,0.599702,0.503401,0.801024,0.714144,0.282017,0.687104,0.46614
deformable_sorting,compositional_failure_chain,false_halt_shift,8,0.619999,0.599702,0.503401,0.801024,0.714144,0.282017,0.687104,0.46614
deformable_sorting,compositional_failure_chain,false_halt_shift,9,0.619999,0.599702,0.503401,0.801024,0.714144,0.282017,0.687104,0.46614
deformable_sorting,compositional_failure_chain,budget_exhaustion_shift,0,0.690427,0.684326,0.563596,0.973824,0.951504,0.329809,0.544768,0.546195
deformable_sorting,compositional_failure_chain,budget_exhaustion_shift,1,0.690427,0.684326,0.563596,0.973824,0.951504,0.329809,0.544768,0.546195
deformable_sorting,compositional_failure_chain,budget_exhaustion_shift,2,0.690427,0.684326,0.563596,0.973824,0.951504,0.329809,0.544768,0.546195
deformable_sorting,compositional_failure_chain,budget_exhaustion_shift,3,0.690427,0.684326,0.563596,0.973824,0.951504,0.329809,0.544768,0.546195
deformable_sorting,compositional_failure_chain,budget_exhaustion_shift,4,0.690427,0.684326,0.563596,0.973824,0.951504,0.329809,0.544768,0.546195
deformable_sorting,compositional_failure_chain,budget_exhaustion_shift,5,0.690427,0.684326,0.563596,0.973824,0.951504,0.329809,0.544768,0.546195
deformable_sorting,compositional_failure_chain,budget_exhaustion_shift,6,0.690427,0.684326,0.563596,0.973824,0.951504,0.329809,0.544768,0.546195
deformable_sorting,compositional_failure_chain,budget_exhaustion_shift,7,0.690427,0.684326,0.563596,0.973824,0.951504,0.329809,0.544768,0.546195
deformable_sorting,compositional_failure_chain,budget_exhaustion_shift,8,0.690427,0.684326,0.563596,0.973824,0.951504,0.329809,0.544768,0.546195
deformable_sorting,compositional_failure_chain,budget_exhaustion_shift,9,0.690427,0.684326,0.563596,0.973824,0.951504,0.329809,0.544768,0.546195
deformable_sorting,compositional_failure_chain,cross_level_cascade_shift,0,0.758257,0.751461,0.633985,1.0,0.881328,0.345309,0.572416,0.629798
deformable_sorting,compositional_failure_chain,cross_level_cascade_shift,1,0.758257,0.751461,0.633985,1.0,0.881328,0.345309,0.572416,0.629798
deformable_sorting,compositional_failure_chain,cross_level_cascade_shift,2,0.758257,0.751461,0.633985,1.0,0.881328,0.345309,0.572416,0.629798
deformable_sorting,compositional_failure_chain,cross_level_cascade_shift,3,0.758257,0.751461,0.633985,1.0,0.881328,0.345309,0.572416,0.629798
deformable_sorting,compositional_failure_chain,cross_level_cascade_shift,4,0.758257,0.751461,0.633985,1.0,0.881328,0.345309,0.572416,0.629798
deformable_sorting,compositional_failure_chain,cross_level_cascade_shift,5,0.758257,0.751461,0.633985,1.0,0.881328,0.345309,0.572416,0.629798
deformable_sorting,compositional_failure_chain,cross_level_cascade_shift,6,0.758257,0.751461,0.633985,1.0,0.881328,0.345309,0.572416,0.629798
deformable_sorting,compositional_failure_chain,cross_level_cascade_shift,7,0.758257,0.751461,0.633985,1.0,0.881328,0.345309,0.572416,0.629798
deformable_sorting,compositional_failure_chain,cross_level_cascade_shift,8,0.758257,0.751461,0.633985,1.0,0.881328,0.345309,0.572416,0.629798
deformable_sorting,compositional_failure_chain,cross_level_cascade_shift,9,0.758257,0.751461,0.633985,1.0,0.881328,0.345309,0.572416,0.629798
deformable_sorting,compositional_failure_chain,combined_extreme,0,0.80646,0.793209,0.676218,1.0,0.968016,0.385351,0.6656,0.649313
deformable_sorting,compositional_failure_chain,combined_extreme,1,0.80646,0.793209,0.676218,1.0,0.968016,0.385351,0.6656,0.649313
deformable_sorting,compositional_failure_chain,combined_extreme,2,0.80646,0.793209,0.676218,1.0,0.968016,0.385351,0.6656,0.649313
deformable_sorting,compositional_failure_chain,combined_extreme,3,0.80646,0.793209,0.676218,1.0,0.968016,0.385351,0.6656,0.649313
deformable_sorting,compositional_failure_chain,combined_extreme,4,0.80646,0.793209,0.676218,1.0,0.968016,0.385351,0.6656,0.649313
deformable_sorting,compositional_failure_chain,combined_extreme,5,0.80646,0.793209,0.676218,1.0,0.968016,0.385351,0.6656,0.649313
deformable_sorting,compositional_failure_chain,combined_extreme,6,0.80646,0.793209,0.676218,1.0,0.968016,0.385351,0.6656,0.649313
deformable_sorting,compositional_failure_chain,combined_extreme,7,0.80646,0.793209,0.676218,1.0,0.968016,0.385351,0.6656,0.649313
deformable_sorting,compositional_failure_chain,combined_extreme,8,0.80646,0.793209,0.676218,1.0,0.968016,0.385351,0.6656,0.649313
deformable_sorting,compositional_failure_chain,combined_extreme,9,0.80646,0.793209,0.676218,1.0,0.968016,0.385351,0.6656,0.649313
mobile_manip_recovery,low_level_skill_anomaly,nominal,0,0.474404,0.12772,0.081504,0.141936,0.18564,0.05292,0.11528,0.221794
mobile_manip_recovery,low_level_skill_anomaly,nominal,1,0.474404,0.12772,0.081504,0.141936,0.18564,0.05292,0.11528,0.221794
mobile_manip_recovery,low_level_skill_anomaly,nominal,2,0.474404,0.12772,0.081504,0.141936,0.18564,0.05292,0.11528,0.221794
mobile_manip_recovery,low_level_skill_anomaly,nominal,3,0.474404,0.12772,0.081504,0.141936,0.18564,0.05292,0.11528,0.221794
mobile_manip_recovery,low_level_skill_anomaly,nominal,4,0.474404,0.12772,0.081504,0.141936,0.18564,0.05292,0.11528,0.221794
mobile_manip_recovery,low_level_skill_anomaly,nominal,5,0.474404,0.12772,0.081504,0.141936,0.18564,0.05292,0.11528,0.221794
mobile_manip_recovery,low_level_skill_anomaly,nominal,6,0.474404,0.12772,0.081504,0.141936,0.18564,0.05292,0.11528,0.221794
mobile_manip_recovery,low_level_skill_anomaly,nominal,7,0.474404,0.12772,0.081504,0.141936,0.18564,0.05292,0.11528,0.221794
mobile_manip_recovery,low_level_skill_anomaly,nominal,8,0.474404,0.12772,0.081504,0.141936,0.18564,0.05292,0.11528,0.221794
mobile_manip_recovery,low_level_skill_anomaly,nominal,9,0.474404,0.12772,0.081504,0.141936,0.18564,0.05292,0.11528,0.221794
mobile_manip_recovery,low_level_skill_anomaly,local_anomaly_shift,0,0.816518,0.160992,0.099187,0.17088,0.252144,0.066891,0.144672,0.281542
mobile_manip_recovery,low_level_skill_anomaly,local_anomaly_shift,1,0.816518,0.160992,0.099187,0.17088,0.252144,0.066891,0.144672,0.281542
mobile_manip_recovery,low_level_skill_anomaly,local_anomaly_shift,2,0.816518,0.160992,0.099187,0.17088,0.252144,0.066891,0.144672,0.281542
mobile_manip_recovery,low_level_skill_anomaly,local_anomaly_shift,3,0.816518,0.160992,0.099187,0.17088,0.252144,0.066891,0.144672,0.281542
mobile_manip_recovery,low_level_skill_anomaly,local_anomaly_shift,4,0.816518,0.160992,0.099187,0.17088,0.252144,0.066891,0.144672,0.281542
mobile_manip_recovery,low_level_skill_anomaly,local_anomaly_shift,5,0.816518,0.160992,0.099187,0.17088,0.252144,0.066891,0.144672,0.281542
mobile_manip_recovery,low_level_skill_anomaly,local_anomaly_shift,6,0.816518,0.160992,0.099187,0.17088,0.252144,0.066891,0.144672,0.281542
mobile_manip_recovery,low_level_skill_anomaly,local_anomaly_shift,7,0.816518,0.160992,0.099187,0.17088,0.252144,0.066891,0.144672,0.281542
mobile_manip_recovery,low_level_skill_anomaly,local_anomaly_shift,8,0.816518,0.160992,0.099187,0.17088,0.252144,0.066891,0.144672,0.281542
mobile_manip_recovery,low_level_skill_anomaly,local_anomaly_shift,9,0.816518,0.160992,0.099187,0.17088,0.252144,0.066891,0.144672,0.281542
mobile_manip_recovery,low_level_skill_anomaly,subgoal_corruption_shift,0,0.6222,0.236658,0.117965,0.199392,0.275264,0.074874,0.15488,0.320922
mobile_manip_recovery,low_level_skill_anomaly,subgoal_corruption_shift,1,0.6222,0.236658,0.117965,0.199392,0.275264,0.074874,0.15488,0.320922
mobile_manip_recovery,low_level_skill_anomaly,subgoal_corruption_shift,2,0.6222,0.236658,0.117965,0.199392,0.275264,0.074874,0.15488,0.320922
mobile_manip_recovery,low_level_skill_anomaly,subgoal_corruption_shift,3,0.6222,0.236658,0.117965,0.199392,0.275264,0.074874,0.15488,0.320922
mobile_manip_recovery,low_level_skill_anomaly,subgoal_corruption_shift,4,0.6222,0.236658,0.117965,0.199392,0.275264,0.074874,0.15488,0.320922
mobile_manip_recovery,low_level_skill_anomaly,subgoal_corruption_shift,5,0.6222,0.236658,0.117965,0.199392,0.275264,0.074874,0.15488,0.320922
mobile_manip_recovery,low_level_skill_anomaly,subgoal_corruption_shift,6,0.6222,0.236658,0.117965,0.199392,0.275264,0.074874,0.15488,0.320922
mobile_manip_recovery,low_level_skill_anomaly,subgoal_corruption_shift,7,0.6222,0.236658,0.117965,0.199392,0.275264,0.074874,0.15488,0.320922
mobile_manip_recovery,low_level_skill_anomaly,subgoal_corruption_shift,8,0.6222,0.236658,0.117965,0.199392,0.275264,0.074874,0.15488,0.320922
mobile_manip_recovery,low_level_skill_anomaly,subgoal_corruption_shift,9,0.6222,0.236658,0.117965,0.199392,0.275264,0.074874,0.15488,0.320922
mobile_manip_recovery,low_level_skill_anomaly,delayed_observation_shift,0,0.674419,0.204996,0.127526,0.242592,0.304912,0.106808,0.172832,0.348684
mobile_manip_recovery,low_level_skill_anomaly,delayed_observation_shift,1,0.674419,0.204996,0.127526,0.242592,0.304912,0.106808,0.172832,0.348684
mobile_manip_recovery,low_level_skill_anomaly,delayed_observation_shift,2,0.674419,0.204996,0.127526,0.242592,0.304912,0.106808,0.172832,0.348684
mobile_manip_recovery,low_level_skill_anomaly,delayed_observation_shift,3,0.674419,0.204996,0.127526,0.242592,0.304912,0.106808,0.172832,0.348684
mobile_manip_recovery,low_level_skill_anomaly,delayed_observation_shift,4,0.674419,0.204996,0.127526,0.242592,0.304912,0.106808,0.172832,0.348684
mobile_manip_recovery,low_level_skill_anomaly,delayed_observation_shift,5,0.674419,0.204996,0.127526,0.242592,0.304912,0.106808,0.172832,0.348684
mobile_manip_recovery,low_level_skill_anomaly,delayed_observation_shift,6,0.674419,0.204996,0.127526,0.242592,0.304912,0.106808,0.172832,0.348684
mobile_manip_recovery,low_level_skill_anomaly,delayed_observation_shift,7,0.674419,0.204996,0.127526,0.242592,0.304912,0.106808,0.172832,0.348684
mobile_manip_recovery,low_level_skill_anomaly,delayed_observation_shift,8,0.674419,0.204996,0.127526,0.242592,0.304912,0.106808,0.172832,0.348684
mobile_manip_recovery,low_level_skill_anomaly,delayed_observation_shift,9,0.674419,0.204996,0.127526,0.242592,0.304912,0.106808,0.172832,0.348684
mobile_manip_recovery,low_level_skill_anomaly,false_halt_shift,0,0.679799,0.190149,0.119462,0.200256,0.282336,0.079229,0.236192,0.31715
mobile_manip_recovery,low_level_skill_anomaly,false_halt_shift,1,0.679799,0.190149,0.119462,0.200256,0.282336,0.079229,0.236192,0.31715
mobile_manip_recovery,low_level_skill_anomaly,false_halt_shift,2,0.679799,0.190149,0.119462,0.200256,0.282336,0.079229,0.236192,0.31715
mobile_manip_recovery,low_level_skill_anomaly,false_halt_shift,3,0.679799,0.190149,0.119462,0.200256,0.282336,0.079229,0.236192,0.31715
mobile_manip_recovery,low_level_skill_anomaly,false_halt_shift,4,0.679799,0.190149,0.119462,0.200256,0.282336,0.079229,0.236192,0.31715
mobile_manip_recovery,low_level_skill_anomaly,false_halt_shift,5,0.679799,0.190149,0.119462,0.200256,0.282336,0.079229,0.236192,0.31715
mobile_manip_recovery,low_level_skill_anomaly,false_halt_shift,6,0.679799,0.190149,0.119462,0.200256,0.282336,0.079229,0.236192,0.31715
mobile_manip_recovery,low_level_skill_anomaly,false_halt_shift,7,0.679799,0.190149,0.119462,0.200256,0.282336,0.079229,0.236192,0.31715
mobile_manip_recovery,low_level_skill_anomaly,false_halt_shift,8,0.679799,0.190149,0.119462,0.200256,0.282336,0.079229,0.236192,0.31715
mobile_manip_recovery,low_level_skill_anomaly,false_halt_shift,9,0.679799,0.190149,0.119462,0.200256,0.282336,0.079229,0.236192,0.31715
mobile_manip_recovery,low_level_skill_anomaly,budget_exhaustion_shift,0,0.75702,0.216981,0.133747,0.243456,0.376176,0.092655,0.187264,0.371617
mobile_manip_recovery,low_level_skill_anomaly,budget_exhaustion_shift,1,0.75702,0.216981,0.133747,0.243456,0.376176,0.092655,0.187264,0.371617
mobile_manip_recovery,low_level_skill_anomaly,budget_exhaustion_shift,2,0.75702,0.216981,0.133747,0.243456,0.376176,0.092655,0.187264,0.371617
mobile_manip_recovery,low_level_skill_anomaly,budget_exhaustion_shift,3,0.75702,0.216981,0.133747,0.243456,0.376176,0.092655,0.187264,0.371617
mobile_manip_recovery,low_level_skill_anomaly,budget_exhaustion_shift,4,0.75702,0.216981,0.133747,0.243456,0.376176,0.092655,0.187264,0.371617
mobile_manip_recovery,low_level_skill_anomaly,budget_exhaustion_shift,5,0.75702,0.216981,0.133747,0.243456,0.376176,0.092655,0.187264,0.371617
mobile_manip_recovery,low_level_skill_anomaly,budget_exhaustion_shift,6,0.75702,0.216981,0.133747,0.243456,0.376176,0.092655,0.187264,0.371617
mobile_manip_recovery,low_level_skill_anomaly,budget_exhaustion_shift,7,0.75702,0.216981,0.133747,0.243456,0.376176,0.092655,0.187264,0.371617
mobile_manip_recovery,low_level_skill_anomaly,budget_exhaustion_shift,8,0.75702,0.216981,0.133747,0.243456,0.376176,0.092655,0.187264,0.371617
mobile_manip_recovery,low_level_skill_anomaly,budget_exhaustion_shift,9,0.75702,0.216981,0.133747,0.243456,0.376176,0.092655,0.187264,0.371617
mobile_manip_recovery,low_level_skill_anomaly,cross_level_cascade_shift,0,0.831393,0.238268,0.150451,0.282336,0.348432,0.09701,0.196768,0.428499
mobile_manip_recovery,low_level_skill_anomaly,cross_level_cascade_shift,1,0.831393,0.238268,0.150451,0.282336,0.348432,0.09701,0.196768,0.428499
mobile_manip_recovery,low_level_skill_anomaly,cross_level_cascade_shift,2,0.831393,0.238268,0.150451,0.282336,0.348432,0.09701,0.196768,0.428499
mobile_manip_recovery,low_level_skill_anomaly,cross_level_cascade_shift,3,0.831393,0.238268,0.150451,0.282336,0.348432,0.09701,0.196768,0.428499
mobile_manip_recovery,low_level_skill_anomaly,cross_level_cascade_shift,4,0.831393,0.238268,0.150451,0.282336,0.348432,0.09701,0.196768,0.428499
mobile_manip_recovery,low_level_skill_anomaly,cross_level_cascade_shift,5,0.831393,0.238268,0.150451,0.282336,0.348432,0.09701,0.196768,0.428499
mobile_manip_recovery,low_level_skill_anomaly,cross_level_cascade_shift,6,0.831393,0.238268,0.150451,0.282336,0.348432,0.09701,0.196768,0.428499
mobile_manip_recovery,low_level_skill_anomaly,cross_level_cascade_shift,7,0.831393,0.238268,0.150451,0.282336,0.348432,0.09701,0.196768,0.428499
mobile_manip_recovery,low_level_skill_anomaly,cross_level_cascade_shift,8,0.831393,0.238268,0.150451,0.282336,0.348432,0.09701,0.196768,0.428499
mobile_manip_recovery,low_level_skill_anomaly,cross_level_cascade_shift,9,0.831393,0.238268,0.150451,0.282336,0.348432,0.09701,0.196768,0.428499
mobile_manip_recovery,low_level_skill_anomaly,combined_extreme,0,0.884245,0.251505,0.160474,0.29184,0.382704,0.108259,0.2288,0.441777
mobile_manip_recovery,low_level_skill_anomaly,combined_extreme,1,0.884245,0.251505,0.160474,0.29184,0.382704,0.108259,0.2288,0.441777
mobile_manip_recovery,low_level_skill_anomaly,combined_extreme,2,0.884245,0.251505,0.160474,0.29184,0.382704,0.108259,0.2288,0.441777
mobile_manip_recovery,low_level_skill_anomaly,combined_extreme,3,0.884245,0.251505,0.160474,0.29184,0.382704,0.108259,0.2288,0.441777
mobile_manip_recovery,low_level_skill_anomaly,combined_extreme,4,0.884245,0.251505,0.160474,0.29184,0.382704,0.108259,0.2288,0.441777
mobile_manip_recovery,low_level_skill_anomaly,combined_extreme,5,0.884245,0.251505,0.160474,0.29184,0.382704,0.108259,0.2288,0.441777
mobile_manip_recovery,low_level_skill_anomaly,combined_extreme,6,0.884245,0.251505,0.160474,0.29184,0.382704,0.108259,0.2288,0.441777
mobile_manip_recovery,low_level_skill_anomaly,combined_extreme,7,0.884245,0.251505,0.160474,0.29184,0.382704,0.108259,0.2288,0.441777
mobile_manip_recovery,low_level_skill_anomaly,combined_extreme,8,0.884245,0.251505,0.160474,0.29184,0.382704,0.108259,0.2288,0.441777
mobile_manip_recovery,low_level_skill_anomaly,combined_extreme,9,0.884245,0.251505,0.160474,0.29184,0.382704,0.108259,0.2288,0.441777
mobile_manip_recovery,mid_level_subgoal_corruption,nominal,0,0.237202,0.442109,0.172064,0.260216,0.25116,0.07497,0.14672,0.250723
mobile_manip_recovery,mid_level_subgoal_corruption,nominal,1,0.237202,0.442109,0.172064,0.260216,0.25116,0.07497,0.14672,0.250723
mobile_manip_recovery,mid_level_subgoal_corruption,nominal,2,0.237202,0.442109,0.172064,0.260216,0.25116,0.07497,0.14672,0.250723
mobile_manip_recovery,mid_level_subgoal_corruption,nominal,3,0.237202,0.442109,0.172064,0.260216,0.25116,0.07497,0.14672,0.250723
mobile_manip_recovery,mid_level_subgoal_corruption,nominal,4,0.237202,0.442109,0.172064,0.260216,0.25116,0.07497,0.14672,0.250723
mobile_manip_recovery,mid_level_subgoal_corruption,nominal,5,0.237202,0.442109,0.172064,0.260216,0.25116,0.07497,0.14672,0.250723
mobile_manip_recovery,mid_level_subgoal_corruption,nominal,6,0.237202,0.442109,0.172064,0.260216,0.25116,0.07497,0.14672,0.250723
mobile_manip_recovery,mid_level_subgoal_corruption,nominal,7,0.237202,0.442109,0.172064,0.260216,0.25116,0.07497,0.14672,0.250723
mobile_manip_recovery,mid_level_subgoal_corruption,nominal,8,0.237202,0.442109,0.172064,0.260216,0.25116,0.07497,0.14672,0.250723
mobile_manip_recovery,mid_level_subgoal_corruption,nominal,9,0.237202,0.442109,0.172064,0.260216,0.25116,0.07497,0.14672,0.250723
mobile_manip_recovery,mid_level_subgoal_corruption,local_anomaly_shift,0,0.408259,0.55728,0.209395,0.31328,0.341136,0.094762,0.184128,0.318265
mobile_manip_recovery,mid_level_subgoal_corruption,local_anomaly_shift,1,0.408259,0.55728,0.209395,0.31328,0.341136,0.094762,0.184128,0.318265
mobile_manip_recovery,mid_level_subgoal_corruption,local_anomaly_shift,2,0.408259,0.55728,0.209395,0.31328,0.341136,0.094762,0.184128,0.318265
mobile_manip_recovery,mid_level_subgoal_corruption,local_anomaly_shift,3,0.408259,0.55728,0.209395,0.31328,0.341136,0.094762,0.184128,0.318265
mobile_manip_recovery,mid_level_subgoal_corruption,local_anomaly_shift,4,0.408259,0.55728,0.209395,0.31328,0.341136,0.094762,0.184128,0.318265
mobile_manip_recovery,mid_level_subgoal_corruption,local_anomaly_shift,5,0.408259,0.55728,0.209395,0.31328,0.341136,0.094762,0.184128,0.318265
mobile_manip_recovery,mid_level_subgoal_corruption,local_anomaly_shift,6,0.408259,0.55728,0.209395,0.31328,0.341136,0.094762,0.184128,0.318265
mobile_manip_recovery,mid_level_subgoal_corruption,local_anomaly_shift,7,0.408259,0.55728,0.209395,0.31328,0.341136,0.094762,0.184128,0.318265
mobile_manip_recovery,mid_level_subgoal_corruption,local_anomaly_shift,8,0.408259,0.55728,0.209395,0.31328,0.341136,0.094762,0.184128,0.318265
mobile_manip_recovery,mid_level_subgoal_corruption,local_anomaly_shift,9,0.408259,0.55728,0.209395,0.31328,0.341136,0.094762,0.184128,0.318265
mobile_manip_recovery,mid_level_subgoal_corruption,subgoal_corruption_shift,0,0.3111,0.819202,0.249037,0.365552,0.372416,0.106072,0.19712,0.362781
mobile_manip_recovery,mid_level_subgoal_corruption,subgoal_corruption_shift,1,0.3111,0.819202,0.249037,0.365552,0.372416,0.106072,0.19712,0.362781
mobile_manip_recovery,mid_level_subgoal_corruption,subgoal_corruption_shift,2,0.3111,0.819202,0.249037,0.365552,0.372416,0.106072,0.19712,0.362781
mobile_manip_recovery,mid_level_subgoal_corruption,subgoal_corruption_shift,3,0.3111,0.819202,0.249037,0.365552,0.372416,0.106072,0.19712,0.362781
mobile_manip_recovery,mid_level_subgoal_corruption,subgoal_corruption_shift,4,0.3111,0.819202,0.249037,0.365552,0.372416,0.106072,0.19712,0.362781
mobile_manip_recovery,mid_level_subgoal_corruption,subgoal_corruption_shift,5,0.3111,0.819202,0.249037,0.365552,0.372416,0.106072,0.19712,0.362781
mobile_manip_recovery,mid_level_subgoal_corruption,subgoal_corruption_shift,6,0.3111,0.819202,0.249037,0.365552,0.372416,0.106072,0.19712,0.362781
mobile_manip_recovery,mid_level_subgoal_corruption,subgoal_corruption_shift,7,0.3111,0.819202,0.249037,0.365552,0.372416,0.106072,0.19712,0.362781
mobile_manip_recovery,mid_level_subgoal_corruption,subgoal_corruption_shift,8,0.3111,0.819202,0.249037,0.365552,0.372416,0.106072,0.19712,0.362781
mobile_manip_recovery,mid_level_subgoal_corruption,subgoal_corruption_shift,9,0.3111,0.819202,0.249037,0.365552,0.372416,0.106072,0.19712,0.362781
mobile_manip_recovery,mid_level_subgoal_corruption,delayed_observation_shift,0,0.337209,0.709603,0.269222,0.444752,0.412528,0.151311,0.219968,0.394164
mobile_manip_recovery,mid_level_subgoal_corruption,delayed_observation_shift,1,0.337209,0.709603,0.269222,0.444752,0.412528,0.151311,0.219968,0.394164
mobile_manip_recovery,mid_level_subgoal_corruption,delayed_observation_shift,2,0.337209,0.709603,0.269222,0.444752,0.412528,0.151311,0.219968,0.394164
mobile_manip_recovery,mid_level_subgoal_corruption,delayed_observation_shift,3,0.337209,0.709603,0.269222,0.444752,0.412528,0.151311,0.219968,0.394164
mobile_manip_recovery,mid_level_subgoal_corruption,delayed_observation_shift,4,0.337209,0.709603,0.269222,0.444752,0.412528,0.151311,0.219968,0.394164
mobile_manip_recovery,mid_level_subgoal_corruption,delayed_observation_shift,5,0.337209,0.709603,0.269222,0.444752,0.412528,0.151311,0.219968,0.394164
mobile_manip_recovery,mid_level_subgoal_corruption,delayed_observation_shift,6,0.337209,0.709603,0.269222,0.444752,0.412528,0.151311,0.219968,0.394164
mobile_manip_recovery,mid_level_subgoal_corruption,delayed_observation_shift,7,0.337209,0.709603,0.269222,0.444752,0.412528,0.151311,0.219968,0.394164
mobile_manip_recovery,mid_level_subgoal_corruption,delayed_observation_shift,8,0.337209,0.709603,0.269222,0.444752,0.412528,0.151311,0.219968,0.394164
mobile_manip_recovery,mid_level_subgoal_corruption,delayed_observation_shift,9,0.337209,0.709603,0.269222,0.444752,0.412528,0.151311,0.219968,0.394164
mobile_manip_recovery,mid_level_subgoal_corruption,false_halt_shift,0,0.3399,0.65821,0.252198,0.367136,0.381984,0.112241,0.300608,0.358517
mobile_manip_recovery,mid_level_subgoal_corruption,false_halt_shift,1,0.3399,0.65821,0.252198,0.367136,0.381984,0.112241,0.300608,0.358517
mobile_manip_recovery,mid_level_subgoal_corruption,false_halt_shift,2,0.3399,0.65821,0.252198,0.367136,0.381984,0.112241,0.300608,0.358517
mobile_manip_recovery,mid_level_subgoal_corruption,false_halt_shift,3,0.3399,0.65821,0.252198,0.367136,0.381984,0.112241,0.300608,0.358517
mobile_manip_recovery,mid_level_subgoal_corruption,false_halt_shift,4,0.3399,0.65821,0.252198,0.367136,0.381984,0.112241,0.300608,0.358517
mobile_manip_recovery,mid_level_subgoal_corruption,false_halt_shift,5,0.3399,0.65821,0.252198,0.367136,0.381984,0.112241,0.300608,0.358517
mobile_manip_recovery,mid_level_subgoal_corruption,false_halt_shift,6,0.3399,0.65821,0.252198,0.367136,0.381984,0.112241,0.300608,0.358517
mobile_manip_recovery,mid_level_subgoal_corruption,false_halt_shift,7,0.3399,0.65821,0.252198,0.367136,0.381984,0.112241,0.300608,0.358517
mobile_manip_recovery,mid_level_subgoal_corruption,false_halt_shift,8,0.3399,0.65821,0.252198,0.367136,0.381984,0.112241,0.300608,0.358517
mobile_manip_recovery,mid_level_subgoal_corruption,false_halt_shift,9,0.3399,0.65821,0.252198,0.367136,0.381984,0.112241,0.300608,0.358517
mobile_manip_recovery,mid_level_subgoal_corruption,budget_exhaustion_shift,0,0.37851,0.75109,0.282355,0.446336,0.508944,0.131262,0.238336,0.420089
mobile_manip_recovery,mid_level_subgoal_corruption,budget_exhaustion_shift,1,0.37851,0.75109,0.282355,0.446336,0.508944,0.131262,0.238336,0.420089
mobile_manip_recovery,mid_level_subgoal_corruption,budget_exhaustion_shift,2,0.37851,0.75109,0.282355,0.446336,0.508944,0.131262,0.238336,0.420089
mobile_manip_recovery,mid_level_subgoal_corruption,budget_exhaustion_shift,3,0.37851,0.75109,0.282355,0.446336,0.508944,0.131262,0.238336,0.420089
mobile_manip_recovery,mid_level_subgoal_corruption,budget_exhaustion_shift,4,0.37851,0.75109,0.282355,0.446336,0.508944,0.131262,0.238336,0.420089
mobile_manip_recovery,mid_level_subgoal_corruption,budget_exhaustion_shift,5,0.37851,0.75109,0.282355,0.446336,0.508944,0.131262,0.238336,0.420089
mobile_manip_recovery,mid_level_subgoal_corruption,budget_exhaustion_shift,6,0.37851,0.75109,0.282355,0.446336,0.508944,0.131262,0.238336,0.420089
mobile_manip_recovery,mid_level_subgoal_corruption,budget_exhaustion_shift,7,0.37851,0.75109,0.282355,0.446336,0.508944,0.131262,0.238336,0.420089
mobile_manip_recovery,mid_level_subgoal_corruption,budget_exhaustion_shift,8,0.37851,0.75109,0.282355,0.446336,0.508944,0.131262,0.238336,0.420089
mobile_manip_recovery,mid_level_subgoal_corruption,budget_exhaustion_shift,9,0.37851,0.75109,0.282355,0.446336,0.508944,0.131262,0.238336,0.420089
mobile_manip_recovery,mid_level_subgoal_corruption,cross_level_cascade_shift,0,0.415696,0.824774,0.317619,0.517616,0.471408,0.137431,0.250432,0.48439
mobile_manip_recovery,mid_level_subgoal_corruption,cross_level_cascade_shift,1,0.415696,0.824774,0.317619,0.517616,0.471408,0.137431,0.250432,0.48439
mobile_manip_recovery,mid_level_subgoal_corruption,cross_level_cascade_shift,2,0.415696,0.824774,0.317619,0.517616,0.471408,0.137431,0.250432,0.48439
mobile_manip_recovery,mid_level_subgoal_corruption,cross_level_cascade_shift,3,0.415696,0.824774,0.317619,0.517616,0.471408,0.137431,0.250432,0.48439
mobile_manip_recovery,mid_level_subgoal_corruption,cross_level_cascade_shift,4,0.415696,0.824774,0.317619,0.517616,0.471408,0.137431,0.250432,0.48439
mobile_manip_recovery,mid_level_subgoal_corruption,cross_level_cascade_shift,5,0.415696,0.824774,0.317619,0.517616,0.471408,0.137431,0.250432,0.48439
mobile_manip_recovery,mid_level_subgoal_corruption,cross_level_cascade_shift,6,0.415696,0.824774,0.317619,0.517616,0.471408,0.137431,0.250432,0.48439
mobile_manip_recovery,mid_level_subgoal_corruption,cross_level_cascade_shift,7,0.415696,0.824774,0.317619,0.517616,0.471408,0.137431,0.250432,0.48439
mobile_manip_recovery,mid_level_subgoal_corruption,cross_level_cascade_shift,8,0.415696,0.824774,0.317619,0.517616,0.471408,0.137431,0.250432,0.48439
mobile_manip_recovery,mid_level_subgoal_corruption,cross_level_cascade_shift,9,0.415696,0.824774,0.317619,0.517616,0.471408,0.137431,0.250432,0.48439
mobile_manip_recovery,mid_level_subgoal_corruption,combined_extreme,0,0.442123,0.870595,0.338778,0.53504,0.517776,0.153367,0.2912,0.4994
mobile_manip_recovery,mid_level_subgoal_corruption,combined_extreme,1,0.442123,0.870595,0.338778,0.53504,0.517776,0.153367,0.2912,0.4994
mobile_manip_recovery,mid_level_subgoal_corruption,combined_extreme,2,0.442123,0.870595,0.338778,0.53504,0.517776,0.153367,0.2912,0.4994
mobile_manip_recovery,mid_level_subgoal_corruption,combined_extreme,3,0.442123,0.870595,0.338778,0.53504,0.517776,0.153367,0.2912,0.4994
mobile_manip_recovery,mid_level_subgoal_corruption,combined_extreme,4,0.442123,0.870595,0.338778,0.53504,0.517776,0.153367,0.2912,0.4994
mobile_manip_recovery,mid_level_subgoal_corruption,combined_extreme,5,0.442123,0.870595,0.338778,0.53504,0.517776,0.153367,0.2912,0.4994
mobile_manip_recovery,mid_level_subgoal_corruption,combined_extreme,6,0.442123,0.870595,0.338778,0.53504,0.517776,0.153367,0.2912,0.4994
mobile_manip_recovery,mid_level_subgoal_corruption,combined_extreme,7,0.442123,0.870595,0.338778,0.53504,0.517776,0.153367,0.2912,0.4994
mobile_manip_recovery,mid_level_subgoal_corruption,combined_extreme,8,0.442123,0.870595,0.338778,0.53504,0.517776,0.153367,0.2912,0.4994
mobile_manip_recovery,mid_level_subgoal_corruption,combined_extreme,9,0.442123,0.870595,0.338778,0.53504,0.517776,0.153367,0.2912,0.4994
mobile_manip_recovery,high_level_task_state_drift,nominal,0,0.175323,0.284915,0.416576,0.331184,0.28392,0.09261,0.17816,0.298939
mobile_manip_recovery,high_level_task_state_drift,nominal,1,0.175323,0.284915,0.416576,0.331184,0.28392,0.09261,0.17816,0.298939
mobile_manip_recovery,high_level_task_state_drift,nominal,2,0.175323,0.284915,0.416576,0.331184,0.28392,0.09261,0.17816,0.298939
mobile_manip_recovery,high_level_task_state_drift,nominal,3,0.175323,0.284915,0.416576,0.331184,0.28392,0.09261,0.17816,0.298939
mobile_manip_recovery,high_level_task_state_drift,nominal,4,0.175323,0.284915,0.416576,0.331184,0.28392,0.09261,0.17816,0.298939
mobile_manip_recovery,high_level_task_state_drift,nominal,5,0.175323,0.284915,0.416576,0.331184,0.28392,0.09261,0.17816,0.298939
mobile_manip_recovery,high_level_task_state_drift,nominal,6,0.175323,0.284915,0.416576,0.331184,0.28392,0.09261,0.17816,0.298939
mobile_manip_recovery,high_level_task_state_drift,nominal,7,0.175323,0.284915,0.416576,0.331184,0.28392,0.09261,0.17816,0.298939
mobile_manip_recovery,high_level_task_state_drift,nominal,8,0.175323,0.284915,0.416576,0.331184,0.28392,0.09261,0.17816,0.298939
mobile_manip_recovery,high_level_task_state_drift,nominal,9,0.175323,0.284915,0.416576,0.331184,0.28392,0.09261,0.17816,0.298939
mobile_manip_recovery,high_level_task_state_drift,local_anomaly_shift,0,0.301757,0.359136,0.506957,0.39872,0.385632,0.117059,0.223584,0.37947
mobile_manip_recovery,high_level_task_state_drift,local_anomaly_shift,1,0.301757,0.359136,0.506957,0.39872,0.385632,0.117059,0.223584,0.37947
mobile_manip_recovery,high_level_task_state_drift,local_anomaly_shift,2,0.301757,0.359136,0.506957,0.39872,0.385632,0.117059,0.223584,0.37947
mobile_manip_recovery,high_level_task_state_drift,local_anomaly_shift,3,0.301757,0.359136,0.506957,0.39872,0.385632,0.117059,0.223584,0.37947
mobile_manip_recovery,high_level_task_state_drift,local_anomaly_shift,4,0.301757,0.359136,0.506957,0.39872,0.385632,0.117059,0.223584,0.37947
mobile_manip_recovery,high_level_task_state_drift,local_anomaly_shift,5,0.301757,0.359136,0.506957,0.39872,0.385632,0.117059,0.223584,0.37947
mobile_manip_recovery,high_level_task_state_drift,local_anomaly_shift,6,0.301757,0.359136,0.506957,0.39872,0.385632,0.117059,0.223584,0.37947
mobile_manip_recovery,high_level_task_state_drift,local_anomaly_shift,7,0.301757,0.359136,0.506957,0.39872,0.385632,0.117059,0.223584,0.37947
mobile_manip_recovery,high_level_task_state_drift,local_anomaly_shift,8,0.301757,0.359136,0.506957,0.39872,0.385632,0.117059,0.223584,0.37947
mobile_manip_recovery,high_level_task_state_drift,local_anomaly_shift,9,0.301757,0.359136,0.506957,0.39872,0.385632,0.117059,0.223584,0.37947
mobile_manip_recovery,high_level_task_state_drift,subgoal_corruption_shift,0,0.229943,0.52793,0.602931,0.465248,0.420992,0.13103,0.23936,0.432547
mobile_manip_recovery,high_level_task_state_drift,subgoal_corruption_shift,1,0.229943,0.52793,0.602931,0.465248,0.420992,0.13103,0.23936,0.432547
mobile_manip_recovery,high_level_task_state_drift,subgoal_corruption_shift,2,0.229943,0.52793,0.602931,0.465248,0.420992,0.13103,0.23936,0.432547
mobile_manip_recovery,high_level_task_state_drift,subgoal_corruption_shift,3,0.229943,0.52793,0.602931,0.465248,0.420992,0.13103,0.23936,0.432547
mobile_manip_recovery,high_level_task_state_drift,subgoal_corruption_shift,4,0.229943,0.52793,0.602931,0.465248,0.420992,0.13103,0.23936,0.432547
mobile_manip_recovery,high_level_task_state_drift,subgoal_corruption_shift,5,0.229943,0.52793,0.602931,0.465248,0.420992,0.13103,0.23936,0.432547
mobile_manip_recovery,high_level_task_state_drift,subgoal_corruption_shift,6,0.229943,0.52793,0.602931,0.465248,0.420992,0.13103,0.23936,0.432547
mobile_manip_recovery,high_level_task_state_drift,subgoal_corruption_shift,7,0.229943,0.52793,0.602931,0.465248,0.420992,0.13103,0.23936,0.432547
mobile_manip_recovery,high_level_task_state_drift,subgoal_corruption_shift,8,0.229943,0.52793,0.602931,0.465248,0.420992,0.13103,0.23936,0.432547
mobile_manip_recovery,high_level_task_state_drift,subgoal_corruption_shift,9,0.229943,0.52793,0.602931,0.465248,0.420992,0.13103,0.23936,0.432547
mobile_manip_recovery,high_level_task_state_drift,delayed_observation_shift,0,0.249242,0.4573,0.651802,0.566048,0.466336,0.186913,0.267104,0.469965
mobile_manip_recovery,high_level_task_state_drift,delayed_observation_shift,1,0.249242,0.4573,0.651802,0.566048,0.466336,0.186913,0.267104,0.469965
mobile_manip_recovery,high_level_task_state_drift,delayed_observation_shift,2,0.249242,0.4573,0.651802,0.566048,0.466336,0.186913,0.267104,0.469965
mobile_manip_recovery,high_level_task_state_drift,delayed_observation_shift,3,0.249242,0.4573,0.651802,0.566048,0.466336,0.186913,0.267104,0.469965
mobile_manip_recovery,high_level_task_state_drift,delayed_observation_shift,4,0.249242,0.4573,0.651802,0.566048,0.466336,0.186913,0.267104,0.469965
mobile_manip_recovery,high_level_task_state_drift,delayed_observation_shift,5,0.249242,0.4573,0.651802,0.566048,0.466336,0.186913,0.267104,0.469965
mobile_manip_recovery,high_level_task_state_drift,delayed_observation_shift,6,0.249242,0.4573,0.651802,0.566048,0.466336,0.186913,0.267104,0.469965
mobile_manip_recovery,high_level_task_state_drift,delayed_observation_shift,7,0.249242,0.4573,0.651802,0.566048,0.466336,0.186913,0.267104,0.469965
mobile_manip_recovery,high_level_task_state_drift,delayed_observation_shift,8,0.249242,0.4573,0.651802,0.566048,0.466336,0.186913,0.267104,0.469965
mobile_manip_recovery,high_level_task_state_drift,delayed_observation_shift,9,0.249242,0.4573,0.651802,0.566048,0.466336,0.186913,0.267104,0.469965
mobile_manip_recovery,high_level_task_state_drift,false_halt_shift,0,0.25123,0.42418,0.610586,0.467264,0.431808,0.13865,0.365024,0.427463
mobile_manip_recovery,high_level_task_state_drift,false_halt_shift,1,0.25123,0.42418,0.610586,0.467264,0.431808,0.13865,0.365024,0.427463
mobile_manip_recovery,high_level_task_state_drift,false_halt_shift,2,0.25123,0.42418,0.610586,0.467264,0.431808,0.13865,0.365024,0.427463
mobile_manip_recovery,high_level_task_state_drift,false_halt_shift,3,0.25123,0.42418,0.610586,0.467264,0.431808,0.13865,0.365024,0.427463
mobile_manip_recovery,high_level_task_state_drift,false_halt_shift,4,0.25123,0.42418,0.610586,0.467264,0.431808,0.13865,0.365024,0.427463
mobile_manip_recovery,high_level_task_state_drift,false_halt_shift,5,0.25123,0.42418,0.610586,0.467264,0.431808,0.13865,0.365024,0.427463
mobile_manip_recovery,high_level_task_state_drift,false_halt_shift,6,0.25123,0.42418,0.610586,0.467264,0.431808,0.13865,0.365024,0.427463
mobile_manip_recovery,high_level_task_state_drift,false_halt_shift,7,0.25123,0.42418,0.610586,0.467264,0.431808,0.13865,0.365024,0.427463
mobile_manip_recovery,high_level_task_state_drift,false_halt_shift,8,0.25123,0.42418,0.610586,0.467264,0.431808,0.13865,0.365024,0.427463
mobile_manip_recovery,high_level_task_state_drift,false_halt_shift,9,0.25123,0.42418,0.610586,0.467264,0.431808,0.13865,0.365024,0.427463
mobile_manip_recovery,high_level_task_state_drift,budget_exhaustion_shift,0,0.279768,0.484036,0.683597,0.568064,0.575328,0.162147,0.289408,0.500876
mobile_manip_recovery,high_level_task_state_drift,budget_exhaustion_shift,1,0.279768,0.484036,0.683597,0.568064,0.575328,0.162147,0.289408,0.500876
mobile_manip_recovery,high_level_task_state_drift,budget_exhaustion_shift,2,0.279768,0.484036,0.683597,0.568064,0.575328,0.162147,0.289408,0.500876
mobile_manip_recovery,high_level_task_state_drift,budget_exhaustion_shift,3,0.279768,0.484036,0.683597,0.568064,0.575328,0.162147,0.289408,0.500876
mobile_manip_recovery,high_level_task_state_drift,budget_exhaustion_shift,4,0.279768,0.484036,0.683597,0.568064,0.575328,0.162147,0.289408,0.500876
mobile_manip_recovery,high_level_task_state_drift,budget_exhaustion_shift,5,0.279768,0.484036,0.683597,0.568064,0.575328,0.162147,0.289408,0.500876
mobile_manip_recovery,high_level_task_state_drift,budget_exhaustion_shift,6,0.279768,0.484036,0.683597,0.568064,0.575328,0.162147,0.289408,0.500876
mobile_manip_recovery,high_level_task_state_drift,budget_exhaustion_shift,7,0.279768,0.484036,0.683597,0.568064,0.575328,0.162147,0.289408,0.500876
mobile_manip_recovery,high_level_task_state_drift,budget_exhaustion_shift,8,0.279768,0.484036,0.683597,0.568064,0.575328,0.162147,0.289408,0.500876
mobile_manip_recovery,high_level_task_state_drift,budget_exhaustion_shift,9,0.279768,0.484036,0.683597,0.568064,0.575328,0.162147,0.289408,0.500876
mobile_manip_recovery,high_level_task_state_drift,cross_level_cascade_shift,0,0.307254,0.531521,0.768973,0.658784,0.532896,0.169767,0.304096,0.577542
mobile_manip_recovery,high_level_task_state_drift,cross_level_cascade_shift,1,0.307254,0.531521,0.768973,0.658784,0.532896,0.169767,0.304096,0.577542
mobile_manip_recovery,high_level_task_state_drift,cross_level_cascade_shift,2,0.307254,0.531521,0.768973,0.658784,0.532896,0.169767,0.304096,0.577542
mobile_manip_recovery,high_level_task_state_drift,cross_level_cascade_shift,3,0.307254,0.531521,0.768973,0.658784,0.532896,0.169767,0.304096,0.577542
mobile_manip_recovery,high_level_task_state_drift,cross_level_cascade_shift,4,0.307254,0.531521,0.768973,0.658784,0.532896,0.169767,0.304096,0.577542
mobile_manip_recovery,high_level_task_state_drift,cross_level_cascade_shift,5,0.307254,0.531521,0.768973,0.658784,0.532896,0.169767,0.304096,0.577542
mobile_manip_recovery,high_level_task_state_drift,cross_level_cascade_shift,6,0.307254,0.531521,0.768973,0.658784,0.532896,0.169767,0.304096,0.577542
mobile_manip_recovery,high_level_task_state_drift,cross_level_cascade_shift,7,0.307254,0.531521,0.768973,0.658784,0.532896,0.169767,0.304096,0.577542
mobile_manip_recovery,high_level_task_state_drift,cross_level_cascade_shift,8,0.307254,0.531521,0.768973,0.658784,0.532896,0.169767,0.304096,0.577542
mobile_manip_recovery,high_level_task_state_drift,cross_level_cascade_shift,9,0.307254,0.531521,0.768973,0.658784,0.532896,0.169767,0.304096,0.577542
mobile_manip_recovery,high_level_task_state_drift,combined_extreme,0,0.326786,0.56105,0.820198,0.68096,0.585312,0.189454,0.3536,0.595438
mobile_manip_recovery,high_level_task_state_drift,combined_extreme,1,0.326786,0.56105,0.820198,0.68096,0.585312,0.189454,0.3536,0.595438
mobile_manip_recovery,high_level_task_state_drift,combined_extreme,2,0.326786,0.56105,0.820198,0.68096,0.585312,0.189454,0.3536,0.595438
mobile_manip_recovery,high_level_task_state_drift,combined_extreme,3,0.326786,0.56105,0.820198,0.68096,0.585312,0.189454,0.3536,0.595438
mobile_manip_recovery,high_level_task_state_drift,combined_extreme,4,0.326786,0.56105,0.820198,0.68096,0.585312,0.189454,0.3536,0.595438
mobile_manip_recovery,high_level_task_state_drift,combined_extreme,5,0.326786,0.56105,0.820198,0.68096,0.585312,0.189454,0.3536,0.595438
mobile_manip_recovery,high_level_task_state_drift,combined_extreme,6,0.326786,0.56105,0.820198,0.68096,0.585312,0.189454,0.3536,0.595438
mobile_manip_recovery,high_level_task_state_drift,combined_extreme,7,0.326786,0.56105,0.820198,0.68096,0.585312,0.189454,0.3536,0.595438
mobile_manip_recovery,high_level_task_state_drift,combined_extreme,8,0.326786,0.56105,0.820198,0.68096,0.585312,0.189454,0.3536,0.595438
mobile_manip_recovery,high_level_task_state_drift,combined_extreme,9,0.326786,0.56105,0.820198,0.68096,0.585312,0.189454,0.3536,0.595438
mobile_manip_recovery,cross_level_cascade,nominal,0,0.422838,0.392986,0.335072,0.555916,0.3822,0.11907,0.22008,0.376085
mobile_manip_recovery,cross_level_cascade,nominal,1,0.422838,0.392986,0.335072,0.555916,0.3822,0.11907,0.22008,0.376085
mobile_manip_recovery,cross_level_cascade,nominal,2,0.422838,0.392986,0.335072,0.555916,0.3822,0.11907,0.22008,0.376085
mobile_manip_recovery,cross_level_cascade,nominal,3,0.422838,0.392986,0.335072,0.555916,0.3822,0.11907,0.22008,0.376085
mobile_manip_recovery,cross_level_cascade,nominal,4,0.422838,0.392986,0.335072,0.555916,0.3822,0.11907,0.22008,0.376085
mobile_manip_recovery,cross_level_cascade,nominal,5,0.422838,0.392986,0.335072,0.555916,0.3822,0.11907,0.22008,0.376085
mobile_manip_recovery,cross_level_cascade,nominal,6,0.422838,0.392986,0.335072,0.555916,0.3822,0.11907,0.22008,0.376085
mobile_manip_recovery,cross_level_cascade,nominal,7,0.422838,0.392986,0.335072,0.555916,0.3822,0.11907,0.22008,0.376085
mobile_manip_recovery,cross_level_cascade,nominal,8,0.422838,0.392986,0.335072,0.555916,0.3822,0.11907,0.22008,0.376085
mobile_manip_recovery,cross_level_cascade,nominal,9,0.422838,0.392986,0.335072,0.555916,0.3822,0.11907,0.22008,0.376085
mobile_manip_recovery,cross_level_cascade,local_anomaly_shift,0,0.727766,0.49536,0.40777,0.66928,0.51912,0.150504,0.276192,0.477397
mobile_manip_recovery,cross_level_cascade,local_anomaly_shift,1,0.727766,0.49536,0.40777,0.66928,0.51912,0.150504,0.276192,0.477397
mobile_manip_recovery,cross_level_cascade,local_anomaly_shift,2,0.727766,0.49536,0.40777,0.66928,0.51912,0.150504,0.276192,0.477397
mobile_manip_recovery,cross_level_cascade,local_anomaly_shift,3,0.727766,0.49536,0.40777,0.66928,0.51912,0.150504,0.276192,0.477397
mobile_manip_recovery,cross_level_cascade,local_anomaly_shift,4,0.727766,0.49536,0.40777,0.66928,0.51912,0.150504,0.276192,0.477397
mobile_manip_recovery,cross_level_cascade,local_anomaly_shift,5,0.727766,0.49536,0.40777,0.66928,0.51912,0.150504,0.276192,0.477397
mobile_manip_recovery,cross_level_cascade,local_anomaly_shift,6,0.727766,0.49536,0.40777,0.66928,0.51912,0.150504,0.276192,0.477397
mobile_manip_recovery,cross_level_cascade,local_anomaly_shift,7,0.727766,0.49536,0.40777,0.66928,0.51912,0.150504,0.276192,0.477397
mobile_manip_recovery,cross_level_cascade,local_anomaly_shift,8,0.727766,0.49536,0.40777,0.66928,0.51912,0.150504,0.276192,0.477397
mobile_manip_recovery,cross_level_cascade,local_anomaly_shift,9,0.727766,0.49536,0.40777,0.66928,0.51912,0.150504,0.276192,0.477397
mobile_manip_recovery,cross_level_cascade,subgoal_corruption_shift,0,0.554569,0.728179,0.484966,0.780952,0.56672,0.168467,0.29568,0.544172
mobile_manip_recovery,cross_level_cascade,subgoal_corruption_shift,1,0.554569,0.728179,0.484966,0.780952,0.56672,0.168467,0.29568,0.544172
mobile_manip_recovery,cross_level_cascade,subgoal_corruption_shift,2,0.554569,0.728179,0.484966,0.780952,0.56672,0.168467,0.29568,0.544172
mobile_manip_recovery,cross_level_cascade,subgoal_corruption_shift,3,0.554569,0.728179,0.484966,0.780952,0.56672,0.168467,0.29568,0.544172
mobile_manip_recovery,cross_level_cascade,subgoal_corruption_shift,4,0.554569,0.728179,0.484966,0.780952,0.56672,0.168467,0.29568,0.544172
mobile_manip_recovery,cross_level_cascade,subgoal_corruption_shift,5,0.554569,0.728179,0.484966,0.780952,0.56672,0.168467,0.29568,0.544172
mobile_manip_recovery,cross_level_cascade,subgoal_corruption_shift,6,0.554569,0.728179,0.484966,0.780952,0.56672,0.168467,0.29568,0.544172
mobile_manip_recovery,cross_level_cascade,subgoal_corruption_shift,7,0.554569,0.728179,0.484966,0.780952,0.56672,0.168467,0.29568,0.544172
mobile_manip_recovery,cross_level_cascade,subgoal_corruption_shift,8,0.554569,0.728179,0.484966,0.780952,0.56672,0.168467,0.29568,0.544172
mobile_manip_recovery,cross_level_cascade,subgoal_corruption_shift,9,0.554569,0.728179,0.484966,0.780952,0.56672,0.168467,0.29568,0.544172
mobile_manip_recovery,cross_level_cascade,delayed_observation_shift,0,0.601112,0.630758,0.524275,0.950152,0.62776,0.240317,0.329952,0.591246
mobile_manip_recovery,cross_level_cascade,delayed_observation_shift,1,0.601112,0.630758,0.524275,0.950152,0.62776,0.240317,0.329952,0.591246
mobile_manip_recovery,cross_level_cascade,delayed_observation_shift,2,0.601112,0.630758,0.524275,0.950152,0.62776,0.240317,0.329952,0.591246
mobile_manip_recovery,cross_level_cascade,delayed_observation_shift,3,0.601112,0.630758,0.524275,0.950152,0.62776,0.240317,0.329952,0.591246
mobile_manip_recovery,cross_level_cascade,delayed_observation_shift,4,0.601112,0.630758,0.524275,0.950152,0.62776,0.240317,0.329952,0.591246
mobile_manip_recovery,cross_level_cascade,delayed_observation_shift,5,0.601112,0.630758,0.524275,0.950152,0.62776,0.240317,0.329952,0.591246
mobile_manip_recovery,cross_level_cascade,delayed_observation_shift,6,0.601112,0.630758,0.524275,0.950152,0.62776,0.240317,0.329952,0.591246
mobile_manip_recovery,cross_level_cascade,delayed_observation_shift,7,0.601112,0.630758,0.524275,0.950152,0.62776,0.240317,0.329952,0.591246
mobile_manip_recovery,cross_level_cascade,delayed_observation_shift,8,0.601112,0.630758,0.524275,0.950152,0.62776,0.240317,0.329952,0.591246
mobile_manip_recovery,cross_level_cascade,delayed_observation_shift,9,0.601112,0.630758,0.524275,0.950152,0.62776,0.240317,0.329952,0.591246
mobile_manip_recovery,cross_level_cascade,false_halt_shift,0,0.605908,0.585075,0.491123,0.784336,0.58128,0.178265,0.450912,0.537776
mobile_manip_recovery,cross_level_cascade,false_halt_shift,1,0.605908,0.585075,0.491123,0.784336,0.58128,0.178265,0.450912,0.537776
mobile_manip_recovery,cross_level_cascade,false_halt_shift,2,0.605908,0.585075,0.491123,0.784336,0.58128,0.178265,0.450912,0.537776
mobile_manip_recovery,cross_level_cascade,false_halt_shift,3,0.605908,0.585075,0.491123,0.784336,0.58128,0.178265,0.450912,0.537776
mobile_manip_recovery,cross_level_cascade,false_halt_shift,4,0.605908,0.585075,0.491123,0.784336,0.58128,0.178265,0.450912,0.537776
mobile_manip_recovery,cross_level_cascade,false_halt_shift,5,0.605908,0.585075,0.491123,0.784336,0.58128,0.178265,0.450912,0.537776
mobile_manip_recovery,cross_level_cascade,false_halt_shift,6,0.605908,0.585075,0.491123,0.784336,0.58128,0.178265,0.450912,0.537776
mobile_manip_recovery,cross_level_cascade,false_halt_shift,7,0.605908,0.585075,0.491123,0.784336,0.58128,0.178265,0.450912,0.537776
mobile_manip_recovery,cross_level_cascade,false_halt_shift,8,0.605908,0.585075,0.491123,0.784336,0.58128,0.178265,0.450912,0.537776
mobile_manip_recovery,cross_level_cascade,false_halt_shift,9,0.605908,0.585075,0.491123,0.784336,0.58128,0.178265,0.450912,0.537776
mobile_manip_recovery,cross_level_cascade,budget_exhaustion_shift,0,0.674735,0.667635,0.54985,0.953536,0.77448,0.208475,0.357504,0.630134
mobile_manip_recovery,cross_level_cascade,budget_exhaustion_shift,1,0.674735,0.667635,0.54985,0.953536,0.77448,0.208475,0.357504,0.630134
mobile_manip_recovery,cross_level_cascade,budget_exhaustion_shift,2,0.674735,0.667635,0.54985,0.953536,0.77448,0.208475,0.357504,0.630134
mobile_manip_recovery,cross_level_cascade,budget_exhaustion_shift,3,0.674735,0.667635,0.54985,0.953536,0.77448,0.208475,0.357504,0.630134
mobile_manip_recovery,cross_level_cascade,budget_exhaustion_shift,4,0.674735,0.667635,0.54985,0.953536,0.77448,0.208475,0.357504,0.630134
mobile_manip_recovery,cross_level_cascade,budget_exhaustion_shift,5,0.674735,0.667635,0.54985,0.953536,0.77448,0.208475,0.357504,0.630134
mobile_manip_recovery,cross_level_cascade,budget_exhaustion_shift,6,0.674735,0.667635,0.54985,0.953536,0.77448,0.208475,0.357504,0.630134
mobile_manip_recovery,cross_level_cascade,budget_exhaustion_shift,7,0.674735,0.667635,0.54985,0.953536,0.77448,0.208475,0.357504,0.630134
mobile_manip_recovery,cross_level_cascade,budget_exhaustion_shift,8,0.674735,0.667635,0.54985,0.953536,0.77448,0.208475,0.357504,0.630134
mobile_manip_recovery,cross_level_cascade,budget_exhaustion_shift,9,0.674735,0.667635,0.54985,0.953536,0.77448,0.208475,0.357504,0.630134
mobile_manip_recovery,cross_level_cascade,cross_level_cascade_shift,0,0.741024,0.733133,0.618522,1.0,0.71736,0.218272,0.375648,0.726586
mobile_manip_recovery,cross_level_cascade,cross_level_cascade_shift,1,0.741024,0.733133,0.618522,1.0,0.71736,0.218272,0.375648,0.726586
mobile_manip_recovery,cross_level_cascade,cross_level_cascade_shift,2,0.741024,0.733133,0.618522,1.0,0.71736,0.218272,0.375648,0.726586
mobile_manip_recovery,cross_level_cascade,cross_level_cascade_shift,3,0.741024,0.733133,0.618522,1.0,0.71736,0.218272,0.375648,0.726586
mobile_manip_recovery,cross_level_cascade,cross_level_cascade_shift,4,0.741024,0.733133,0.618522,1.0,0.71736,0.218272,0.375648,0.726586
mobile_manip_recovery,cross_level_cascade,cross_level_cascade_shift,5,0.741024,0.733133,0.618522,1.0,0.71736,0.218272,0.375648,0.726586
mobile_manip_recovery,cross_level_cascade,cross_level_cascade_shift,6,0.741024,0.733133,0.618522,1.0,0.71736,0.218272,0.375648,0.726586
mobile_manip_recovery,cross_level_cascade,cross_level_cascade_shift,7,0.741024,0.733133,0.618522,1.0,0.71736,0.218272,0.375648,0.726586
mobile_manip_recovery,cross_level_cascade,cross_level_cascade_shift,8,0.741024,0.733133,0.618522,1.0,0.71736,0.218272,0.375648,0.726586
mobile_manip_recovery,cross_level_cascade,cross_level_cascade_shift,9,0.741024,0.733133,0.618522,1.0,0.71736,0.218272,0.375648,0.726586
mobile_manip_recovery,cross_level_cascade,combined_extreme,0,0.788132,0.773862,0.659725,1.0,0.78792,0.243583,0.4368,0.7491
mobile_manip_recovery,cross_level_cascade,combined_extreme,1,0.788132,0.773862,0.659725,1.0,0.78792,0.243583,0.4368,0.7491
mobile_manip_recovery,cross_level_cascade,combined_extreme,2,0.788132,0.773862,0.659725,1.0,0.78792,0.243583,0.4368,0.7491
mobile_manip_recovery,cross_level_cascade,combined_extreme,3,0.788132,0.773862,0.659725,1.0,0.78792,0.243583,0.4368,0.7491
mobile_manip_recovery,cross_level_cascade,combined_extreme,4,0.788132,0.773862,0.659725,1.0,0.78792,0.243583,0.4368,0.7491
mobile_manip_recovery,cross_level_cascade,combined_extreme,5,0.788132,0.773862,0.659725,1.0,0.78792,0.243583,0.4368,0.7491
mobile_manip_recovery,cross_level_cascade,combined_extreme,6,0.788132,0.773862,0.659725,1.0,0.78792,0.243583,0.4368,0.7491
mobile_manip_recovery,cross_level_cascade,combined_extreme,7,0.788132,0.773862,0.659725,1.0,0.78792,0.243583,0.4368,0.7491
mobile_manip_recovery,cross_level_cascade,combined_extreme,8,0.788132,0.773862,0.659725,1.0,0.78792,0.243583,0.4368,0.7491
mobile_manip_recovery,cross_level_cascade,combined_extreme,9,0.788132,0.773862,0.659725,1.0,0.78792,0.243583,0.4368,0.7491
mobile_manip_recovery,false_halt_pressure,nominal,0,0.247515,0.235791,0.190176,0.212904,0.2184,0.07497,0.48208,0.192864
mobile_manip_recovery,false_halt_pressure,nominal,1,0.247515,0.235791,0.190176,0.212904,0.2184,0.07497,0.48208,0.192864
mobile_manip_recovery,false_halt_pressure,nominal,2,0.247515,0.235791,0.190176,0.212904,0.2184,0.07497,0.48208,0.192864
mobile_manip_recovery,false_halt_pressure,nominal,3,0.247515,0.235791,0.190176,0.212904,0.2184,0.07497,0.48208,0.192864
mobile_manip_recovery,false_halt_pressure,nominal,4,0.247515,0.235791,0.190176,0.212904,0.2184,0.07497,0.48208,0.192864
mobile_manip_recovery,false_halt_pressure,nominal,5,0.247515,0.235791,0.190176,0.212904,0.2184,0.07497,0.48208,0.192864
mobile_manip_recovery,false_halt_pressure,nominal,6,0.247515,0.235791,0.190176,0.212904,0.2184,0.07497,0.48208,0.192864
mobile_manip_recovery,false_halt_pressure,nominal,7,0.247515,0.235791,0.190176,0.212904,0.2184,0.07497,0.48208,0.192864
mobile_manip_recovery,false_halt_pressure,nominal,8,0.247515,0.235791,0.190176,0.212904,0.2184,0.07497,0.48208,0.192864
mobile_manip_recovery,false_halt_pressure,nominal,9,0.247515,0.235791,0.190176,0.212904,0.2184,0.07497,0.48208,0.192864
mobile_manip_recovery,false_halt_pressure,local_anomaly_shift,0,0.42601,0.297216,0.231437,0.25632,0.29664,0.094762,0.604992,0.244819
mobile_manip_recovery,false_halt_pressure,local_anomaly_shift,1,0.42601,0.297216,0.231437,0.25632,0.29664,0.094762,0.604992,0.244819
mobile_manip_recovery,false_halt_pressure,local_anomaly_shift,2,0.42601,0.297216,0.231437,0.25632,0.29664,0.094762,0.604992,0.244819
mobile_manip_recovery,false_halt_pressure,local_anomaly_shift,3,0.42601,0.297216,0.231437,0.25632,0.29664,0.094762,0.604992,0.244819
mobile_manip_recovery,false_halt_pressure,local_anomaly_shift,4,0.42601,0.297216,0.231437,0.25632,0.29664,0.094762,0.604992,0.244819
mobile_manip_recovery,false_halt_pressure,local_anomaly_shift,5,0.42601,0.297216,0.231437,0.25632,0.29664,0.094762,0.604992,0.244819
mobile_manip_recovery,false_halt_pressure,local_anomaly_shift,6,0.42601,0.297216,0.231437,0.25632,0.29664,0.094762,0.604992,0.244819
mobile_manip_recovery,false_halt_pressure,local_anomaly_shift,7,0.42601,0.297216,0.231437,0.25632,0.29664,0.094762,0.604992,0.244819
mobile_manip_recovery,false_halt_pressure,local_anomaly_shift,8,0.42601,0.297216,0.231437,0.25632,0.29664,0.094762,0.604992,0.244819
mobile_manip_recovery,false_halt_pressure,local_anomaly_shift,9,0.42601,0.297216,0.231437,0.25632,0.29664,0.094762,0.604992,0.244819
mobile_manip_recovery,false_halt_pressure,subgoal_corruption_shift,0,0.324626,0.436908,0.275251,0.299088,0.32384,0.106072,0.64768,0.279062
mobile_manip_recovery,false_halt_pressure,subgoal_corruption_shift,1,0.324626,0.436908,0.275251,0.299088,0.32384,0.106072,0.64768,0.279062
mobile_manip_recovery,false_halt_pressure,subgoal_corruption_shift,2,0.324626,0.436908,0.275251,0.299088,0.32384,0.106072,0.64768,0.279062
mobile_manip_recovery,false_halt_pressure,subgoal_corruption_shift,3,0.324626,0.436908,0.275251,0.299088,0.32384,0.106072,0.64768,0.279062
mobile_manip_recovery,false_halt_pressure,subgoal_corruption_shift,4,0.324626,0.436908,0.275251,0.299088,0.32384,0.106072,0.64768,0.279062
mobile_manip_recovery,false_halt_pressure,subgoal_corruption_shift,5,0.324626,0.436908,0.275251,0.299088,0.32384,0.106072,0.64768,0.279062
mobile_manip_recovery,false_halt_pressure,subgoal_corruption_shift,6,0.324626,0.436908,0.275251,0.299088,0.32384,0.106072,0.64768,0.279062
mobile_manip_recovery,false_halt_pressure,subgoal_corruption_shift,7,0.324626,0.436908,0.275251,0.299088,0.32384,0.106072,0.64768,0.279062
mobile_manip_recovery,false_halt_pressure,subgoal_corruption_shift,8,0.324626,0.436908,0.275251,0.299088,0.32384,0.106072,0.64768,0.279062
mobile_manip_recovery,false_halt_pressure,subgoal_corruption_shift,9,0.324626,0.436908,0.275251,0.299088,0.32384,0.106072,0.64768,0.279062
mobile_manip_recovery,false_halt_pressure,delayed_observation_shift,0,0.351871,0.378455,0.297562,0.363888,0.35872,0.151311,0.722752,0.303203
mobile_manip_recovery,false_halt_pressure,delayed_observation_shift,1,0.351871,0.378455,0.297562,0.363888,0.35872,0.151311,0.722752,0.303203
mobile_manip_recovery,false_halt_pressure,delayed_observation_shift,2,0.351871,0.378455,0.297562,0.363888,0.35872,0.151311,0.722752,0.303203
mobile_manip_recovery,false_halt_pressure,delayed_observation_shift,3,0.351871,0.378455,0.297562,0.363888,0.35872,0.151311,0.722752,0.303203
mobile_manip_recovery,false_halt_pressure,delayed_observation_shift,4,0.351871,0.378455,0.297562,0.363888,0.35872,0.151311,0.722752,0.303203
mobile_manip_recovery,false_halt_pressure,delayed_observation_shift,5,0.351871,0.378455,0.297562,0.363888,0.35872,0.151311,0.722752,0.303203
mobile_manip_recovery,false_halt_pressure,delayed_observation_shift,6,0.351871,0.378455,0.297562,0.363888,0.35872,0.151311,0.722752,0.303203
mobile_manip_recovery,false_halt_pressure,delayed_observation_shift,7,0.351871,0.378455,0.297562,0.363888,0.35872,0.151311,0.722752,0.303203
mobile_manip_recovery,false_halt_pressure,delayed_observation_shift,8,0.351871,0.378455,0.297562,0.363888,0.35872,0.151311,0.722752,0.303203
mobile_manip_recovery,false_halt_pressure,delayed_observation_shift,9,0.351871,0.378455,0.297562,0.363888,0.35872,0.151311,0.722752,0.303203
mobile_manip_recovery,false_halt_pressure,false_halt_shift,0,0.354678,0.351045,0.278746,0.300384,0.33216,0.112241,0.987712,0.275782
mobile_manip_recovery,false_halt_pressure,false_halt_shift,1,0.354678,0.351045,0.278746,0.300384,0.33216,0.112241,0.987712,0.275782
mobile_manip_recovery,false_halt_pressure,false_halt_shift,2,0.354678,0.351045,0.278746,0.300384,0.33216,0.112241,0.987712,0.275782
mobile_manip_recovery,false_halt_pressure,false_halt_shift,3,0.354678,0.351045,0.278746,0.300384,0.33216,0.112241,0.987712,0.275782
mobile_manip_recovery,false_halt_pressure,false_halt_shift,4,0.354678,0.351045,0.278746,0.300384,0.33216,0.112241,0.987712,0.275782
mobile_manip_recovery,false_halt_pressure,false_halt_shift,5,0.354678,0.351045,0.278746,0.300384,0.33216,0.112241,0.987712,0.275782
mobile_manip_recovery,false_halt_pressure,false_halt_shift,6,0.354678,0.351045,0.278746,0.300384,0.33216,0.112241,0.987712,0.275782
mobile_manip_recovery,false_halt_pressure,false_halt_shift,7,0.354678,0.351045,0.278746,0.300384,0.33216,0.112241,0.987712,0.275782
mobile_manip_recovery,false_halt_pressure,false_halt_shift,8,0.354678,0.351045,0.278746,0.300384,0.33216,0.112241,0.987712,0.275782
mobile_manip_recovery,false_halt_pressure,false_halt_shift,9,0.354678,0.351045,0.278746,0.300384,0.33216,0.112241,0.987712,0.275782
mobile_manip_recovery,false_halt_pressure,budget_exhaustion_shift,0,0.394967,0.400581,0.312077,0.365184,0.44256,0.131262,0.783104,0.323146
mobile_manip_recovery,false_halt_pressure,budget_exhaustion_shift,1,0.394967,0.400581,0.312077,0.365184,0.44256,0.131262,0.783104,0.323146
mobile_manip_recovery,false_halt_pressure,budget_exhaustion_shift,2,0.394967,0.400581,0.312077,0.365184,0.44256,0.131262,0.783104,0.323146
mobile_manip_recovery,false_halt_pressure,budget_exhaustion_shift,3,0.394967,0.400581,0.312077,0.365184,0.44256,0.131262,0.783104,0.323146
mobile_manip_recovery,false_halt_pressure,budget_exhaustion_shift,4,0.394967,0.400581,0.312077,0.365184,0.44256,0.131262,0.783104,0.323146
mobile_manip_recovery,false_halt_pressure,budget_exhaustion_shift,5,0.394967,0.400581,0.312077,0.365184,0.44256,0.131262,0.783104,0.323146
mobile_manip_recovery,false_halt_pressure,budget_exhaustion_shift,6,0.394967,0.400581,0.312077,0.365184,0.44256,0.131262,0.783104,0.323146
mobile_manip_recovery,false_halt_pressure,budget_exhaustion_shift,7,0.394967,0.400581,0.312077,0.365184,0.44256,0.131262,0.783104,0.323146
mobile_manip_recovery,false_halt_pressure,budget_exhaustion_shift,8,0.394967,0.400581,0.312077,0.365184,0.44256,0.131262,0.783104,0.323146
mobile_manip_recovery,false_halt_pressure,budget_exhaustion_shift,9,0.394967,0.400581,0.312077,0.365184,0.44256,0.131262,0.783104,0.323146
mobile_manip_recovery,false_halt_pressure,cross_level_cascade_shift,0,0.43377,0.43988,0.351053,0.423504,0.40992,0.137431,0.822848,0.372608
mobile_manip_recovery,false_halt_pressure,cross_level_cascade_shift,1,0.43377,0.43988,0.351053,0.423504,0.40992,0.137431,0.822848,0.372608
mobile_manip_recovery,false_halt_pressure,cross_level_cascade_shift,2,0.43377,0.43988,0.351053,0.423504,0.40992,0.137431,0.822848,0.372608
mobile_manip_recovery,false_halt_pressure,cross_level_cascade_shift,3,0.43377,0.43988,0.351053,0.423504,0.40992,0.137431,0.822848,0.372608
mobile_manip_recovery,false_halt_pressure,cross_level_cascade_shift,4,0.43377,0.43988,0.351053,0.423504,0.40992,0.137431,0.822848,0.372608
mobile_manip_recovery,false_halt_pressure,cross_level_cascade_shift,5,0.43377,0.43988,0.351053,0.423504,0.40992,0.137431,0.822848,0.372608
mobile_manip_recovery,false_halt_pressure,cross_level_cascade_shift,6,0.43377,0.43988,0.351053,0.423504,0.40992,0.137431,0.822848,0.372608
mobile_manip_recovery,false_halt_pressure,cross_level_cascade_shift,7,0.43377,0.43988,0.351053,0.423504,0.40992,0.137431,0.822848,0.372608
mobile_manip_recovery,false_halt_pressure,cross_level_cascade_shift,8,0.43377,0.43988,0.351053,0.423504,0.40992,0.137431,0.822848,0.372608
mobile_manip_recovery,false_halt_pressure,cross_level_cascade_shift,9,0.43377,0.43988,0.351053,0.423504,0.40992,0.137431,0.822848,0.372608
mobile_manip_recovery,false_halt_pressure,combined_extreme,0,0.461345,0.464317,0.374438,0.43776,0.45024,0.153367,0.9568,0.384154
mobile_manip_recovery,false_halt_pressure,combined_extreme,1,0.461345,0.464317,0.374438,0.43776,0.45024,0.153367,0.9568,0.384154
mobile_manip_recovery,false_halt_pressure,combined_extreme,2,0.461345,0.464317,0.374438,0.43776,0.45024,0.153367,0.9568,0.384154
mobile_manip_recovery,false_halt_pressure,combined_extreme,3,0.461345,0.464317,0.374438,0.43776,0.45024,0.153367,0.9568,0.384154
mobile_manip_recovery,false_halt_pressure,combined_extreme,4,0.461345,0.464317,0.374438,0.43776,0.45024,0.153367,0.9568,0.384154
mobile_manip_recovery,false_halt_pressure,combined_extreme,5,0.461345,0.464317,0.374438,0.43776,0.45024,0.153367,0.9568,0.384154
mobile_manip_recovery,false_halt_pressure,combined_extreme,6,0.461345,0.464317,0.374438,0.43776,0.45024,0.153367,0.9568,0.384154
mobile_manip_recovery,false_halt_pressure,combined_extreme,7,0.461345,0.464317,0.374438,0.43776,0.45024,0.153367,0.9568,0.384154
mobile_manip_recovery,false_halt_pressure,combined_extreme,8,0.461345,0.464317,0.374438,0.43776,0.45024,0.153367,0.9568,0.384154
mobile_manip_recovery,false_halt_pressure,combined_extreme,9,0.461345,0.464317,0.374438,0.43776,0.45024,0.153367,0.9568,0.384154
mobile_manip_recovery,delayed_failure_observation,nominal,0,0.33002,0.343862,0.289792,0.366668,0.31668,0.20286,0.262,0.298939
mobile_manip_recovery,delayed_failure_observation,nominal,1,0.33002,0.343862,0.289792,0.366668,0.31668,0.20286,0.262,0.298939
mobile_manip_recovery,delayed_failure_observation,nominal,2,0.33002,0.343862,0.289792,0.366668,0.31668,0.20286,0.262,0.298939
mobile_manip_recovery,delayed_failure_observation,nominal,3,0.33002,0.343862,0.289792,0.366668,0.31668,0.20286,0.262,0.298939
mobile_manip_recovery,delayed_failure_observation,nominal,4,0.33002,0.343862,0.289792,0.366668,0.31668,0.20286,0.262,0.298939
mobile_manip_recovery,delayed_failure_observation,nominal,5,0.33002,0.343862,0.289792,0.366668,0.31668,0.20286,0.262,0.298939
mobile_manip_recovery,delayed_failure_observation,nominal,6,0.33002,0.343862,0.289792,0.366668,0.31668,0.20286,0.262,0.298939
mobile_manip_recovery,delayed_failure_observation,nominal,7,0.33002,0.343862,0.289792,0.366668,0.31668,0.20286,0.262,0.298939
mobile_manip_recovery,delayed_failure_observation,nominal,8,0.33002,0.343862,0.289792,0.366668,0.31668,0.20286,0.262,0.298939
mobile_manip_recovery,delayed_failure_observation,nominal,9,0.33002,0.343862,0.289792,0.366668,0.31668,0.20286,0.262,0.298939
mobile_manip_recovery,delayed_failure_observation,local_anomaly_shift,0,0.568013,0.43344,0.352666,0.44144,0.430128,0.256415,0.3288,0.37947
mobile_manip_recovery,delayed_failure_observation,local_anomaly_shift,1,0.568013,0.43344,0.352666,0.44144,0.430128,0.256415,0.3288,0.37947
mobile_manip_recovery,delayed_failure_observation,local_anomaly_shift,2,0.568013,0.43344,0.352666,0.44144,0.430128,0.256415,0.3288,0.37947
mobile_manip_recovery,delayed_failure_observation,local_anomaly_shift,3,0.568013,0.43344,0.352666,0.44144,0.430128,0.256415,0.3288,0.37947
mobile_manip_recovery,delayed_failure_observation,local_anomaly_shift,4,0.568013,0.43344,0.352666,0.44144,0.430128,0.256415,0.3288,0.37947
mobile_manip_recovery,delayed_failure_observation,local_anomaly_shift,5,0.568013,0.43344,0.352666,0.44144,0.430128,0.256415,0.3288,0.37947
mobile_manip_recovery,delayed_failure_observation,local_anomaly_shift,6,0.568013,0.43344,0.352666,0.44144,0.430128,0.256415,0.3288,0.37947
mobile_manip_recovery,delayed_failure_observation,local_anomaly_shift,7,0.568013,0.43344,0.352666,0.44144,0.430128,0.256415,0.3288,0.37947
mobile_manip_recovery,delayed_failure_observation,local_anomaly_shift,8,0.568013,0.43344,0.352666,0.44144,0.430128,0.256415,0.3288,0.37947
mobile_manip_recovery,delayed_failure_observation,local_anomaly_shift,9,0.568013,0.43344,0.352666,0.44144,0.430128,0.256415,0.3288,0.37947
mobile_manip_recovery,delayed_failure_observation,subgoal_corruption_shift,0,0.432835,0.637157,0.41943,0.515096,0.469568,0.287018,0.352,0.432547
mobile_manip_recovery,delayed_failure_observation,subgoal_corruption_shift,1,0.432835,0.637157,0.41943,0.515096,0.469568,0.287018,0.352,0.432547
mobile_manip_recovery,delayed_failure_observation,subgoal_corruption_shift,2,0.432835,0.637157,0.41943,0.515096,0.469568,0.287018,0.352,0.432547
mobile_manip_recovery,delayed_failure_observation,subgoal_corruption_shift,3,0.432835,0.637157,0.41943,0.515096,0.469568,0.287018,0.352,0.432547
mobile_manip_recovery,delayed_failure_observation,subgoal_corruption_shift,4,0.432835,0.637157,0.41943,0.515096,0.469568,0.287018,0.352,0.432547
mobile_manip_recovery,delayed_failure_observation,subgoal_corruption_shift,5,0.432835,0.637157,0.41943,0.515096,0.469568,0.287018,0.352,0.432547
mobile_manip_recovery,delayed_failure_observation,subgoal_corruption_shift,6,0.432835,0.637157,0.41943,0.515096,0.469568,0.287018,0.352,0.432547
mobile_manip_recovery,delayed_failure_observation,subgoal_corruption_shift,7,0.432835,0.637157,0.41943,0.515096,0.469568,0.287018,0.352,0.432547
mobile_manip_recovery,delayed_failure_observation,subgoal_corruption_shift,8,0.432835,0.637157,0.41943,0.515096,0.469568,0.287018,0.352,0.432547
mobile_manip_recovery,delayed_failure_observation,subgoal_corruption_shift,9,0.432835,0.637157,0.41943,0.515096,0.469568,0.287018,0.352,0.432547
mobile_manip_recovery,delayed_failure_observation,delayed_observation_shift,0,0.469161,0.551914,0.453427,0.626696,0.520144,0.409429,0.3928,0.469965
mobile_manip_recovery,delayed_failure_observation,delayed_observation_shift,1,0.469161,0.551914,0.453427,0.626696,0.520144,0.409429,0.3928,0.469965
mobile_manip_recovery,delayed_failure_observation,delayed_observation_shift,2,0.469161,0.551914,0.453427,0.626696,0.520144,0.409429,0.3928,0.469965
mobile_manip_recovery,delayed_failure_observation,delayed_observation_shift,3,0.469161,0.551914,0.453427,0.626696,0.520144,0.409429,0.3928,0.469965
mobile_manip_recovery,delayed_failure_observation,delayed_observation_shift,4,0.469161,0.551914,0.453427,0.626696,0.520144,0.409429,0.3928,0.469965
mobile_manip_recovery,delayed_failure_observation,delayed_observation_shift,5,0.469161,0.551914,0.453427,0.626696,0.520144,0.409429,0.3928,0.469965
mobile_manip_recovery,delayed_failure_observation,delayed_observation_shift,6,0.469161,0.551914,0.453427,0.626696,0.520144,0.409429,0.3928,0.469965
mobile_manip_recovery,delayed_failure_observation,delayed_observation_shift,7,0.469161,0.551914,0.453427,0.626696,0.520144,0.409429,0.3928,0.469965
mobile_manip_recovery,delayed_failure_observation,delayed_observation_shift,8,0.469161,0.551914,0.453427,0.626696,0.520144,0.409429,0.3928,0.469965
mobile_manip_recovery,delayed_failure_observation,delayed_observation_shift,9,0.469161,0.551914,0.453427,0.626696,0.520144,0.409429,0.3928,0.469965
mobile_manip_recovery,delayed_failure_observation,false_halt_shift,0,0.472904,0.511941,0.424755,0.517328,0.481632,0.30371,0.5368,0.427463
mobile_manip_recovery,delayed_failure_observation,false_halt_shift,1,0.472904,0.511941,0.424755,0.517328,0.481632,0.30371,0.5368,0.427463
mobile_manip_recovery,delayed_failure_observation,false_halt_shift,2,0.472904,0.511941,0.424755,0.517328,0.481632,0.30371,0.5368,0.427463
mobile_manip_recovery,delayed_failure_observation,false_halt_shift,3,0.472904,0.511941,0.424755,0.517328,0.481632,0.30371,0.5368,0.427463
mobile_manip_recovery,delayed_failure_observation,false_halt_shift,4,0.472904,0.511941,0.424755,0.517328,0.481632,0.30371,0.5368,0.427463
mobile_manip_recovery,delayed_failure_observation,false_halt_shift,5,0.472904,0.511941,0.424755,0.517328,0.481632,0.30371,0.5368,0.427463
mobile_manip_recovery,delayed_failure_observation,false_halt_shift,6,0.472904,0.511941,0.424755,0.517328,0.481632,0.30371,0.5368,0.427463
mobile_manip_recovery,delayed_failure_observation,false_halt_shift,7,0.472904,0.511941,0.424755,0.517328,0.481632,0.30371,0.5368,0.427463
mobile_manip_recovery,delayed_failure_observation,false_halt_shift,8,0.472904,0.511941,0.424755,0.517328,0.481632,0.30371,0.5368,0.427463
mobile_manip_recovery,delayed_failure_observation,false_halt_shift,9,0.472904,0.511941,0.424755,0.517328,0.481632,0.30371,0.5368,0.427463
mobile_manip_recovery,delayed_failure_observation,budget_exhaustion_shift,0,0.526623,0.584181,0.475546,0.628928,0.641712,0.355179,0.4256,0.500876
mobile_manip_recovery,delayed_failure_observation,budget_exhaustion_shift,1,0.526623,0.584181,0.475546,0.628928,0.641712,0.355179,0.4256,0.500876
mobile_manip_recovery,delayed_failure_observation,budget_exhaustion_shift,2,0.526623,0.584181,0.475546,0.628928,0.641712,0.355179,0.4256,0.500876
mobile_manip_recovery,delayed_failure_observation,budget_exhaustion_shift,3,0.526623,0.584181,0.475546,0.628928,0.641712,0.355179,0.4256,0.500876
mobile_manip_recovery,delayed_failure_observation,budget_exhaustion_shift,4,0.526623,0.584181,0.475546,0.628928,0.641712,0.355179,0.4256,0.500876
mobile_manip_recovery,delayed_failure_observation,budget_exhaustion_shift,5,0.526623,0.584181,0.475546,0.628928,0.641712,0.355179,0.4256,0.500876
mobile_manip_recovery,delayed_failure_observation,budget_exhaustion_shift,6,0.526623,0.584181,0.475546,0.628928,0.641712,0.355179,0.4256,0.500876
mobile_manip_recovery,delayed_failure_observation,budget_exhaustion_shift,7,0.526623,0.584181,0.475546,0.628928,0.641712,0.355179,0.4256,0.500876
mobile_manip_recovery,delayed_failure_observation,budget_exhaustion_shift,8,0.526623,0.584181,0.475546,0.628928,0.641712,0.355179,0.4256,0.500876
mobile_manip_recovery,delayed_failure_observation,budget_exhaustion_shift,9,0.526623,0.584181,0.475546,0.628928,0.641712,0.355179,0.4256,0.500876
mobile_manip_recovery,delayed_failure_observation,cross_level_cascade_shift,0,0.57836,0.641491,0.534938,0.729368,0.594384,0.371871,0.4472,0.577542
mobile_manip_recovery,delayed_failure_observation,cross_level_cascade_shift,1,0.57836,0.641491,0.534938,0.729368,0.594384,0.371871,0.4472,0.577542
mobile_manip_recovery,delayed_failure_observation,cross_level_cascade_shift,2,0.57836,0.641491,0.534938,0.729368,0.594384,0.371871,0.4472,0.577542
mobile_manip_recovery,delayed_failure_observation,cross_level_cascade_shift,3,0.57836,0.641491,0.534938,0.729368,0.594384,0.371871,0.4472,0.577542
mobile_manip_recovery,delayed_failure_observation,cross_level_cascade_shift,4,0.57836,0.641491,0.534938,0.729368,0.594384,0.371871,0.4472,0.577542
mobile_manip_recovery,delayed_failure_observation,cross_level_cascade_shift,5,0.57836,0.641491,0.534938,0.729368,0.594384,0.371871,0.4472,0.577542
mobile_manip_recovery,delayed_failure_observation,cross_level_cascade_shift,6,0.57836,0.641491,0.534938,0.729368,0.594384,0.371871,0.4472,0.577542
mobile_manip_recovery,delayed_failure_observation,cross_level_cascade_shift,7,0.57836,0.641491,0.534938,0.729368,0.594384,0.371871,0.4472,0.577542
mobile_manip_recovery,delayed_failure_observation,cross_level_cascade_shift,8,0.57836,0.641491,0.534938,0.729368,0.594384,0.371871,0.4472,0.577542
mobile_manip_recovery,delayed_failure_observation,cross_level_cascade_shift,9,0.57836,0.641491,0.534938,0.729368,0.594384,0.371871,0.4472,0.577542
mobile_manip_recovery,delayed_failure_observation,combined_extreme,0,0.615127,0.67713,0.570573,0.75392,0.652848,0.414994,0.52,0.595438
mobile_manip_recovery,delayed_failure_observation,combined_extreme,1,0.615127,0.67713,0.570573,0.75392,0.652848,0.414994,0.52,0.595438
mobile_manip_recovery,delayed_failure_observation,combined_extreme,2,0.615127,0.67713,0.570573,0.75392,0.652848,0.414994,0.52,0.595438
mobile_manip_recovery,delayed_failure_observation,combined_extreme,3,0.615127,0.67713,0.570573,0.75392,0.652848,0.414994,0.52,0.595438
mobile_manip_recovery,delayed_failure_observation,combined_extreme,4,0.615127,0.67713,0.570573,0.75392,0.652848,0.414994,0.52,0.595438
mobile_manip_recovery,delayed_failure_observation,combined_extreme,5,0.615127,0.67713,0.570573,0.75392,0.652848,0.414994,0.52,0.595438
mobile_manip_recovery,delayed_failure_observation,combined_extreme,6,0.615127,0.67713,0.570573,0.75392,0.652848,0.414994,0.52,0.595438
mobile_manip_recovery,delayed_failure_observation,combined_extreme,7,0.615127,0.67713,0.570573,0.75392,0.652848,0.414994,0.52,0.595438
mobile_manip_recovery,delayed_failure_observation,combined_extreme,8,0.615127,0.67713,0.570573,0.75392,0.652848,0.414994,0.52,0.595438
mobile_manip_recovery,delayed_failure_observation,combined_extreme,9,0.615127,0.67713,0.570573,0.75392,0.652848,0.414994,0.52,0.595438
mobile_manip_recovery,recovery_budget_exhaustion,nominal,0,0.350646,0.324213,0.27168,0.41398,0.51324,0.13671,0.28296,0.318226
mobile_manip_recovery,recovery_budget_exhaustion,nominal,1,0.350646,0.324213,0.27168,0.41398,0.51324,0.13671,0.28296,0.318226
mobile_manip_recovery,recovery_budget_exhaustion,nominal,2,0.350646,0.324213,0.27168,0.41398,0.51324,0.13671,0.28296,0.318226
mobile_manip_recovery,recovery_budget_exhaustion,nominal,3,0.350646,0.324213,0.27168,0.41398,0.51324,0.13671,0.28296,0.318226
mobile_manip_recovery,recovery_budget_exhaustion,nominal,4,0.350646,0.324213,0.27168,0.41398,0.51324,0.13671,0.28296,0.318226
mobile_manip_recovery,recovery_budget_exhaustion,nominal,5,0.350646,0.324213,0.27168,0.41398,0.51324,0.13671,0.28296,0.318226
mobile_manip_recovery,recovery_budget_exhaustion,nominal,6,0.350646,0.324213,0.27168,0.41398,0.51324,0.13671,0.28296,0.318226
mobile_manip_recovery,recovery_budget_exhaustion,nominal,7,0.350646,0.324213,0.27168,0.41398,0.51324,0.13671,0.28296,0.318226
mobile_manip_recovery,recovery_budget_exhaustion,nominal,8,0.350646,0.324213,0.27168,0.41398,0.51324,0.13671,0.28296,0.318226
mobile_manip_recovery,recovery_budget_exhaustion,nominal,9,0.350646,0.324213,0.27168,0.41398,0.51324,0.13671,0.28296,0.318226
mobile_manip_recovery,recovery_budget_exhaustion,local_anomaly_shift,0,0.603514,0.408672,0.330624,0.4984,0.697104,0.172801,0.355104,0.403952
mobile_manip_recovery,recovery_budget_exhaustion,local_anomaly_shift,1,0.603514,0.408672,0.330624,0.4984,0.697104,0.172801,0.355104,0.403952
mobile_manip_recovery,recovery_budget_exhaustion,local_anomaly_shift,2,0.603514,0.408672,0.330624,0.4984,0.697104,0.172801,0.355104,0.403952
mobile_manip_recovery,recovery_budget_exhaustion,local_anomaly_shift,3,0.603514,0.408672,0.330624,0.4984,0.697104,0.172801,0.355104,0.403952
mobile_manip_recovery,recovery_budget_exhaustion,local_anomaly_shift,4,0.603514,0.408672,0.330624,0.4984,0.697104,0.172801,0.355104,0.403952
mobile_manip_recovery,recovery_budget_exhaustion,local_anomaly_shift,5,0.603514,0.408672,0.330624,0.4984,0.697104,0.172801,0.355104,0.403952
mobile_manip_recovery,recovery_budget_exhaustion,local_anomaly_shift,6,0.603514,0.408672,0.330624,0.4984,0.697104,0.172801,0.355104,0.403952
mobile_manip_recovery,recovery_budget_exhaustion,local_anomaly_shift,7,0.603514,0.408672,0.330624,0.4984,0.697104,0.172801,0.355104,0.403952
mobile_manip_recovery,recovery_budget_exhaustion,local_anomaly_shift,8,0.603514,0.408672,0.330624,0.4984,0.697104,0.172801,0.355104,0.403952
mobile_manip_recovery,recovery_budget_exhaustion,local_anomaly_shift,9,0.603514,0.408672,0.330624,0.4984,0.697104,0.172801,0.355104,0.403952
mobile_manip_recovery,recovery_budget_exhaustion,subgoal_corruption_shift,0,0.459887,0.600748,0.393216,0.58156,0.761024,0.193425,0.38016,0.460453
mobile_manip_recovery,recovery_budget_exhaustion,subgoal_corruption_shift,1,0.459887,0.600748,0.393216,0.58156,0.761024,0.193425,0.38016,0.460453
mobile_manip_recovery,recovery_budget_exhaustion,subgoal_corruption_shift,2,0.459887,0.600748,0.393216,0.58156,0.761024,0.193425,0.38016,0.460453
mobile_manip_recovery,recovery_budget_exhaustion,subgoal_corruption_shift,3,0.459887,0.600748,0.393216,0.58156,0.761024,0.193425,0.38016,0.460453
mobile_manip_recovery,recovery_budget_exhaustion,subgoal_corruption_shift,4,0.459887,0.600748,0.393216,0.58156,0.761024,0.193425,0.38016,0.460453
mobile_manip_recovery,recovery_budget_exhaustion,subgoal_corruption_shift,5,0.459887,0.600748,0.393216,0.58156,0.761024,0.193425,0.38016,0.460453
mobile_manip_recovery,recovery_budget_exhaustion,subgoal_corruption_shift,6,0.459887,0.600748,0.393216,0.58156,0.761024,0.193425,0.38016,0.460453
mobile_manip_recovery,recovery_budget_exhaustion,subgoal_corruption_shift,7,0.459887,0.600748,0.393216,0.58156,0.761024,0.193425,0.38016,0.460453
mobile_manip_recovery,recovery_budget_exhaustion,subgoal_corruption_shift,8,0.459887,0.600748,0.393216,0.58156,0.761024,0.193425,0.38016,0.460453
mobile_manip_recovery,recovery_budget_exhaustion,subgoal_corruption_shift,9,0.459887,0.600748,0.393216,0.58156,0.761024,0.193425,0.38016,0.460453
mobile_manip_recovery,recovery_budget_exhaustion,delayed_observation_shift,0,0.498484,0.520376,0.425088,0.70756,0.842992,0.27592,0.424224,0.500285
mobile_manip_recovery,recovery_budget_exhaustion,delayed_observation_shift,1,0.498484,0.520376,0.425088,0.70756,0.842992,0.27592,0.424224,0.500285
mobile_manip_recovery,recovery_budget_exhaustion,delayed_observation_shift,2,0.498484,0.520376,0.425088,0.70756,0.842992,0.27592,0.424224,0.500285
mobile_manip_recovery,recovery_budget_exhaustion,delayed_observation_shift,3,0.498484,0.520376,0.425088,0.70756,0.842992,0.27592,0.424224,0.500285
mobile_manip_recovery,recovery_budget_exhaustion,delayed_observation_shift,4,0.498484,0.520376,0.425088,0.70756,0.842992,0.27592,0.424224,0.500285
mobile_manip_recovery,recovery_budget_exhaustion,delayed_observation_shift,5,0.498484,0.520376,0.425088,0.70756,0.842992,0.27592,0.424224,0.500285
mobile_manip_recovery,recovery_budget_exhaustion,delayed_observation_shift,6,0.498484,0.520376,0.425088,0.70756,0.842992,0.27592,0.424224,0.500285
mobile_manip_recovery,recovery_budget_exhaustion,delayed_observation_shift,7,0.498484,0.520376,0.425088,0.70756,0.842992,0.27592,0.424224,0.500285
mobile_manip_recovery,recovery_budget_exhaustion,delayed_observation_shift,8,0.498484,0.520376,0.425088,0.70756,0.842992,0.27592,0.424224,0.500285
mobile_manip_recovery,recovery_budget_exhaustion,delayed_observation_shift,9,0.498484,0.520376,0.425088,0.70756,0.842992,0.27592,0.424224,0.500285
mobile_manip_recovery,recovery_budget_exhaustion,false_halt_shift,0,0.50246,0.482687,0.398208,0.58408,0.780576,0.204674,0.579744,0.455041
mobile_manip_recovery,recovery_budget_exhaustion,false_halt_shift,1,0.50246,0.482687,0.398208,0.58408,0.780576,0.204674,0.579744,0.455041
mobile_manip_recovery,recovery_budget_exhaustion,false_halt_shift,2,0.50246,0.482687,0.398208,0.58408,0.780576,0.204674,0.579744,0.455041
mobile_manip_recovery,recovery_budget_exhaustion,false_halt_shift,3,0.50246,0.482687,0.398208,0.58408,0.780576,0.204674,0.579744,0.455041
mobile_manip_recovery,recovery_budget_exhaustion,false_halt_shift,4,0.50246,0.482687,0.398208,0.58408,0.780576,0.204674,0.579744,0.455041
mobile_manip_recovery,recovery_budget_exhaustion,false_halt_shift,5,0.50246,0.482687,0.398208,0.58408,0.780576,0.204674,0.579744,0.455041
mobile_manip_recovery,recovery_budget_exhaustion,false_halt_shift,6,0.50246,0.482687,0.398208,0.58408,0.780576,0.204674,0.579744,0.455041
mobile_manip_recovery,recovery_budget_exhaustion,false_halt_shift,7,0.50246,0.482687,0.398208,0.58408,0.780576,0.204674,0.579744,0.455041
mobile_manip_recovery,recovery_budget_exhaustion,false_halt_shift,8,0.50246,0.482687,0.398208,0.58408,0.780576,0.204674,0.579744,0.455041
mobile_manip_recovery,recovery_budget_exhaustion,false_halt_shift,9,0.50246,0.482687,0.398208,0.58408,0.780576,0.204674,0.579744,0.455041
mobile_manip_recovery,recovery_budget_exhaustion,budget_exhaustion_shift,0,0.559537,0.550799,0.445824,0.71008,1.0,0.23936,0.459648,0.53319
mobile_manip_recovery,recovery_budget_exhaustion,budget_exhaustion_shift,1,0.559537,0.550799,0.445824,0.71008,1.0,0.23936,0.459648,0.53319
mobile_manip_recovery,recovery_budget_exhaustion,budget_exhaustion_shift,2,0.559537,0.550799,0.445824,0.71008,1.0,0.23936,0.459648,0.53319
mobile_manip_recovery,recovery_budget_exhaustion,budget_exhaustion_shift,3,0.559537,0.550799,0.445824,0.71008,1.0,0.23936,0.459648,0.53319
mobile_manip_recovery,recovery_budget_exhaustion,budget_exhaustion_shift,4,0.559537,0.550799,0.445824,0.71008,1.0,0.23936,0.459648,0.53319
mobile_manip_recovery,recovery_budget_exhaustion,budget_exhaustion_shift,5,0.559537,0.550799,0.445824,0.71008,1.0,0.23936,0.459648,0.53319
mobile_manip_recovery,recovery_budget_exhaustion,budget_exhaustion_shift,6,0.559537,0.550799,0.445824,0.71008,1.0,0.23936,0.459648,0.53319
mobile_manip_recovery,recovery_budget_exhaustion,budget_exhaustion_shift,7,0.559537,0.550799,0.445824,0.71008,1.0,0.23936,0.459648,0.53319
mobile_manip_recovery,recovery_budget_exhaustion,budget_exhaustion_shift,8,0.559537,0.550799,0.445824,0.71008,1.0,0.23936,0.459648,0.53319
mobile_manip_recovery,recovery_budget_exhaustion,budget_exhaustion_shift,9,0.559537,0.550799,0.445824,0.71008,1.0,0.23936,0.459648,0.53319
mobile_manip_recovery,recovery_budget_exhaustion,cross_level_cascade_shift,0,0.614508,0.604835,0.501504,0.82348,0.963312,0.250609,0.482976,0.614803
mobile_manip_recovery,recovery_budget_exhaustion,cross_level_cascade_shift,1,0.614508,0.604835,0.501504,0.82348,0.963312,0.250609,0.482976,0.614803
mobile_manip_recovery,recovery_budget_exhaustion,cross_level_cascade_shift,2,0.614508,0.604835,0.501504,0.82348,0.963312,0.250609,0.482976,0.614803
mobile_manip_recovery,recovery_budget_exhaustion,cross_level_cascade_shift,3,0.614508,0.604835,0.501504,0.82348,0.963312,0.250609,0.482976,0.614803
mobile_manip_recovery,recovery_budget_exhaustion,cross_level_cascade_shift,4,0.614508,0.604835,0.501504,0.82348,0.963312,0.250609,0.482976,0.614803
mobile_manip_recovery,recovery_budget_exhaustion,cross_level_cascade_shift,5,0.614508,0.604835,0.501504,0.82348,0.963312,0.250609,0.482976,0.614803
mobile_manip_recovery,recovery_budget_exhaustion,cross_level_cascade_shift,6,0.614508,0.604835,0.501504,0.82348,0.963312,0.250609,0.482976,0.614803
mobile_manip_recovery,recovery_budget_exhaustion,cross_level_cascade_shift,7,0.614508,0.604835,0.501504,0.82348,0.963312,0.250609,0.482976,0.614803
mobile_manip_recovery,recovery_budget_exhaustion,cross_level_cascade_shift,8,0.614508,0.604835,0.501504,0.82348,0.963312,0.250609,0.482976,0.614803
mobile_manip_recovery,recovery_budget_exhaustion,cross_level_cascade_shift,9,0.614508,0.604835,0.501504,0.82348,0.963312,0.250609,0.482976,0.614803
mobile_manip_recovery,recovery_budget_exhaustion,combined_extreme,0,0.653572,0.638436,0.534912,0.8512,1.0,0.27967,0.5616,0.633853
mobile_manip_recovery,recovery_budget_exhaustion,combined_extreme,1,0.653572,0.638436,0.534912,0.8512,1.0,0.27967,0.5616,0.633853
mobile_manip_recovery,recovery_budget_exhaustion,combined_extreme,2,0.653572,0.638436,0.534912,0.8512,1.0,0.27967,0.5616,0.633853
mobile_manip_recovery,recovery_budget_exhaustion,combined_extreme,3,0.653572,0.638436,0.534912,0.8512,1.0,0.27967,0.5616,0.633853
mobile_manip_recovery,recovery_budget_exhaustion,combined_extreme,4,0.653572,0.638436,0.534912,0.8512,1.0,0.27967,0.5616,0.633853
mobile_manip_recovery,recovery_budget_exhaustion,combined_extreme,5,0.653572,0.638436,0.534912,0.8512,1.0,0.27967,0.5616,0.633853
mobile_manip_recovery,recovery_budget_exhaustion,combined_extreme,6,0.653572,0.638436,0.534912,0.8512,1.0,0.27967,0.5616,0.633853
mobile_manip_recovery,recovery_budget_exhaustion,combined_extreme,7,0.653572,0.638436,0.534912,0.8512,1.0,0.27967,0.5616,0.633853
mobile_manip_recovery,recovery_budget_exhaustion,combined_extreme,8,0.653572,0.638436,0.534912,0.8512,1.0,0.27967,0.5616,0.633853
mobile_manip_recovery,recovery_budget_exhaustion,combined_extreme,9,0.653572,0.638436,0.534912,0.8512,1.0,0.27967,0.5616,0.633853
mobile_manip_recovery,compositional_failure_chain,nominal,0,0.453777,0.42246,0.371296,0.567744,0.46956,0.17199,0.33536,0.405014
mobile_manip_recovery,compositional_failure_chain,nominal,1,0.453777,0.42246,0.371296,0.567744,0.46956,0.17199,0.33536,0.405014
mobile_manip_recovery,compositional_failure_chain,nominal,2,0.453777,0.42246,0.371296,0.567744,0.46956,0.17199,0.33536,0.405014
mobile_manip_recovery,compositional_failure_chain,nominal,3,0.453777,0.42246,0.371296,0.567744,0.46956,0.17199,0.33536,0.405014
mobile_manip_recovery,compositional_failure_chain,nominal,4,0.453777,0.42246,0.371296,0.567744,0.46956,0.17199,0.33536,0.405014
mobile_manip_recovery,compositional_failure_chain,nominal,5,0.453777,0.42246,0.371296,0.567744,0.46956,0.17199,0.33536,0.405014
mobile_manip_recovery,compositional_failure_chain,nominal,6,0.453777,0.42246,0.371296,0.567744,0.46956,0.17199,0.33536,0.405014
mobile_manip_recovery,compositional_failure_chain,nominal,7,0.453777,0.42246,0.371296,0.567744,0.46956,0.17199,0.33536,0.405014
mobile_manip_recovery,compositional_failure_chain,nominal,8,0.453777,0.42246,0.371296,0.567744,0.46956,0.17199,0.33536,0.405014
mobile_manip_recovery,compositional_failure_chain,nominal,9,0.453777,0.42246,0.371296,0.567744,0.46956,0.17199,0.33536,0.405014
mobile_manip_recovery,compositional_failure_chain,local_anomaly_shift,0,0.781018,0.532512,0.451853,0.68352,0.637776,0.217395,0.420864,0.51412
mobile_manip_recovery,compositional_failure_chain,local_anomaly_shift,1,0.781018,0.532512,0.451853,0.68352,0.637776,0.217395,0.420864,0.51412
mobile_manip_recovery,compositional_failure_chain,local_anomaly_shift,2,0.781018,0.532512,0.451853,0.68352,0.637776,0.217395,0.420864,0.51412
mobile_manip_recovery,compositional_failure_chain,local_anomaly_shift,3,0.781018,0.532512,0.451853,0.68352,0.637776,0.217395,0.420864,0.51412
mobile_manip_recovery,compositional_failure_chain,local_anomaly_shift,4,0.781018,0.532512,0.451853,0.68352,0.637776,0.217395,0.420864,0.51412
mobile_manip_recovery,compositional_failure_chain,local_anomaly_shift,5,0.781018,0.532512,0.451853,0.68352,0.637776,0.217395,0.420864,0.51412
mobile_manip_recovery,compositional_failure_chain,local_anomaly_shift,6,0.781018,0.532512,0.451853,0.68352,0.637776,0.217395,0.420864,0.51412
mobile_manip_recovery,compositional_failure_chain,local_anomaly_shift,7,0.781018,0.532512,0.451853,0.68352,0.637776,0.217395,0.420864,0.51412
mobile_manip_recovery,compositional_failure_chain,local_anomaly_shift,8,0.781018,0.532512,0.451853,0.68352,0.637776,0.217395,0.420864,0.51412
mobile_manip_recovery,compositional_failure_chain,local_anomaly_shift,9,0.781018,0.532512,0.451853,0.68352,0.637776,0.217395,0.420864,0.51412
mobile_manip_recovery,compositional_failure_chain,subgoal_corruption_shift,0,0.595148,0.782793,0.537395,0.797568,0.696256,0.243341,0.45056,0.586031
mobile_manip_recovery,compositional_failure_chain,subgoal_corruption_shift,1,0.595148,0.782793,0.537395,0.797568,0.696256,0.243341,0.45056,0.586031
mobile_manip_recovery,compositional_failure_chain,subgoal_corruption_shift,2,0.595148,0.782793,0.537395,0.797568,0.696256,0.243341,0.45056,0.586031
mobile_manip_recovery,compositional_failure_chain,subgoal_corruption_shift,3,0.595148,0.782793,0.537395,0.797568,0.696256,0.243341,0.45056,0.586031
mobile_manip_recovery,compositional_failure_chain,subgoal_corruption_shift,4,0.595148,0.782793,0.537395,0.797568,0.696256,0.243341,0.45056,0.586031
mobile_manip_recovery,compositional_failure_chain,subgoal_corruption_shift,5,0.595148,0.782793,0.537395,0.797568,0.696256,0.243341,0.45056,0.586031
mobile_manip_recovery,compositional_failure_chain,subgoal_corruption_shift,6,0.595148,0.782793,0.537395,0.797568,0.696256,0.243341,0.45056,0.586031
mobile_manip_recovery,compositional_failure_chain,subgoal_corruption_shift,7,0.595148,0.782793,0.537395,0.797568,0.696256,0.243341,0.45056,0.586031
mobile_manip_recovery,compositional_failure_chain,subgoal_corruption_shift,8,0.595148,0.782793,0.537395,0.797568,0.696256,0.243341,0.45056,0.586031
mobile_manip_recovery,compositional_failure_chain,subgoal_corruption_shift,9,0.595148,0.782793,0.537395,0.797568,0.696256,0.243341,0.45056,0.586031
mobile_manip_recovery,compositional_failure_chain,delayed_observation_shift,0,0.645096,0.678065,0.580954,0.970368,0.771248,0.347125,0.502784,0.636727
mobile_manip_recovery,compositional_failure_chain,delayed_observation_shift,1,0.645096,0.678065,0.580954,0.970368,0.771248,0.347125,0.502784,0.636727
mobile_manip_recovery,compositional_failure_chain,delayed_observation_shift,2,0.645096,0.678065,0.580954,0.970368,0.771248,0.347125,0.502784,0.636727
mobile_manip_recovery,compositional_failure_chain,delayed_observation_shift,3,0.645096,0.678065,0.580954,0.970368,0.771248,0.347125,0.502784,0.636727
mobile_manip_recovery,compositional_failure_chain,delayed_observation_shift,4,0.645096,0.678065,0.580954,0.970368,0.771248,0.347125,0.502784,0.636727
mobile_manip_recovery,compositional_failure_chain,delayed_observation_shift,5,0.645096,0.678065,0.580954,0.970368,0.771248,0.347125,0.502784,0.636727
mobile_manip_recovery,compositional_failure_chain,delayed_observation_shift,6,0.645096,0.678065,0.580954,0.970368,0.771248,0.347125,0.502784,0.636727
mobile_manip_recovery,compositional_failure_chain,delayed_observation_shift,7,0.645096,0.678065,0.580954,0.970368,0.771248,0.347125,0.502784,0.636727
mobile_manip_recovery,compositional_failure_chain,delayed_observation_shift,8,0.645096,0.678065,0.580954,0.970368,0.771248,0.347125,0.502784,0.636727
mobile_manip_recovery,compositional_failure_chain,delayed_observation_shift,9,0.645096,0.678065,0.580954,0.970368,0.771248,0.347125,0.502784,0.636727
mobile_manip_recovery,compositional_failure_chain,false_halt_shift,0,0.650243,0.628956,0.544218,0.801024,0.714144,0.257494,0.687104,0.579143
mobile_manip_recovery,compositional_failure_chain,false_halt_shift,1,0.650243,0.628956,0.544218,0.801024,0.714144,0.257494,0.687104,0.579143
mobile_manip_recovery,compositional_failure_chain,false_halt_shift,2,0.650243,0.628956,0.544218,0.801024,0.714144,0.257494,0.687104,0.579143
mobile_manip_recovery,compositional_failure_chain,false_halt_shift,3,0.650243,0.628956,0.544218,0.801024,0.714144,0.257494,0.687104,0.579143
mobile_manip_recovery,compositional_failure_chain,false_halt_shift,4,0.650243,0.628956,0.544218,0.801024,0.714144,0.257494,0.687104,0.579143
mobile_manip_recovery,compositional_failure_chain,false_halt_shift,5,0.650243,0.628956,0.544218,0.801024,0.714144,0.257494,0.687104,0.579143
mobile_manip_recovery,compositional_failure_chain,false_halt_shift,6,0.650243,0.628956,0.544218,0.801024,0.714144,0.257494,0.687104,0.579143
mobile_manip_recovery,compositional_failure_chain,false_halt_shift,7,0.650243,0.628956,0.544218,0.801024,0.714144,0.257494,0.687104,0.579143
mobile_manip_recovery,compositional_failure_chain,false_halt_shift,8,0.650243,0.628956,0.544218,0.801024,0.714144,0.257494,0.687104,0.579143
mobile_manip_recovery,compositional_failure_chain,false_halt_shift,9,0.650243,0.628956,0.544218,0.801024,0.714144,0.257494,0.687104,0.579143
mobile_manip_recovery,compositional_failure_chain,budget_exhaustion_shift,0,0.724106,0.717708,0.609293,0.973824,0.951504,0.30113,0.544768,0.678606
mobile_manip_recovery,compositional_failure_chain,budget_exhaustion_shift,1,0.724106,0.717708,0.609293,0.973824,0.951504,0.30113,0.544768,0.678606
mobile_manip_recovery,compositional_failure_chain,budget_exhaustion_shift,2,0.724106,0.717708,0.609293,0.973824,0.951504,0.30113,0.544768,0.678606
mobile_manip_recovery,compositional_failure_chain,budget_exhaustion_shift,3,0.724106,0.717708,0.609293,0.973824,0.951504,0.30113,0.544768,0.678606
mobile_manip_recovery,compositional_failure_chain,budget_exhaustion_shift,4,0.724106,0.717708,0.609293,0.973824,0.951504,0.30113,0.544768,0.678606
mobile_manip_recovery,compositional_failure_chain,budget_exhaustion_shift,5,0.724106,0.717708,0.609293,0.973824,0.951504,0.30113,0.544768,0.678606
mobile_manip_recovery,compositional_failure_chain,budget_exhaustion_shift,6,0.724106,0.717708,0.609293,0.973824,0.951504,0.30113,0.544768,0.678606
mobile_manip_recovery,compositional_failure_chain,budget_exhaustion_shift,7,0.724106,0.717708,0.609293,0.973824,0.951504,0.30113,0.544768,0.678606
mobile_manip_recovery,compositional_failure_chain,budget_exhaustion_shift,8,0.724106,0.717708,0.609293,0.973824,0.951504,0.30113,0.544768,0.678606
mobile_manip_recovery,compositional_failure_chain,budget_exhaustion_shift,9,0.724106,0.717708,0.609293,0.973824,0.951504,0.30113,0.544768,0.678606
mobile_manip_recovery,compositional_failure_chain,cross_level_cascade_shift,0,0.795245,0.788118,0.685389,1.0,0.881328,0.315282,0.572416,0.782477
mobile_manip_recovery,compositional_failure_chain,cross_level_cascade_shift,1,0.795245,0.788118,0.685389,1.0,0.881328,0.315282,0.572416,0.782477
mobile_manip_recovery,compositional_failure_chain,cross_level_cascade_shift,2,0.795245,0.788118,0.685389,1.0,0.881328,0.315282,0.572416,0.782477
mobile_manip_recovery,compositional_failure_chain,cross_level_cascade_shift,3,0.795245,0.788118,0.685389,1.0,0.881328,0.315282,0.572416,0.782477
mobile_manip_recovery,compositional_failure_chain,cross_level_cascade_shift,4,0.795245,0.788118,0.685389,1.0,0.881328,0.315282,0.572416,0.782477
mobile_manip_recovery,compositional_failure_chain,cross_level_cascade_shift,5,0.795245,0.788118,0.685389,1.0,0.881328,0.315282,0.572416,0.782477
mobile_manip_recovery,compositional_failure_chain,cross_level_cascade_shift,6,0.795245,0.788118,0.685389,1.0,0.881328,0.315282,0.572416,0.782477
mobile_manip_recovery,compositional_failure_chain,cross_level_cascade_shift,7,0.795245,0.788118,0.685389,1.0,0.881328,0.315282,0.572416,0.782477
mobile_manip_recovery,compositional_failure_chain,cross_level_cascade_shift,8,0.795245,0.788118,0.685389,1.0,0.881328,0.315282,0.572416,0.782477
mobile_manip_recovery,compositional_failure_chain,cross_level_cascade_shift,9,0.795245,0.788118,0.685389,1.0,0.881328,0.315282,0.572416,0.782477
mobile_manip_recovery,compositional_failure_chain,combined_extreme,0,0.8458,0.831902,0.731046,1.0,0.968016,0.351842,0.6656,0.806723
mobile_manip_recovery,compositional_failure_chain,combined_extreme,1,0.8458,0.831902,0.731046,1.0,0.968016,0.351842,0.6656,0.806723
mobile_manip_recovery,compositional_failure_chain,combined_extreme,2,0.8458,0.831902,0.731046,1.0,0.968016,0.351842,0.6656,0.806723
mobile_manip_recovery,compositional_failure_chain,combined_extreme,3,0.8458,0.831902,0.731046,1.0,0.968016,0.351842,0.6656,0.806723
mobile_manip_recovery,compositional_failure_chain,combined_extreme,4,0.8458,0.831902,0.731046,1.0,0.968016,0.351842,0.6656,0.806723
mobile_manip_recovery,compositional_failure_chain,combined_extreme,5,0.8458,0.831902,0.731046,1.0,0.968016,0.351842,0.6656,0.806723
mobile_manip_recovery,compositional_failure_chain,combined_extreme,6,0.8458,0.831902,0.731046,1.0,0.968016,0.351842,0.6656,0.806723
mobile_manip_recovery,compositional_failure_chain,combined_extreme,7,0.8458,0.831902,0.731046,1.0,0.968016,0.351842,0.6656,0.806723
mobile_manip_recovery,compositional_failure_chain,combined_extreme,8,0.8458,0.831902,0.731046,1.0,0.968016,0.351842,0.6656,0.806723
mobile_manip_recovery,compositional_failure_chain,combined_extreme,9,0.8458,0.831902,0.731046,1.0,0.968016,0.351842,0.6656,0.806723
tool_use_after_delay,low_level_skill_anomaly,nominal,0,0.496469,0.133661,0.077429,0.141936,0.18564,0.063,0.11528,0.189336
tool_use_after_delay,low_level_skill_anomaly,nominal,1,0.496469,0.133661,0.077429,0.141936,0.18564,0.063,0.11528,0.189336
tool_use_after_delay,low_level_skill_anomaly,nominal,2,0.496469,0.133661,0.077429,0.141936,0.18564,0.063,0.11528,0.189336
tool_use_after_delay,low_level_skill_anomaly,nominal,3,0.496469,0.133661,0.077429,0.141936,0.18564,0.063,0.11528,0.189336
tool_use_after_delay,low_level_skill_anomaly,nominal,4,0.496469,0.133661,0.077429,0.141936,0.18564,0.063,0.11528,0.189336
tool_use_after_delay,low_level_skill_anomaly,nominal,5,0.496469,0.133661,0.077429,0.141936,0.18564,0.063,0.11528,0.189336
tool_use_after_delay,low_level_skill_anomaly,nominal,6,0.496469,0.133661,0.077429,0.141936,0.18564,0.063,0.11528,0.189336
tool_use_after_delay,low_level_skill_anomaly,nominal,7,0.496469,0.133661,0.077429,0.141936,0.18564,0.063,0.11528,0.189336
tool_use_after_delay,low_level_skill_anomaly,nominal,8,0.496469,0.133661,0.077429,0.141936,0.18564,0.063,0.11528,0.189336
tool_use_after_delay,low_level_skill_anomaly,nominal,9,0.496469,0.133661,0.077429,0.141936,0.18564,0.063,0.11528,0.189336
tool_use_after_delay,low_level_skill_anomaly,local_anomaly_shift,0,0.854496,0.16848,0.094228,0.17088,0.252144,0.079632,0.144672,0.240341
tool_use_after_delay,low_level_skill_anomaly,local_anomaly_shift,1,0.854496,0.16848,0.094228,0.17088,0.252144,0.079632,0.144672,0.240341
tool_use_after_delay,low_level_skill_anomaly,local_anomaly_shift,2,0.854496,0.16848,0.094228,0.17088,0.252144,0.079632,0.144672,0.240341
tool_use_after_delay,low_level_skill_anomaly,local_anomaly_shift,3,0.854496,0.16848,0.094228,0.17088,0.252144,0.079632,0.144672,0.240341
tool_use_after_delay,low_level_skill_anomaly,local_anomaly_shift,4,0.854496,0.16848,0.094228,0.17088,0.252144,0.079632,0.144672,0.240341
tool_use_after_delay,low_level_skill_anomaly,local_anomaly_shift,5,0.854496,0.16848,0.094228,0.17088,0.252144,0.079632,0.144672,0.240341
tool_use_after_delay,low_level_skill_anomaly,local_anomaly_shift,6,0.854496,0.16848,0.094228,0.17088,0.252144,0.079632,0.144672,0.240341
tool_use_after_delay,low_level_skill_anomaly,local_anomaly_shift,7,0.854496,0.16848,0.094228,0.17088,0.252144,0.079632,0.144672,0.240341
tool_use_after_delay,low_level_skill_anomaly,local_anomaly_shift,8,0.854496,0.16848,0.094228,0.17088,0.252144,0.079632,0.144672,0.240341
tool_use_after_delay,low_level_skill_anomaly,local_anomaly_shift,9,0.854496,0.16848,0.094228,0.17088,0.252144,0.079632,0.144672,0.240341
tool_use_after_delay,low_level_skill_anomaly,subgoal_corruption_shift,0,0.651139,0.247666,0.112067,0.199392,0.275264,0.089136,0.15488,0.273958
tool_use_after_delay,low_level_skill_anomaly,subgoal_corruption_shift,1,0.651139,0.247666,0.112067,0.199392,0.275264,0.089136,0.15488,0.273958
tool_use_after_delay,low_level_skill_anomaly,subgoal_corruption_shift,2,0.651139,0.247666,0.112067,0.199392,0.275264,0.089136,0.15488,0.273958
tool_use_after_delay,low_level_skill_anomaly,subgoal_corruption_shift,3,0.651139,0.247666,0.112067,0.199392,0.275264,0.089136,0.15488,0.273958
tool_use_after_delay,low_level_skill_anomaly,subgoal_corruption_shift,4,0.651139,0.247666,0.112067,0.199392,0.275264,0.089136,0.15488,0.273958
tool_use_after_delay,low_level_skill_anomaly,subgoal_corruption_shift,5,0.651139,0.247666,0.112067,0.199392,0.275264,0.089136,0.15488,0.273958
tool_use_after_delay,low_level_skill_anomaly,subgoal_corruption_shift,6,0.651139,0.247666,0.112067,0.199392,0.275264,0.089136,0.15488,0.273958
tool_use_after_delay,low_level_skill_anomaly,subgoal_corruption_shift,7,0.651139,0.247666,0.112067,0.199392,0.275264,0.089136,0.15488,0.273958
tool_use_after_delay,low_level_skill_anomaly,subgoal_corruption_shift,8,0.651139,0.247666,0.112067,0.199392,0.275264,0.089136,0.15488,0.273958
tool_use_after_delay,low_level_skill_anomaly,subgoal_corruption_shift,9,0.651139,0.247666,0.112067,0.199392,0.275264,0.089136,0.15488,0.273958
tool_use_after_delay,low_level_skill_anomaly,delayed_observation_shift,0,0.705787,0.214531,0.12115,0.242592,0.304912,0.127152,0.172832,0.297657
tool_use_after_delay,low_level_skill_anomaly,delayed_observation_shift,1,0.705787,0.214531,0.12115,0.242592,0.304912,0.127152,0.172832,0.297657
tool_use_after_delay,low_level_skill_anomaly,delayed_observation_shift,2,0.705787,0.214531,0.12115,0.242592,0.304912,0.127152,0.172832,0.297657
tool_use_after_delay,low_level_skill_anomaly,delayed_observation_shift,3,0.705787,0.214531,0.12115,0.242592,0.304912,0.127152,0.172832,0.297657
tool_use_after_delay,low_level_skill_anomaly,delayed_observation_shift,4,0.705787,0.214531,0.12115,0.242592,0.304912,0.127152,0.172832,0.297657
tool_use_after_delay,low_level_skill_anomaly,delayed_observation_shift,5,0.705787,0.214531,0.12115,0.242592,0.304912,0.127152,0.172832,0.297657
tool_use_after_delay,low_level_skill_anomaly,delayed_observation_shift,6,0.705787,0.214531,0.12115,0.242592,0.304912,0.127152,0.172832,0.297657
tool_use_after_delay,low_level_skill_anomaly,delayed_observation_shift,7,0.705787,0.214531,0.12115,0.242592,0.304912,0.127152,0.172832,0.297657
tool_use_after_delay,low_level_skill_anomaly,delayed_observation_shift,8,0.705787,0.214531,0.12115,0.242592,0.304912,0.127152,0.172832,0.297657
tool_use_after_delay,low_level_skill_anomaly,delayed_observation_shift,9,0.705787,0.214531,0.12115,0.242592,0.304912,0.127152,0.172832,0.297657
tool_use_after_delay,low_level_skill_anomaly,false_halt_shift,0,0.711418,0.198994,0.113489,0.200256,0.282336,0.09432,0.236192,0.270738
tool_use_after_delay,low_level_skill_anomaly,false_halt_shift,1,0.711418,0.198994,0.113489,0.200256,0.282336,0.09432,0.236192,0.270738
tool_use_after_delay,low_level_skill_anomaly,false_halt_shift,2,0.711418,0.198994,0.113489,0.200256,0.282336,0.09432,0.236192,0.270738
tool_use_after_delay,low_level_skill_anomaly,false_halt_shift,3,0.711418,0.198994,0.113489,0.200256,0.282336,0.09432,0.236192,0.270738
tool_use_after_delay,low_level_skill_anomaly,false_halt_shift,4,0.711418,0.198994,0.113489,0.200256,0.282336,0.09432,0.236192,0.270738
tool_use_after_delay,low_level_skill_anomaly,false_halt_shift,5,0.711418,0.198994,0.113489,0.200256,0.282336,0.09432,0.236192,0.270738
tool_use_after_delay,low_level_skill_anomaly,false_halt_shift,6,0.711418,0.198994,0.113489,0.200256,0.282336,0.09432,0.236192,0.270738
tool_use_after_delay,low_level_skill_anomaly,false_halt_shift,7,0.711418,0.198994,0.113489,0.200256,0.282336,0.09432,0.236192,0.270738
tool_use_after_delay,low_level_skill_anomaly,false_halt_shift,8,0.711418,0.198994,0.113489,0.200256,0.282336,0.09432,0.236192,0.270738
tool_use_after_delay,low_level_skill_anomaly,false_halt_shift,9,0.711418,0.198994,0.113489,0.200256,0.282336,0.09432,0.236192,0.270738
tool_use_after_delay,low_level_skill_anomaly,budget_exhaustion_shift,0,0.79223,0.227074,0.12706,0.243456,0.376176,0.110304,0.187264,0.317234
tool_use_after_delay,low_level_skill_anomaly,budget_exhaustion_shift,1,0.79223,0.227074,0.12706,0.243456,0.376176,0.110304,0.187264,0.317234
tool_use_after_delay,low_level_skill_anomaly,budget_exhaustion_shift,2,0.79223,0.227074,0.12706,0.243456,0.376176,0.110304,0.187264,0.317234
tool_use_after_delay,low_level_skill_anomaly,budget_exhaustion_shift,3,0.79223,0.227074,0.12706,0.243456,0.376176,0.110304,0.187264,0.317234
tool_use_after_delay,low_level_skill_anomaly,budget_exhaustion_shift,4,0.79223,0.227074,0.12706,0.243456,0.376176,0.110304,0.187264,0.317234
tool_use_after_delay,low_level_skill_anomaly,budget_exhaustion_shift,5,0.79223,0.227074,0.12706,0.243456,0.376176,0.110304,0.187264,0.317234
tool_use_after_delay,low_level_skill_anomaly,budget_exhaustion_shift,6,0.79223,0.227074,0.12706,0.243456,0.376176,0.110304,0.187264,0.317234
tool_use_after_delay,low_level_skill_anomaly,budget_exhaustion_shift,7,0.79223,0.227074,0.12706,0.243456,0.376176,0.110304,0.187264,0.317234
tool_use_after_delay,low_level_skill_anomaly,budget_exhaustion_shift,8,0.79223,0.227074,0.12706,0.243456,0.376176,0.110304,0.187264,0.317234
tool_use_after_delay,low_level_skill_anomaly,budget_exhaustion_shift,9,0.79223,0.227074,0.12706,0.243456,0.376176,0.110304,0.187264,0.317234
tool_use_after_delay,low_level_skill_anomaly,cross_level_cascade_shift,0,0.870062,0.24935,0.142929,0.282336,0.348432,0.115488,0.196768,0.365792
tool_use_after_delay,low_level_skill_anomaly,cross_level_cascade_shift,1,0.870062,0.24935,0.142929,0.282336,0.348432,0.115488,0.196768,0.365792
tool_use_after_delay,low_level_skill_anomaly,cross_level_cascade_shift,2,0.870062,0.24935,0.142929,0.282336,0.348432,0.115488,0.196768,0.365792
tool_use_after_delay,low_level_skill_anomaly,cross_level_cascade_shift,3,0.870062,0.24935,0.142929,0.282336,0.348432,0.115488,0.196768,0.365792
tool_use_after_delay,low_level_skill_anomaly,cross_level_cascade_shift,4,0.870062,0.24935,0.142929,0.282336,0.348432,0.115488,0.196768,0.365792
tool_use_after_delay,low_level_skill_anomaly,cross_level_cascade_shift,5,0.870062,0.24935,0.142929,0.282336,0.348432,0.115488,0.196768,0.365792
tool_use_after_delay,low_level_skill_anomaly,cross_level_cascade_shift,6,0.870062,0.24935,0.142929,0.282336,0.348432,0.115488,0.196768,0.365792
tool_use_after_delay,low_level_skill_anomaly,cross_level_cascade_shift,7,0.870062,0.24935,0.142929,0.282336,0.348432,0.115488,0.196768,0.365792
tool_use_after_delay,low_level_skill_anomaly,cross_level_cascade_shift,8,0.870062,0.24935,0.142929,0.282336,0.348432,0.115488,0.196768,0.365792
tool_use_after_delay,low_level_skill_anomaly,cross_level_cascade_shift,9,0.870062,0.24935,0.142929,0.282336,0.348432,0.115488,0.196768,0.365792
tool_use_after_delay,low_level_skill_anomaly,combined_extreme,0,0.925373,0.263203,0.15245,0.29184,0.382704,0.12888,0.2288,0.377126
tool_use_after_delay,low_level_skill_anomaly,combined_extreme,1,0.925373,0.263203,0.15245,0.29184,0.382704,0.12888,0.2288,0.377126
tool_use_after_delay,low_level_skill_anomaly,combined_extreme,2,0.925373,0.263203,0.15245,0.29184,0.382704,0.12888,0.2288,0.377126
tool_use_after_delay,low_level_skill_anomaly,combined_extreme,3,0.925373,0.263203,0.15245,0.29184,0.382704,0.12888,0.2288,0.377126
tool_use_after_delay,low_level_skill_anomaly,combined_extreme,4,0.925373,0.263203,0.15245,0.29184,0.382704,0.12888,0.2288,0.377126
tool_use_after_delay,low_level_skill_anomaly,combined_extreme,5,0.925373,0.263203,0.15245,0.29184,0.382704,0.12888,0.2288,0.377126
tool_use_after_delay,low_level_skill_anomaly,combined_extreme,6,0.925373,0.263203,0.15245,0.29184,0.382704,0.12888,0.2288,0.377126
tool_use_after_delay,low_level_skill_anomaly,combined_extreme,7,0.925373,0.263203,0.15245,0.29184,0.382704,0.12888,0.2288,0.377126
tool_use_after_delay,low_level_skill_anomaly,combined_extreme,8,0.925373,0.263203,0.15245,0.29184,0.382704,0.12888,0.2288,0.377126
tool_use_after_delay,low_level_skill_anomaly,combined_extreme,9,0.925373,0.263203,0.15245,0.29184,0.382704,0.12888,0.2288,0.377126
tool_use_after_delay,mid_level_subgoal_corruption,nominal,0,0.248234,0.462672,0.163461,0.260216,0.25116,0.08925,0.14672,0.214032
tool_use_after_delay,mid_level_subgoal_corruption,nominal,1,0.248234,0.462672,0.163461,0.260216,0.25116,0.08925,0.14672,0.214032
tool_use_after_delay,mid_level_subgoal_corruption,nominal,2,0.248234,0.462672,0.163461,0.260216,0.25116,0.08925,0.14672,0.214032
tool_use_after_delay,mid_level_subgoal_corruption,nominal,3,0.248234,0.462672,0.163461,0.260216,0.25116,0.08925,0.14672,0.214032
tool_use_after_delay,mid_level_subgoal_corruption,nominal,4,0.248234,0.462672,0.163461,0.260216,0.25116,0.08925,0.14672,0.214032
tool_use_after_delay,mid_level_subgoal_corruption,nominal,5,0.248234,0.462672,0.163461,0.260216,0.25116,0.08925,0.14672,0.214032
tool_use_after_delay,mid_level_subgoal_corruption,nominal,6,0.248234,0.462672,0.163461,0.260216,0.25116,0.08925,0.14672,0.214032
tool_use_after_delay,mid_level_subgoal_corruption,nominal,7,0.248234,0.462672,0.163461,0.260216,0.25116,0.08925,0.14672,0.214032
tool_use_after_delay,mid_level_subgoal_corruption,nominal,8,0.248234,0.462672,0.163461,0.260216,0.25116,0.08925,0.14672,0.214032
tool_use_after_delay,mid_level_subgoal_corruption,nominal,9,0.248234,0.462672,0.163461,0.260216,0.25116,0.08925,0.14672,0.214032
tool_use_after_delay,mid_level_subgoal_corruption,local_anomaly_shift,0,0.427248,0.5832,0.198925,0.31328,0.341136,0.112812,0.184128,0.27169
tool_use_after_delay,mid_level_subgoal_corruption,local_anomaly_shift,1,0.427248,0.5832,0.198925,0.31328,0.341136,0.112812,0.184128,0.27169
tool_use_after_delay,mid_level_subgoal_corruption,local_anomaly_shift,2,0.427248,0.5832,0.198925,0.31328,0.341136,0.112812,0.184128,0.27169
tool_use_after_delay,mid_level_subgoal_corruption,local_anomaly_shift,3,0.427248,0.5832,0.198925,0.31328,0.341136,0.112812,0.184128,0.27169
tool_use_after_delay,mid_level_subgoal_corruption,local_anomaly_shift,4,0.427248,0.5832,0.198925,0.31328,0.341136,0.112812,0.184128,0.27169
tool_use_after_delay,mid_level_subgoal_corruption,local_anomaly_shift,5,0.427248,0.5832,0.198925,0.31328,0.341136,0.112812,0.184128,0.27169
tool_use_after_delay,mid_level_subgoal_corruption,local_anomaly_shift,6,0.427248,0.5832,0.198925,0.31328,0.341136,0.112812,0.184128,0.27169
tool_use_after_delay,mid_level_subgoal_corruption,local_anomaly_shift,7,0.427248,0.5832,0.198925,0.31328,0.341136,0.112812,0.184128,0.27169
tool_use_after_delay,mid_level_subgoal_corruption,local_anomaly_shift,8,0.427248,0.5832,0.198925,0.31328,0.341136,0.112812,0.184128,0.27169
tool_use_after_delay,mid_level_subgoal_corruption,local_anomaly_shift,9,0.427248,0.5832,0.198925,0.31328,0.341136,0.112812,0.184128,0.27169
tool_use_after_delay,mid_level_subgoal_corruption,subgoal_corruption_shift,0,0.32557,0.857304,0.236585,0.365552,0.372416,0.126276,0.19712,0.309691
tool_use_after_delay,mid_level_subgoal_corruption,subgoal_corruption_shift,1,0.32557,0.857304,0.236585,0.365552,0.372416,0.126276,0.19712,0.309691
tool_use_after_delay,mid_level_subgoal_corruption,subgoal_corruption_shift,2,0.32557,0.857304,0.236585,0.365552,0.372416,0.126276,0.19712,0.309691
tool_use_after_delay,mid_level_subgoal_corruption,subgoal_corruption_shift,3,0.32557,0.857304,0.236585,0.365552,0.372416,0.126276,0.19712,0.309691
tool_use_after_delay,mid_level_subgoal_corruption,subgoal_corruption_shift,4,0.32557,0.857304,0.236585,0.365552,0.372416,0.126276,0.19712,0.309691
tool_use_after_delay,mid_level_subgoal_corruption,subgoal_corruption_shift,5,0.32557,0.857304,0.236585,0.365552,0.372416,0.126276,0.19712,0.309691
tool_use_after_delay,mid_level_subgoal_corruption,subgoal_corruption_shift,6,0.32557,0.857304,0.236585,0.365552,0.372416,0.126276,0.19712,0.309691
tool_use_after_delay,mid_level_subgoal_corruption,subgoal_corruption_shift,7,0.32557,0.857304,0.236585,0.365552,0.372416,0.126276,0.19712,0.309691
tool_use_after_delay,mid_level_subgoal_corruption,subgoal_corruption_shift,8,0.32557,0.857304,0.236585,0.365552,0.372416,0.126276,0.19712,0.309691
tool_use_after_delay,mid_level_subgoal_corruption,subgoal_corruption_shift,9,0.32557,0.857304,0.236585,0.365552,0.372416,0.126276,0.19712,0.309691
tool_use_after_delay,mid_level_subgoal_corruption,delayed_observation_shift,0,0.352894,0.742608,0.255761,0.444752,0.412528,0.180132,0.219968,0.336482
tool_use_after_delay,mid_level_subgoal_corruption,delayed_observation_shift,1,0.352894,0.742608,0.255761,0.444752,0.412528,0.180132,0.219968,0.336482
tool_use_after_delay,mid_level_subgoal_corruption,delayed_observation_shift,2,0.352894,0.742608,0.255761,0.444752,0.412528,0.180132,0.219968,0.336482
tool_use_after_delay,mid_level_subgoal_corruption,delayed_observation_shift,3,0.352894,0.742608,0.255761,0.444752,0.412528,0.180132,0.219968,0.336482
tool_use_after_delay,mid_level_subgoal_corruption,delayed_observation_shift,4,0.352894,0.742608,0.255761,0.444752,0.412528,0.180132,0.219968,0.336482
tool_use_after_delay,mid_level_subgoal_corruption,delayed_observation_shift,5,0.352894,0.742608,0.255761,0.444752,0.412528,0.180132,0.219968,0.336482
tool_use_after_delay,mid_level_subgoal_corruption,delayed_observation_shift,6,0.352894,0.742608,0.255761,0.444752,0.412528,0.180132,0.219968,0.336482
tool_use_after_delay,mid_level_subgoal_corruption,delayed_observation_shift,7,0.352894,0.742608,0.255761,0.444752,0.412528,0.180132,0.219968,0.336482
tool_use_after_delay,mid_level_subgoal_corruption,delayed_observation_shift,8,0.352894,0.742608,0.255761,0.444752,0.412528,0.180132,0.219968,0.336482
tool_use_after_delay,mid_level_subgoal_corruption,delayed_observation_shift,9,0.352894,0.742608,0.255761,0.444752,0.412528,0.180132,0.219968,0.336482
tool_use_after_delay,mid_level_subgoal_corruption,false_halt_shift,0,0.355709,0.688824,0.239588,0.367136,0.381984,0.13362,0.300608,0.306051
tool_use_after_delay,mid_level_subgoal_corruption,false_halt_shift,1,0.355709,0.688824,0.239588,0.367136,0.381984,0.13362,0.300608,0.306051
tool_use_after_delay,mid_level_subgoal_corruption,false_halt_shift,2,0.355709,0.688824,0.239588,0.367136,0.381984,0.13362,0.300608,0.306051
tool_use_after_delay,mid_level_subgoal_corruption,false_halt_shift,3,0.355709,0.688824,0.239588,0.367136,0.381984,0.13362,0.300608,0.306051
tool_use_after_delay,mid_level_subgoal_corruption,false_halt_shift,4,0.355709,0.688824,0.239588,0.367136,0.381984,0.13362,0.300608,0.306051
tool_use_after_delay,mid_level_subgoal_corruption,false_halt_shift,5,0.355709,0.688824,0.239588,0.367136,0.381984,0.13362,0.300608,0.306051
tool_use_after_delay,mid_level_subgoal_corruption,false_halt_shift,6,0.355709,0.688824,0.239588,0.367136,0.381984,0.13362,0.300608,0.306051
tool_use_after_delay,mid_level_subgoal_corruption,false_halt_shift,7,0.355709,0.688824,0.239588,0.367136,0.381984,0.13362,0.300608,0.306051
tool_use_after_delay,mid_level_subgoal_corruption,false_halt_shift,8,0.355709,0.688824,0.239588,0.367136,0.381984,0.13362,0.300608,0.306051
tool_use_after_delay,mid_level_subgoal_corruption,false_halt_shift,9,0.355709,0.688824,0.239588,0.367136,0.381984,0.13362,0.300608,0.306051
tool_use_after_delay,mid_level_subgoal_corruption,budget_exhaustion_shift,0,0.396115,0.786024,0.268237,0.446336,0.508944,0.156264,0.238336,0.358613
tool_use_after_delay,mid_level_subgoal_corruption,budget_exhaustion_shift,1,0.396115,0.786024,0.268237,0.446336,0.508944,0.156264,0.238336,0.358613
tool_use_after_delay,mid_level_subgoal_corruption,budget_exhaustion_shift,2,0.396115,0.786024,0.268237,0.446336,0.508944,0.156264,0.238336,0.358613
tool_use_after_delay,mid_level_subgoal_corruption,budget_exhaustion_shift,3,0.396115,0.786024,0.268237,0.446336,0.508944,0.156264,0.238336,0.358613
tool_use_after_delay,mid_level_subgoal_corruption,budget_exhaustion_shift,4,0.396115,0.786024,0.268237,0.446336,0.508944,0.156264,0.238336,0.358613
tool_use_after_delay,mid_level_subgoal_corruption,budget_exhaustion_shift,5,0.396115,0.786024,0.268237,0.446336,0.508944,0.156264,0.238336,0.358613
tool_use_after_delay,mid_level_subgoal_corruption,budget_exhaustion_shift,6,0.396115,0.786024,0.268237,0.446336,0.508944,0.156264,0.238336,0.358613
tool_use_after_delay,mid_level_subgoal_corruption,budget_exhaustion_shift,7,0.396115,0.786024,0.268237,0.446336,0.508944,0.156264,0.238336,0.358613
tool_use_after_delay,mid_level_subgoal_corruption,budget_exhaustion_shift,8,0.396115,0.786024,0.268237,0.446336,0.508944,0.156264,0.238336,0.358613
tool_use_after_delay,mid_level_subgoal_corruption,budget_exhaustion_shift,9,0.396115,0.786024,0.268237,0.446336,0.508944,0.156264,0.238336,0.358613
tool_use_after_delay,mid_level_subgoal_corruption,cross_level_cascade_shift,0,0.435031,0.863136,0.301738,0.517616,0.471408,0.163608,0.250432,0.413504
tool_use_after_delay,mid_level_subgoal_corruption,cross_level_cascade_shift,1,0.435031,0.863136,0.301738,0.517616,0.471408,0.163608,0.250432,0.413504
tool_use_after_delay,mid_level_subgoal_corruption,cross_level_cascade_shift,2,0.435031,0.863136,0.301738,0.517616,0.471408,0.163608,0.250432,0.413504
tool_use_after_delay,mid_level_subgoal_corruption,cross_level_cascade_shift,3,0.435031,0.863136,0.301738,0.517616,0.471408,0.163608,0.250432,0.413504
tool_use_after_delay,mid_level_subgoal_corruption,cross_level_cascade_shift,4,0.435031,0.863136,0.301738,0.517616,0.471408,0.163608,0.250432,0.413504
tool_use_after_delay,mid_level_subgoal_corruption,cross_level_cascade_shift,5,0.435031,0.863136,0.301738,0.517616,0.471408,0.163608,0.250432,0.413504
tool_use_after_delay,mid_level_subgoal_corruption,cross_level_cascade_shift,6,0.435031,0.863136,0.301738,0.517616,0.471408,0.163608,0.250432,0.413504
tool_use_after_delay,mid_level_subgoal_corruption,cross_level_cascade_shift,7,0.435031,0.863136,0.301738,0.517616,0.471408,0.163608,0.250432,0.413504
tool_use_after_delay,mid_level_subgoal_corruption,cross_level_cascade_shift,8,0.435031,0.863136,0.301738,0.517616,0.471408,0.163608,0.250432,0.413504
tool_use_after_delay,mid_level_subgoal_corruption,cross_level_cascade_shift,9,0.435031,0.863136,0.301738,0.517616,0.471408,0.163608,0.250432,0.413504
tool_use_after_delay,mid_level_subgoal_corruption,combined_extreme,0,0.462686,0.911088,0.321839,0.53504,0.517776,0.18258,0.2912,0.426317
tool_use_after_delay,mid_level_subgoal_corruption,combined_extreme,1,0.462686,0.911088,0.321839,0.53504,0.517776,0.18258,0.2912,0.426317
tool_use_after_delay,mid_level_subgoal_corruption,combined_extreme,2,0.462686,0.911088,0.321839,0.53504,0.517776,0.18258,0.2912,0.426317
tool_use_after_delay,mid_level_subgoal_corruption,combined_extreme,3,0.462686,0.911088,0.321839,0.53504,0.517776,0.18258,0.2912,0.426317
tool_use_after_delay,mid_level_subgoal_corruption,combined_extreme,4,0.462686,0.911088,0.321839,0.53504,0.517776,0.18258,0.2912,0.426317
tool_use_after_delay,mid_level_subgoal_corruption,combined_extreme,5,0.462686,0.911088,0.321839,0.53504,0.517776,0.18258,0.2912,0.426317
tool_use_after_delay,mid_level_subgoal_corruption,combined_extreme,6,0.462686,0.911088,0.321839,0.53504,0.517776,0.18258,0.2912,0.426317
tool_use_after_delay,mid_level_subgoal_corruption,combined_extreme,7,0.462686,0.911088,0.321839,0.53504,0.517776,0.18258,0.2912,0.426317
tool_use_after_delay,mid_level_subgoal_corruption,combined_extreme,8,0.462686,0.911088,0.321839,0.53504,0.517776,0.18258,0.2912,0.426317
tool_use_after_delay,mid_level_subgoal_corruption,combined_extreme,9,0.462686,0.911088,0.321839,0.53504,0.517776,0.18258,0.2912,0.426317
tool_use_after_delay,high_level_task_state_drift,nominal,0,0.183478,0.298166,0.395747,0.331184,0.28392,0.11025,0.17816,0.255192
tool_use_after_delay,high_level_task_state_drift,nominal,1,0.183478,0.298166,0.395747,0.331184,0.28392,0.11025,0.17816,0.255192
tool_use_after_delay,high_level_task_state_drift,nominal,2,0.183478,0.298166,0.395747,0.331184,0.28392,0.11025,0.17816,0.255192
tool_use_after_delay,high_level_task_state_drift,nominal,3,0.183478,0.298166,0.395747,0.331184,0.28392,0.11025,0.17816,0.255192
tool_use_after_delay,high_level_task_state_drift,nominal,4,0.183478,0.298166,0.395747,0.331184,0.28392,0.11025,0.17816,0.255192
tool_use_after_delay,high_level_task_state_drift,nominal,5,0.183478,0.298166,0.395747,0.331184,0.28392,0.11025,0.17816,0.255192
tool_use_after_delay,high_level_task_state_drift,nominal,6,0.183478,0.298166,0.395747,0.331184,0.28392,0.11025,0.17816,0.255192
tool_use_after_delay,high_level_task_state_drift,nominal,7,0.183478,0.298166,0.395747,0.331184,0.28392,0.11025,0.17816,0.255192
tool_use_after_delay,high_level_task_state_drift,nominal,8,0.183478,0.298166,0.395747,0.331184,0.28392,0.11025,0.17816,0.255192
tool_use_after_delay,high_level_task_state_drift,nominal,9,0.183478,0.298166,0.395747,0.331184,0.28392,0.11025,0.17816,0.255192
tool_use_after_delay,high_level_task_state_drift,local_anomaly_shift,0,0.315792,0.37584,0.481609,0.39872,0.385632,0.139356,0.223584,0.323938
tool_use_after_delay,high_level_task_state_drift,local_anomaly_shift,1,0.315792,0.37584,0.481609,0.39872,0.385632,0.139356,0.223584,0.323938
tool_use_after_delay,high_level_task_state_drift,local_anomaly_shift,2,0.315792,0.37584,0.481609,0.39872,0.385632,0.139356,0.223584,0.323938
tool_use_after_delay,high_level_task_state_drift,local_anomaly_shift,3,0.315792,0.37584,0.481609,0.39872,0.385632,0.139356,0.223584,0.323938
tool_use_after_delay,high_level_task_state_drift,local_anomaly_shift,4,0.315792,0.37584,0.481609,0.39872,0.385632,0.139356,0.223584,0.323938
tool_use_after_delay,high_level_task_state_drift,local_anomaly_shift,5,0.315792,0.37584,0.481609,0.39872,0.385632,0.139356,0.223584,0.323938
tool_use_after_delay,high_level_task_state_drift,local_anomaly_shift,6,0.315792,0.37584,0.481609,0.39872,0.385632,0.139356,0.223584,0.323938
tool_use_after_delay,high_level_task_state_drift,local_anomaly_shift,7,0.315792,0.37584,0.481609,0.39872,0.385632,0.139356,0.223584,0.323938
tool_use_after_delay,high_level_task_state_drift,local_anomaly_shift,8,0.315792,0.37584,0.481609,0.39872,0.385632,0.139356,0.223584,0.323938
tool_use_after_delay,high_level_task_state_drift,local_anomaly_shift,9,0.315792,0.37584,0.481609,0.39872,0.385632,0.139356,0.223584,0.323938
tool_use_after_delay,high_level_task_state_drift,subgoal_corruption_shift,0,0.240638,0.552485,0.572785,0.465248,0.420992,0.155988,0.23936,0.369247
tool_use_after_delay,high_level_task_state_drift,subgoal_corruption_shift,1,0.240638,0.552485,0.572785,0.465248,0.420992,0.155988,0.23936,0.369247
tool_use_after_delay,high_level_task_state_drift,subgoal_corruption_shift,2,0.240638,0.552485,0.572785,0.465248,0.420992,0.155988,0.23936,0.369247
tool_use_after_delay,high_level_task_state_drift,subgoal_corruption_shift,3,0.240638,0.552485,0.572785,0.465248,0.420992,0.155988,0.23936,0.369247
tool_use_after_delay,high_level_task_state_drift,subgoal_corruption_shift,4,0.240638,0.552485,0.572785,0.465248,0.420992,0.155988,0.23936,0.369247
tool_use_after_delay,high_level_task_state_drift,subgoal_corruption_shift,5,0.240638,0.552485,0.572785,0.465248,0.420992,0.155988,0.23936,0.369247
tool_use_after_delay,high_level_task_state_drift,subgoal_corruption_shift,6,0.240638,0.552485,0.572785,0.465248,0.420992,0.155988,0.23936,0.369247
tool_use_after_delay,high_level_task_state_drift,subgoal_corruption_shift,7,0.240638,0.552485,0.572785,0.465248,0.420992,0.155988,0.23936,0.369247
tool_use_after_delay,high_level_task_state_drift,subgoal_corruption_shift,8,0.240638,0.552485,0.572785,0.465248,0.420992,0.155988,0.23936,0.369247
tool_use_after_delay,high_level_task_state_drift,subgoal_corruption_shift,9,0.240638,0.552485,0.572785,0.465248,0.420992,0.155988,0.23936,0.369247
tool_use_after_delay,high_level_task_state_drift,delayed_observation_shift,0,0.260834,0.47857,0.619212,0.566048,0.466336,0.222516,0.267104,0.40119
tool_use_after_delay,high_level_task_state_drift,delayed_observation_shift,1,0.260834,0.47857,0.619212,0.566048,0.466336,0.222516,0.267104,0.40119
tool_use_after_delay,high_level_task_state_drift,delayed_observation_shift,2,0.260834,0.47857,0.619212,0.566048,0.466336,0.222516,0.267104,0.40119
tool_use_after_delay,high_level_task_state_drift,delayed_observation_shift,3,0.260834,0.47857,0.619212,0.566048,0.466336,0.222516,0.267104,0.40119
tool_use_after_delay,high_level_task_state_drift,delayed_observation_shift,4,0.260834,0.47857,0.619212,0.566048,0.466336,0.222516,0.267104,0.40119
tool_use_after_delay,high_level_task_state_drift,delayed_observation_shift,5,0.260834,0.47857,0.619212,0.566048,0.466336,0.222516,0.267104,0.40119
tool_use_after_delay,high_level_task_state_drift,delayed_observation_shift,6,0.260834,0.47857,0.619212,0.566048,0.466336,0.222516,0.267104,0.40119
tool_use_after_delay,high_level_task_state_drift,delayed_observation_shift,7,0.260834,0.47857,0.619212,0.566048,0.466336,0.222516,0.267104,0.40119
tool_use_after_delay,high_level_task_state_drift,delayed_observation_shift,8,0.260834,0.47857,0.619212,0.566048,0.466336,0.222516,0.267104,0.40119
tool_use_after_delay,high_level_task_state_drift,delayed_observation_shift,9,0.260834,0.47857,0.619212,0.566048,0.466336,0.222516,0.267104,0.40119
tool_use_after_delay,high_level_task_state_drift,false_halt_shift,0,0.262915,0.443909,0.580056,0.467264,0.431808,0.16506,0.365024,0.364907
tool_use_after_delay,high_level_task_state_drift,false_halt_shift,1,0.262915,0.443909,0.580056,0.467264,0.431808,0.16506,0.365024,0.364907
tool_use_after_delay,high_level_task_state_drift,false_halt_shift,2,0.262915,0.443909,0.580056,0.467264,0.431808,0.16506,0.365024,0.364907
tool_use_after_delay,high_level_task_state_drift,false_halt_shift,3,0.262915,0.443909,0.580056,0.467264,0.431808,0.16506,0.365024,0.364907
tool_use_after_delay,high_level_task_state_drift,false_halt_shift,4,0.262915,0.443909,0.580056,0.467264,0.431808,0.16506,0.365024,0.364907
tool_use_after_delay,high_level_task_state_drift,false_halt_shift,5,0.262915,0.443909,0.580056,0.467264,0.431808,0.16506,0.365024,0.364907
tool_use_after_delay,high_level_task_state_drift,false_halt_shift,6,0.262915,0.443909,0.580056,0.467264,0.431808,0.16506,0.365024,0.364907
tool_use_after_delay,high_level_task_state_drift,false_halt_shift,7,0.262915,0.443909,0.580056,0.467264,0.431808,0.16506,0.365024,0.364907
tool_use_after_delay,high_level_task_state_drift,false_halt_shift,8,0.262915,0.443909,0.580056,0.467264,0.431808,0.16506,0.365024,0.364907
tool_use_after_delay,high_level_task_state_drift,false_halt_shift,9,0.262915,0.443909,0.580056,0.467264,0.431808,0.16506,0.365024,0.364907
tool_use_after_delay,high_level_task_state_drift,budget_exhaustion_shift,0,0.292781,0.506549,0.649417,0.568064,0.575328,0.193032,0.289408,0.427577
tool_use_after_delay,high_level_task_state_drift,budget_exhaustion_shift,1,0.292781,0.506549,0.649417,0.568064,0.575328,0.193032,0.289408,0.427577
tool_use_after_delay,high_level_task_state_drift,budget_exhaustion_shift,2,0.292781,0.506549,0.649417,0.568064,0.575328,0.193032,0.289408,0.427577
tool_use_after_delay,high_level_task_state_drift,budget_exhaustion_shift,3,0.292781,0.506549,0.649417,0.568064,0.575328,0.193032,0.289408,0.427577
tool_use_after_delay,high_level_task_state_drift,budget_exhaustion_shift,4,0.292781,0.506549,0.649417,0.568064,0.575328,0.193032,0.289408,0.427577
tool_use_after_delay,high_level_task_state_drift,budget_exhaustion_shift,5,0.292781,0.506549,0.649417,0.568064,0.575328,0.193032,0.289408,0.427577
tool_use_after_delay,high_level_task_state_drift,budget_exhaustion_shift,6,0.292781,0.506549,0.649417,0.568064,0.575328,0.193032,0.289408,0.427577
tool_use_after_delay,high_level_task_state_drift,budget_exhaustion_shift,7,0.292781,0.506549,0.649417,0.568064,0.575328,0.193032,0.289408,0.427577
tool_use_after_delay,high_level_task_state_drift,budget_exhaustion_shift,8,0.292781,0.506549,0.649417,0.568064,0.575328,0.193032,0.289408,0.427577
tool_use_after_delay,high_level_task_state_drift,budget_exhaustion_shift,9,0.292781,0.506549,0.649417,0.568064,0.575328,0.193032,0.289408,0.427577
tool_use_after_delay,high_level_task_state_drift,cross_level_cascade_shift,0,0.321545,0.556243,0.730524,0.658784,0.532896,0.202104,0.304096,0.493024
tool_use_after_delay,high_level_task_state_drift,cross_level_cascade_shift,1,0.321545,0.556243,0.730524,0.658784,0.532896,0.202104,0.304096,0.493024
tool_use_after_delay,high_level_task_state_drift,cross_level_cascade_shift,2,0.321545,0.556243,0.730524,0.658784,0.532896,0.202104,0.304096,0.493024
tool_use_after_delay,high_level_task_state_drift,cross_level_cascade_shift,3,0.321545,0.556243,0.730524,0.658784,0.532896,0.202104,0.304096,0.493024
tool_use_after_delay,high_level_task_state_drift,cross_level_cascade_shift,4,0.321545,0.556243,0.730524,0.658784,0.532896,0.202104,0.304096,0.493024
tool_use_after_delay,high_level_task_state_drift,cross_level_cascade_shift,5,0.321545,0.556243,0.730524,0.658784,0.532896,0.202104,0.304096,0.493024
tool_use_after_delay,high_level_task_state_drift,cross_level_cascade_shift,6,0.321545,0.556243,0.730524,0.658784,0.532896,0.202104,0.304096,0.493024
tool_use_after_delay,high_level_task_state_drift,cross_level_cascade_shift,7,0.321545,0.556243,0.730524,0.658784,0.532896,0.202104,0.304096,0.493024
tool_use_after_delay,high_level_task_state_drift,cross_level_cascade_shift,8,0.321545,0.556243,0.730524,0.658784,0.532896,0.202104,0.304096,0.493024
tool_use_after_delay,high_level_task_state_drift,cross_level_cascade_shift,9,0.321545,0.556243,0.730524,0.658784,0.532896,0.202104,0.304096,0.493024
tool_use_after_delay,high_level_task_state_drift,combined_extreme,0,0.341986,0.587146,0.779188,0.68096,0.585312,0.22554,0.3536,0.508301
tool_use_after_delay,high_level_task_state_drift,combined_extreme,1,0.341986,0.587146,0.779188,0.68096,0.585312,0.22554,0.3536,0.508301
tool_use_after_delay,high_level_task_state_drift,combined_extreme,2,0.341986,0.587146,0.779188,0.68096,0.585312,0.22554,0.3536,0.508301
tool_use_after_delay,high_level_task_state_drift,combined_extreme,3,0.341986,0.587146,0.779188,0.68096,0.585312,0.22554,0.3536,0.508301
tool_use_after_delay,high_level_task_state_drift,combined_extreme,4,0.341986,0.587146,0.779188,0.68096,0.585312,0.22554,0.3536,0.508301
tool_use_after_delay,high_level_task_state_drift,combined_extreme,5,0.341986,0.587146,0.779188,0.68096,0.585312,0.22554,0.3536,0.508301
tool_use_after_delay,high_level_task_state_drift,combined_extreme,6,0.341986,0.587146,0.779188,0.68096,0.585312,0.22554,0.3536,0.508301
tool_use_after_delay,high_level_task_state_drift,combined_extreme,7,0.341986,0.587146,0.779188,0.68096,0.585312,0.22554,0.3536,0.508301
tool_use_after_delay,high_level_task_state_drift,combined_extreme,8,0.341986,0.587146,0.779188,0.68096,0.585312,0.22554,0.3536,0.508301
tool_use_after_delay,high_level_task_state_drift,combined_extreme,9,0.341986,0.587146,0.779188,0.68096,0.585312,0.22554,0.3536,0.508301
tool_use_after_delay,cross_level_cascade,nominal,0,0.442505,0.411264,0.318318,0.555916,0.3822,0.14175,0.22008,0.321048
tool_use_after_delay,cross_level_cascade,nominal,1,0.442505,0.411264,0.318318,0.555916,0.3822,0.14175,0.22008,0.321048
tool_use_after_delay,cross_level_cascade,nominal,2,0.442505,0.411264,0.318318,0.555916,0.3822,0.14175,0.22008,0.321048
tool_use_after_delay,cross_level_cascade,nominal,3,0.442505,0.411264,0.318318,0.555916,0.3822,0.14175,0.22008,0.321048
tool_use_after_delay,cross_level_cascade,nominal,4,0.442505,0.411264,0.318318,0.555916,0.3822,0.14175,0.22008,0.321048
tool_use_after_delay,cross_level_cascade,nominal,5,0.442505,0.411264,0.318318,0.555916,0.3822,0.14175,0.22008,0.321048
tool_use_after_delay,cross_level_cascade,nominal,6,0.442505,0.411264,0.318318,0.555916,0.3822,0.14175,0.22008,0.321048
tool_use_after_delay,cross_level_cascade,nominal,7,0.442505,0.411264,0.318318,0.555916,0.3822,0.14175,0.22008,0.321048
tool_use_after_delay,cross_level_cascade,nominal,8,0.442505,0.411264,0.318318,0.555916,0.3822,0.14175,0.22008,0.321048
tool_use_after_delay,cross_level_cascade,nominal,9,0.442505,0.411264,0.318318,0.555916,0.3822,0.14175,0.22008,0.321048
tool_use_after_delay,cross_level_cascade,local_anomaly_shift,0,0.761616,0.5184,0.387381,0.66928,0.51912,0.179172,0.276192,0.407534
tool_use_after_delay,cross_level_cascade,local_anomaly_shift,1,0.761616,0.5184,0.387381,0.66928,0.51912,0.179172,0.276192,0.407534
tool_use_after_delay,cross_level_cascade,local_anomaly_shift,2,0.761616,0.5184,0.387381,0.66928,0.51912,0.179172,0.276192,0.407534
tool_use_after_delay,cross_level_cascade,local_anomaly_shift,3,0.761616,0.5184,0.387381,0.66928,0.51912,0.179172,0.276192,0.407534
tool_use_after_delay,cross_level_cascade,local_anomaly_shift,4,0.761616,0.5184,0.387381,0.66928,0.51912,0.179172,0.276192,0.407534
tool_use_after_delay,cross_level_cascade,local_anomaly_shift,5,0.761616,0.5184,0.387381,0.66928,0.51912,0.179172,0.276192,0.407534
tool_use_after_delay,cross_level_cascade,local_anomaly_shift,6,0.761616,0.5184,0.387381,0.66928,0.51912,0.179172,0.276192,0.407534
tool_use_after_delay,cross_level_cascade,local_anomaly_shift,7,0.761616,0.5184,0.387381,0.66928,0.51912,0.179172,0.276192,0.407534
tool_use_after_delay,cross_level_cascade,local_anomaly_shift,8,0.761616,0.5184,0.387381,0.66928,0.51912,0.179172,0.276192,0.407534
tool_use_after_delay,cross_level_cascade,local_anomaly_shift,9,0.761616,0.5184,0.387381,0.66928,0.51912,0.179172,0.276192,0.407534
tool_use_after_delay,cross_level_cascade,subgoal_corruption_shift,0,0.580363,0.762048,0.460718,0.780952,0.56672,0.200556,0.29568,0.464537
tool_use_after_delay,cross_level_cascade,subgoal_corruption_shift,1,0.580363,0.762048,0.460718,0.780952,0.56672,0.200556,0.29568,0.464537
tool_use_after_delay,cross_level_cascade,subgoal_corruption_shift,2,0.580363,0.762048,0.460718,0.780952,0.56672,0.200556,0.29568,0.464537
tool_use_after_delay,cross_level_cascade,subgoal_corruption_shift,3,0.580363,0.762048,0.460718,0.780952,0.56672,0.200556,0.29568,0.464537
tool_use_after_delay,cross_level_cascade,subgoal_corruption_shift,4,0.580363,0.762048,0.460718,0.780952,0.56672,0.200556,0.29568,0.464537
tool_use_after_delay,cross_level_cascade,subgoal_corruption_shift,5,0.580363,0.762048,0.460718,0.780952,0.56672,0.200556,0.29568,0.464537
tool_use_after_delay,cross_level_cascade,subgoal_corruption_shift,6,0.580363,0.762048,0.460718,0.780952,0.56672,0.200556,0.29568,0.464537
tool_use_after_delay,cross_level_cascade,subgoal_corruption_shift,7,0.580363,0.762048,0.460718,0.780952,0.56672,0.200556,0.29568,0.464537
tool_use_after_delay,cross_level_cascade,subgoal_corruption_shift,8,0.580363,0.762048,0.460718,0.780952,0.56672,0.200556,0.29568,0.464537
tool_use_after_delay,cross_level_cascade,subgoal_corruption_shift,9,0.580363,0.762048,0.460718,0.780952,0.56672,0.200556,0.29568,0.464537
tool_use_after_delay,cross_level_cascade,delayed_observation_shift,0,0.629071,0.660096,0.498061,0.950152,0.62776,0.286092,0.329952,0.504722
tool_use_after_delay,cross_level_cascade,delayed_observation_shift,1,0.629071,0.660096,0.498061,0.950152,0.62776,0.286092,0.329952,0.504722
tool_use_after_delay,cross_level_cascade,delayed_observation_shift,2,0.629071,0.660096,0.498061,0.950152,0.62776,0.286092,0.329952,0.504722
tool_use_after_delay,cross_level_cascade,delayed_observation_shift,3,0.629071,0.660096,0.498061,0.950152,0.62776,0.286092,0.329952,0.504722
tool_use_after_delay,cross_level_cascade,delayed_observation_shift,4,0.629071,0.660096,0.498061,0.950152,0.62776,0.286092,0.329952,0.504722
tool_use_after_delay,cross_level_cascade,delayed_observation_shift,5,0.629071,0.660096,0.498061,0.950152,0.62776,0.286092,0.329952,0.504722
tool_use_after_delay,cross_level_cascade,delayed_observation_shift,6,0.629071,0.660096,0.498061,0.950152,0.62776,0.286092,0.329952,0.504722
tool_use_after_delay,cross_level_cascade,delayed_observation_shift,7,0.629071,0.660096,0.498061,0.950152,0.62776,0.286092,0.329952,0.504722
tool_use_after_delay,cross_level_cascade,delayed_observation_shift,8,0.629071,0.660096,0.498061,0.950152,0.62776,0.286092,0.329952,0.504722
tool_use_after_delay,cross_level_cascade,delayed_observation_shift,9,0.629071,0.660096,0.498061,0.950152,0.62776,0.286092,0.329952,0.504722
tool_use_after_delay,cross_level_cascade,false_halt_shift,0,0.63409,0.612288,0.466567,0.784336,0.58128,0.21222,0.450912,0.459077
tool_use_after_delay,cross_level_cascade,false_halt_shift,1,0.63409,0.612288,0.466567,0.784336,0.58128,0.21222,0.450912,0.459077
tool_use_after_delay,cross_level_cascade,false_halt_shift,2,0.63409,0.612288,0.466567,0.784336,0.58128,0.21222,0.450912,0.459077
tool_use_after_delay,cross_level_cascade,false_halt_shift,3,0.63409,0.612288,0.466567,0.784336,0.58128,0.21222,0.450912,0.459077
tool_use_after_delay,cross_level_cascade,false_halt_shift,4,0.63409,0.612288,0.466567,0.784336,0.58128,0.21222,0.450912,0.459077
tool_use_after_delay,cross_level_cascade,false_halt_shift,5,0.63409,0.612288,0.466567,0.784336,0.58128,0.21222,0.450912,0.459077
tool_use_after_delay,cross_level_cascade,false_halt_shift,6,0.63409,0.612288,0.466567,0.784336,0.58128,0.21222,0.450912,0.459077
tool_use_after_delay,cross_level_cascade,false_halt_shift,7,0.63409,0.612288,0.466567,0.784336,0.58128,0.21222,0.450912,0.459077
tool_use_after_delay,cross_level_cascade,false_halt_shift,8,0.63409,0.612288,0.466567,0.784336,0.58128,0.21222,0.450912,0.459077
tool_use_after_delay,cross_level_cascade,false_halt_shift,9,0.63409,0.612288,0.466567,0.784336,0.58128,0.21222,0.450912,0.459077
tool_use_after_delay,cross_level_cascade,budget_exhaustion_shift,0,0.706118,0.698688,0.522357,0.953536,0.77448,0.248184,0.357504,0.537919
tool_use_after_delay,cross_level_cascade,budget_exhaustion_shift,1,0.706118,0.698688,0.522357,0.953536,0.77448,0.248184,0.357504,0.537919
tool_use_after_delay,cross_level_cascade,budget_exhaustion_shift,2,0.706118,0.698688,0.522357,0.953536,0.77448,0.248184,0.357504,0.537919
tool_use_after_delay,cross_level_cascade,budget_exhaustion_shift,3,0.706118,0.698688,0.522357,0.953536,0.77448,0.248184,0.357504,0.537919
tool_use_after_delay,cross_level_cascade,budget_exhaustion_shift,4,0.706118,0.698688,0.522357,0.953536,0.77448,0.248184,0.357504,0.537919
tool_use_after_delay,cross_level_cascade,budget_exhaustion_shift,5,0.706118,0.698688,0.522357,0.953536,0.77448,0.248184,0.357504,0.537919
tool_use_after_delay,cross_level_cascade,budget_exhaustion_shift,6,0.706118,0.698688,0.522357,0.953536,0.77448,0.248184,0.357504,0.537919
tool_use_after_delay,cross_level_cascade,budget_exhaustion_shift,7,0.706118,0.698688,0.522357,0.953536,0.77448,0.248184,0.357504,0.537919
tool_use_after_delay,cross_level_cascade,budget_exhaustion_shift,8,0.706118,0.698688,0.522357,0.953536,0.77448,0.248184,0.357504,0.537919
tool_use_after_delay,cross_level_cascade,budget_exhaustion_shift,9,0.706118,0.698688,0.522357,0.953536,0.77448,0.248184,0.357504,0.537919
tool_use_after_delay,cross_level_cascade,cross_level_cascade_shift,0,0.77549,0.767232,0.587596,1.0,0.71736,0.259848,0.375648,0.620256
tool_use_after_delay,cross_level_cascade,cross_level_cascade_shift,1,0.77549,0.767232,0.587596,1.0,0.71736,0.259848,0.375648,0.620256
tool_use_after_delay,cross_level_cascade,cross_level_cascade_shift,2,0.77549,0.767232,0.587596,1.0,0.71736,0.259848,0.375648,0.620256
tool_use_after_delay,cross_level_cascade,cross_level_cascade_shift,3,0.77549,0.767232,0.587596,1.0,0.71736,0.259848,0.375648,0.620256
tool_use_after_delay,cross_level_cascade,cross_level_cascade_shift,4,0.77549,0.767232,0.587596,1.0,0.71736,0.259848,0.375648,0.620256
tool_use_after_delay,cross_level_cascade,cross_level_cascade_shift,5,0.77549,0.767232,0.587596,1.0,0.71736,0.259848,0.375648,0.620256
tool_use_after_delay,cross_level_cascade,cross_level_cascade_shift,6,0.77549,0.767232,0.587596,1.0,0.71736,0.259848,0.375648,0.620256
tool_use_after_delay,cross_level_cascade,cross_level_cascade_shift,7,0.77549,0.767232,0.587596,1.0,0.71736,0.259848,0.375648,0.620256
tool_use_after_delay,cross_level_cascade,cross_level_cascade_shift,8,0.77549,0.767232,0.587596,1.0,0.71736,0.259848,0.375648,0.620256
tool_use_after_delay,cross_level_cascade,cross_level_cascade_shift,9,0.77549,0.767232,0.587596,1.0,0.71736,0.259848,0.375648,0.620256
tool_use_after_delay,cross_level_cascade,combined_extreme,0,0.824789,0.809856,0.626739,1.0,0.78792,0.28998,0.4368,0.639475
tool_use_after_delay,cross_level_cascade,combined_extreme,1,0.824789,0.809856,0.626739,1.0,0.78792,0.28998,0.4368,0.639475
tool_use_after_delay,cross_level_cascade,combined_extreme,2,0.824789,0.809856,0.626739,1.0,0.78792,0.28998,0.4368,0.639475
tool_use_after_delay,cross_level_cascade,combined_extreme,3,0.824789,0.809856,0.626739,1.0,0.78792,0.28998,0.4368,0.639475
tool_use_after_delay,cross_level_cascade,combined_extreme,4,0.824789,0.809856,0.626739,1.0,0.78792,0.28998,0.4368,0.639475
tool_use_after_delay,cross_level_cascade,combined_extreme,5,0.824789,0.809856,0.626739,1.0,0.78792,0.28998,0.4368,0.639475
tool_use_after_delay,cross_level_cascade,combined_extreme,6,0.824789,0.809856,0.626739,1.0,0.78792,0.28998,0.4368,0.639475
tool_use_after_delay,cross_level_cascade,combined_extreme,7,0.824789,0.809856,0.626739,1.0,0.78792,0.28998,0.4368,0.639475
tool_use_after_delay,cross_level_cascade,combined_extreme,8,0.824789,0.809856,0.626739,1.0,0.78792,0.28998,0.4368,0.639475
tool_use_after_delay,cross_level_cascade,combined_extreme,9,0.824789,0.809856,0.626739,1.0,0.78792,0.28998,0.4368,0.639475
tool_use_after_delay,false_halt_pressure,nominal,0,0.259027,0.246758,0.180667,0.212904,0.2184,0.08925,0.48208,0.16464
tool_use_after_delay,false_halt_pressure,nominal,1,0.259027,0.246758,0.180667,0.212904,0.2184,0.08925,0.48208,0.16464
tool_use_after_delay,false_halt_pressure,nominal,2,0.259027,0.246758,0.180667,0.212904,0.2184,0.08925,0.48208,0.16464
tool_use_after_delay,false_halt_pressure,nominal,3,0.259027,0.246758,0.180667,0.212904,0.2184,0.08925,0.48208,0.16464
tool_use_after_delay,false_halt_pressure,nominal,4,0.259027,0.246758,0.180667,0.212904,0.2184,0.08925,0.48208,0.16464
tool_use_after_delay,false_halt_pressure,nominal,5,0.259027,0.246758,0.180667,0.212904,0.2184,0.08925,0.48208,0.16464
tool_use_after_delay,false_halt_pressure,nominal,6,0.259027,0.246758,0.180667,0.212904,0.2184,0.08925,0.48208,0.16464
tool_use_after_delay,false_halt_pressure,nominal,7,0.259027,0.246758,0.180667,0.212904,0.2184,0.08925,0.48208,0.16464
tool_use_after_delay,false_halt_pressure,nominal,8,0.259027,0.246758,0.180667,0.212904,0.2184,0.08925,0.48208,0.16464
tool_use_after_delay,false_halt_pressure,nominal,9,0.259027,0.246758,0.180667,0.212904,0.2184,0.08925,0.48208,0.16464
tool_use_after_delay,false_halt_pressure,local_anomaly_shift,0,0.445824,0.31104,0.219865,0.25632,0.29664,0.112812,0.604992,0.208992
tool_use_after_delay,false_halt_pressure,local_anomaly_shift,1,0.445824,0.31104,0.219865,0.25632,0.29664,0.112812,0.604992,0.208992
tool_use_after_delay,false_halt_pressure,local_anomaly_shift,2,0.445824,0.31104,0.219865,0.25632,0.29664,0.112812,0.604992,0.208992
tool_use_after_delay,false_halt_pressure,local_anomaly_shift,3,0.445824,0.31104,0.219865,0.25632,0.29664,0.112812,0.604992,0.208992
tool_use_after_delay,false_halt_pressure,local_anomaly_shift,4,0.445824,0.31104,0.219865,0.25632,0.29664,0.112812,0.604992,0.208992
tool_use_after_delay,false_halt_pressure,local_anomaly_shift,5,0.445824,0.31104,0.219865,0.25632,0.29664,0.112812,0.604992,0.208992
tool_use_after_delay,false_halt_pressure,local_anomaly_shift,6,0.445824,0.31104,0.219865,0.25632,0.29664,0.112812,0.604992,0.208992
tool_use_after_delay,false_halt_pressure,local_anomaly_shift,7,0.445824,0.31104,0.219865,0.25632,0.29664,0.112812,0.604992,0.208992
tool_use_after_delay,false_halt_pressure,local_anomaly_shift,8,0.445824,0.31104,0.219865,0.25632,0.29664,0.112812,0.604992,0.208992
tool_use_after_delay,false_halt_pressure,local_anomaly_shift,9,0.445824,0.31104,0.219865,0.25632,0.29664,0.112812,0.604992,0.208992
tool_use_after_delay,false_halt_pressure,subgoal_corruption_shift,0,0.339725,0.457229,0.261489,0.299088,0.32384,0.126276,0.64768,0.238224
tool_use_after_delay,false_halt_pressure,subgoal_corruption_shift,1,0.339725,0.457229,0.261489,0.299088,0.32384,0.126276,0.64768,0.238224
tool_use_after_delay,false_halt_pressure,subgoal_corruption_shift,2,0.339725,0.457229,0.261489,0.299088,0.32384,0.126276,0.64768,0.238224
tool_use_after_delay,false_halt_pressure,subgoal_corruption_shift,3,0.339725,0.457229,0.261489,0.299088,0.32384,0.126276,0.64768,0.238224
tool_use_after_delay,false_halt_pressure,subgoal_corruption_shift,4,0.339725,0.457229,0.261489,0.299088,0.32384,0.126276,0.64768,0.238224
tool_use_after_delay,false_halt_pressure,subgoal_corruption_shift,5,0.339725,0.457229,0.261489,0.299088,0.32384,0.126276,0.64768,0.238224
tool_use_after_delay,false_halt_pressure,subgoal_corruption_shift,6,0.339725,0.457229,0.261489,0.299088,0.32384,0.126276,0.64768,0.238224
tool_use_after_delay,false_halt_pressure,subgoal_corruption_shift,7,0.339725,0.457229,0.261489,0.299088,0.32384,0.126276,0.64768,0.238224
tool_use_after_delay,false_halt_pressure,subgoal_corruption_shift,8,0.339725,0.457229,0.261489,0.299088,0.32384,0.126276,0.64768,0.238224
tool_use_after_delay,false_halt_pressure,subgoal_corruption_shift,9,0.339725,0.457229,0.261489,0.299088,0.32384,0.126276,0.64768,0.238224
tool_use_after_delay,false_halt_pressure,delayed_observation_shift,0,0.368237,0.396058,0.282684,0.363888,0.35872,0.180132,0.722752,0.258832
tool_use_after_delay,false_halt_pressure,delayed_observation_shift,1,0.368237,0.396058,0.282684,0.363888,0.35872,0.180132,0.722752,0.258832
tool_use_after_delay,false_halt_pressure,delayed_observation_shift,2,0.368237,0.396058,0.282684,0.363888,0.35872,0.180132,0.722752,0.258832
tool_use_after_delay,false_halt_pressure,delayed_observation_shift,3,0.368237,0.396058,0.282684,0.363888,0.35872,0.180132,0.722752,0.258832
tool_use_after_delay,false_halt_pressure,delayed_observation_shift,4,0.368237,0.396058,0.282684,0.363888,0.35872,0.180132,0.722752,0.258832
tool_use_after_delay,false_halt_pressure,delayed_observation_shift,5,0.368237,0.396058,0.282684,0.363888,0.35872,0.180132,0.722752,0.258832
tool_use_after_delay,false_halt_pressure,delayed_observation_shift,6,0.368237,0.396058,0.282684,0.363888,0.35872,0.180132,0.722752,0.258832
tool_use_after_delay,false_halt_pressure,delayed_observation_shift,7,0.368237,0.396058,0.282684,0.363888,0.35872,0.180132,0.722752,0.258832
tool_use_after_delay,false_halt_pressure,delayed_observation_shift,8,0.368237,0.396058,0.282684,0.363888,0.35872,0.180132,0.722752,0.258832
tool_use_after_delay,false_halt_pressure,delayed_observation_shift,9,0.368237,0.396058,0.282684,0.363888,0.35872,0.180132,0.722752,0.258832
tool_use_after_delay,false_halt_pressure,false_halt_shift,0,0.371174,0.367373,0.264808,0.300384,0.33216,0.13362,0.987712,0.235424
tool_use_after_delay,false_halt_pressure,false_halt_shift,1,0.371174,0.367373,0.264808,0.300384,0.33216,0.13362,0.987712,0.235424
tool_use_after_delay,false_halt_pressure,false_halt_shift,2,0.371174,0.367373,0.264808,0.300384,0.33216,0.13362,0.987712,0.235424
tool_use_after_delay,false_halt_pressure,false_halt_shift,3,0.371174,0.367373,0.264808,0.300384,0.33216,0.13362,0.987712,0.235424
tool_use_after_delay,false_halt_pressure,false_halt_shift,4,0.371174,0.367373,0.264808,0.300384,0.33216,0.13362,0.987712,0.235424
tool_use_after_delay,false_halt_pressure,false_halt_shift,5,0.371174,0.367373,0.264808,0.300384,0.33216,0.13362,0.987712,0.235424
tool_use_after_delay,false_halt_pressure,false_halt_shift,6,0.371174,0.367373,0.264808,0.300384,0.33216,0.13362,0.987712,0.235424
tool_use_after_delay,false_halt_pressure,false_halt_shift,7,0.371174,0.367373,0.264808,0.300384,0.33216,0.13362,0.987712,0.235424
tool_use_after_delay,false_halt_pressure,false_halt_shift,8,0.371174,0.367373,0.264808,0.300384,0.33216,0.13362,0.987712,0.235424
tool_use_after_delay,false_halt_pressure,false_halt_shift,9,0.371174,0.367373,0.264808,0.300384,0.33216,0.13362,0.987712,0.235424
tool_use_after_delay,false_halt_pressure,budget_exhaustion_shift,0,0.413338,0.419213,0.296473,0.365184,0.44256,0.156264,0.783104,0.275856
tool_use_after_delay,false_halt_pressure,budget_exhaustion_shift,1,0.413338,0.419213,0.296473,0.365184,0.44256,0.156264,0.783104,0.275856
tool_use_after_delay,false_halt_pressure,budget_exhaustion_shift,2,0.413338,0.419213,0.296473,0.365184,0.44256,0.156264,0.783104,0.275856
tool_use_after_delay,false_halt_pressure,budget_exhaustion_shift,3,0.413338,0.419213,0.296473,0.365184,0.44256,0.156264,0.783104,0.275856
tool_use_after_delay,false_halt_pressure,budget_exhaustion_shift,4,0.413338,0.419213,0.296473,0.365184,0.44256,0.156264,0.783104,0.275856
tool_use_after_delay,false_halt_pressure,budget_exhaustion_shift,5,0.413338,0.419213,0.296473,0.365184,0.44256,0.156264,0.783104,0.275856
tool_use_after_delay,false_halt_pressure,budget_exhaustion_shift,6,0.413338,0.419213,0.296473,0.365184,0.44256,0.156264,0.783104,0.275856
tool_use_after_delay,false_halt_pressure,budget_exhaustion_shift,7,0.413338,0.419213,0.296473,0.365184,0.44256,0.156264,0.783104,0.275856
tool_use_after_delay,false_halt_pressure,budget_exhaustion_shift,8,0.413338,0.419213,0.296473,0.365184,0.44256,0.156264,0.783104,0.275856
tool_use_after_delay,false_halt_pressure,budget_exhaustion_shift,9,0.413338,0.419213,0.296473,0.365184,0.44256,0.156264,0.783104,0.275856
tool_use_after_delay,false_halt_pressure,cross_level_cascade_shift,0,0.453946,0.460339,0.3335,0.423504,0.40992,0.163608,0.822848,0.31808
tool_use_after_delay,false_halt_pressure,cross_level_cascade_shift,1,0.453946,0.460339,0.3335,0.423504,0.40992,0.163608,0.822848,0.31808
tool_use_after_delay,false_halt_pressure,cross_level_cascade_shift,2,0.453946,0.460339,0.3335,0.423504,0.40992,0.163608,0.822848,0.31808
tool_use_after_delay,false_halt_pressure,cross_level_cascade_shift,3,0.453946,0.460339,0.3335,0.423504,0.40992,0.163608,0.822848,0.31808
tool_use_after_delay,false_halt_pressure,cross_level_cascade_shift,4,0.453946,0.460339,0.3335,0.423504,0.40992,0.163608,0.822848,0.31808
tool_use_after_delay,false_halt_pressure,cross_level_cascade_shift,5,0.453946,0.460339,0.3335,0.423504,0.40992,0.163608,0.822848,0.31808
tool_use_after_delay,false_halt_pressure,cross_level_cascade_shift,6,0.453946,0.460339,0.3335,0.423504,0.40992,0.163608,0.822848,0.31808
tool_use_after_delay,false_halt_pressure,cross_level_cascade_shift,7,0.453946,0.460339,0.3335,0.423504,0.40992,0.163608,0.822848,0.31808
tool_use_after_delay,false_halt_pressure,cross_level_cascade_shift,8,0.453946,0.460339,0.3335,0.423504,0.40992,0.163608,0.822848,0.31808
tool_use_after_delay,false_halt_pressure,cross_level_cascade_shift,9,0.453946,0.460339,0.3335,0.423504,0.40992,0.163608,0.822848,0.31808
tool_use_after_delay,false_halt_pressure,combined_extreme,0,0.482803,0.485914,0.355716,0.43776,0.45024,0.18258,0.9568,0.327936
tool_use_after_delay,false_halt_pressure,combined_extreme,1,0.482803,0.485914,0.355716,0.43776,0.45024,0.18258,0.9568,0.327936
tool_use_after_delay,false_halt_pressure,combined_extreme,2,0.482803,0.485914,0.355716,0.43776,0.45024,0.18258,0.9568,0.327936
tool_use_after_delay,false_halt_pressure,combined_extreme,3,0.482803,0.485914,0.355716,0.43776,0.45024,0.18258,0.9568,0.327936
tool_use_after_delay,false_halt_pressure,combined_extreme,4,0.482803,0.485914,0.355716,0.43776,0.45024,0.18258,0.9568,0.327936
tool_use_after_delay,false_halt_pressure,combined_extreme,5,0.482803,0.485914,0.355716,0.43776,0.45024,0.18258,0.9568,0.327936
tool_use_after_delay,false_halt_pressure,combined_extreme,6,0.482803,0.485914,0.355716,0.43776,0.45024,0.18258,0.9568,0.327936
tool_use_after_delay,false_halt_pressure,combined_extreme,7,0.482803,0.485914,0.355716,0.43776,0.45024,0.18258,0.9568,0.327936
tool_use_after_delay,false_halt_pressure,combined_extreme,8,0.482803,0.485914,0.355716,0.43776,0.45024,0.18258,0.9568,0.327936
tool_use_after_delay,false_halt_pressure,combined_extreme,9,0.482803,0.485914,0.355716,0.43776,0.45024,0.18258,0.9568,0.327936
tool_use_after_delay,delayed_failure_observation,nominal,0,0.34537,0.359856,0.275302,0.366668,0.31668,0.2415,0.262,0.255192
tool_use_after_delay,delayed_failure_observation,nominal,1,0.34537,0.359856,0.275302,0.366668,0.31668,0.2415,0.262,0.255192
tool_use_after_delay,delayed_failure_observation,nominal,2,0.34537,0.359856,0.275302,0.366668,0.31668,0.2415,0.262,0.255192
tool_use_after_delay,delayed_failure_observation,nominal,3,0.34537,0.359856,0.275302,0.366668,0.31668,0.2415,0.262,0.255192
tool_use_after_delay,delayed_failure_observation,nominal,4,0.34537,0.359856,0.275302,0.366668,0.31668,0.2415,0.262,0.255192
tool_use_after_delay,delayed_failure_observation,nominal,5,0.34537,0.359856,0.275302,0.366668,0.31668,0.2415,0.262,0.255192
tool_use_after_delay,delayed_failure_observation,nominal,6,0.34537,0.359856,0.275302,0.366668,0.31668,0.2415,0.262,0.255192
tool_use_after_delay,delayed_failure_observation,nominal,7,0.34537,0.359856,0.275302,0.366668,0.31668,0.2415,0.262,0.255192
tool_use_after_delay,delayed_failure_observation,nominal,8,0.34537,0.359856,0.275302,0.366668,0.31668,0.2415,0.262,0.255192
tool_use_after_delay,delayed_failure_observation,nominal,9,0.34537,0.359856,0.275302,0.366668,0.31668,0.2415,0.262,0.255192
tool_use_after_delay,delayed_failure_observation,local_anomaly_shift,0,0.594432,0.4536,0.335032,0.44144,0.430128,0.305256,0.3288,0.323938
tool_use_after_delay,delayed_failure_observation,local_anomaly_shift,1,0.594432,0.4536,0.335032,0.44144,0.430128,0.305256,0.3288,0.323938
tool_use_after_delay,delayed_failure_observation,local_anomaly_shift,2,0.594432,0.4536,0.335032,0.44144,0.430128,0.305256,0.3288,0.323938
tool_use_after_delay,delayed_failure_observation,local_anomaly_shift,3,0.594432,0.4536,0.335032,0.44144,0.430128,0.305256,0.3288,0.323938
tool_use_after_delay,delayed_failure_observation,local_anomaly_shift,4,0.594432,0.4536,0.335032,0.44144,0.430128,0.305256,0.3288,0.323938
tool_use_after_delay,delayed_failure_observation,local_anomaly_shift,5,0.594432,0.4536,0.335032,0.44144,0.430128,0.305256,0.3288,0.323938
tool_use_after_delay,delayed_failure_observation,local_anomaly_shift,6,0.594432,0.4536,0.335032,0.44144,0.430128,0.305256,0.3288,0.323938
tool_use_after_delay,delayed_failure_observation,local_anomaly_shift,7,0.594432,0.4536,0.335032,0.44144,0.430128,0.305256,0.3288,0.323938
tool_use_after_delay,delayed_failure_observation,local_anomaly_shift,8,0.594432,0.4536,0.335032,0.44144,0.430128,0.305256,0.3288,0.323938
tool_use_after_delay,delayed_failure_observation,local_anomaly_shift,9,0.594432,0.4536,0.335032,0.44144,0.430128,0.305256,0.3288,0.323938
tool_use_after_delay,delayed_failure_observation,subgoal_corruption_shift,0,0.452966,0.666792,0.398459,0.515096,0.469568,0.341688,0.352,0.369247
tool_use_after_delay,delayed_failure_observation,subgoal_corruption_shift,1,0.452966,0.666792,0.398459,0.515096,0.469568,0.341688,0.352,0.369247
tool_use_after_delay,delayed_failure_observation,subgoal_corruption_shift,2,0.452966,0.666792,0.398459,0.515096,0.469568,0.341688,0.352,0.369247
tool_use_after_delay,delayed_failure_observation,subgoal_corruption_shift,3,0.452966,0.666792,0.398459,0.515096,0.469568,0.341688,0.352,0.369247
tool_use_after_delay,delayed_failure_observation,subgoal_corruption_shift,4,0.452966,0.666792,0.398459,0.515096,0.469568,0.341688,0.352,0.369247
tool_use_after_delay,delayed_failure_observation,subgoal_corruption_shift,5,0.452966,0.666792,0.398459,0.515096,0.469568,0.341688,0.352,0.369247
tool_use_after_delay,delayed_failure_observation,subgoal_corruption_shift,6,0.452966,0.666792,0.398459,0.515096,0.469568,0.341688,0.352,0.369247
tool_use_after_delay,delayed_failure_observation,subgoal_corruption_shift,7,0.452966,0.666792,0.398459,0.515096,0.469568,0.341688,0.352,0.369247
tool_use_after_delay,delayed_failure_observation,subgoal_corruption_shift,8,0.452966,0.666792,0.398459,0.515096,0.469568,0.341688,0.352,0.369247
tool_use_after_delay,delayed_failure_observation,subgoal_corruption_shift,9,0.452966,0.666792,0.398459,0.515096,0.469568,0.341688,0.352,0.369247
tool_use_after_delay,delayed_failure_observation,delayed_observation_shift,0,0.490982,0.577584,0.430756,0.626696,0.520144,0.487416,0.3928,0.40119
tool_use_after_delay,delayed_failure_observation,delayed_observation_shift,1,0.490982,0.577584,0.430756,0.626696,0.520144,0.487416,0.3928,0.40119
tool_use_after_delay,delayed_failure_observation,delayed_observation_shift,2,0.490982,0.577584,0.430756,0.626696,0.520144,0.487416,0.3928,0.40119
tool_use_after_delay,delayed_failure_observation,delayed_observation_shift,3,0.490982,0.577584,0.430756,0.626696,0.520144,0.487416,0.3928,0.40119
tool_use_after_delay,delayed_failure_observation,delayed_observation_shift,4,0.490982,0.577584,0.430756,0.626696,0.520144,0.487416,0.3928,0.40119
tool_use_after_delay,delayed_failure_observation,delayed_observation_shift,5,0.490982,0.577584,0.430756,0.626696,0.520144,0.487416,0.3928,0.40119
tool_use_after_delay,delayed_failure_observation,delayed_observation_shift,6,0.490982,0.577584,0.430756,0.626696,0.520144,0.487416,0.3928,0.40119
tool_use_after_delay,delayed_failure_observation,delayed_observation_shift,7,0.490982,0.577584,0.430756,0.626696,0.520144,0.487416,0.3928,0.40119
tool_use_after_delay,delayed_failure_observation,delayed_observation_shift,8,0.490982,0.577584,0.430756,0.626696,0.520144,0.487416,0.3928,0.40119
tool_use_after_delay,delayed_failure_observation,delayed_observation_shift,9,0.490982,0.577584,0.430756,0.626696,0.520144,0.487416,0.3928,0.40119
tool_use_after_delay,delayed_failure_observation,false_halt_shift,0,0.494899,0.535752,0.403517,0.517328,0.481632,0.36156,0.5368,0.364907
tool_use_after_delay,delayed_failure_observation,false_halt_shift,1,0.494899,0.535752,0.403517,0.517328,0.481632,0.36156,0.5368,0.364907
tool_use_after_delay,delayed_failure_observation,false_halt_shift,2,0.494899,0.535752,0.403517,0.517328,0.481632,0.36156,0.5368,0.364907
tool_use_after_delay,delayed_failure_observation,false_halt_shift,3,0.494899,0.535752,0.403517,0.517328,0.481632,0.36156,0.5368,0.364907
tool_use_after_delay,delayed_failure_observation,false_halt_shift,4,0.494899,0.535752,0.403517,0.517328,0.481632,0.36156,0.5368,0.364907
tool_use_after_delay,delayed_failure_observation,false_halt_shift,5,0.494899,0.535752,0.403517,0.517328,0.481632,0.36156,0.5368,0.364907
tool_use_after_delay,delayed_failure_observation,false_halt_shift,6,0.494899,0.535752,0.403517,0.517328,0.481632,0.36156,0.5368,0.364907
tool_use_after_delay,delayed_failure_observation,false_halt_shift,7,0.494899,0.535752,0.403517,0.517328,0.481632,0.36156,0.5368,0.364907
tool_use_after_delay,delayed_failure_observation,false_halt_shift,8,0.494899,0.535752,0.403517,0.517328,0.481632,0.36156,0.5368,0.364907
tool_use_after_delay,delayed_failure_observation,false_halt_shift,9,0.494899,0.535752,0.403517,0.517328,0.481632,0.36156,0.5368,0.364907
tool_use_after_delay,delayed_failure_observation,budget_exhaustion_shift,0,0.551117,0.611352,0.451768,0.628928,0.641712,0.422832,0.4256,0.427577
tool_use_after_delay,delayed_failure_observation,budget_exhaustion_shift,1,0.551117,0.611352,0.451768,0.628928,0.641712,0.422832,0.4256,0.427577
tool_use_after_delay,delayed_failure_observation,budget_exhaustion_shift,2,0.551117,0.611352,0.451768,0.628928,0.641712,0.422832,0.4256,0.427577
tool_use_after_delay,delayed_failure_observation,budget_exhaustion_shift,3,0.551117,0.611352,0.451768,0.628928,0.641712,0.422832,0.4256,0.427577
tool_use_after_delay,delayed_failure_observation,budget_exhaustion_shift,4,0.551117,0.611352,0.451768,0.628928,0.641712,0.422832,0.4256,0.427577
tool_use_after_delay,delayed_failure_observation,budget_exhaustion_shift,5,0.551117,0.611352,0.451768,0.628928,0.641712,0.422832,0.4256,0.427577
tool_use_after_delay,delayed_failure_observation,budget_exhaustion_shift,6,0.551117,0.611352,0.451768,0.628928,0.641712,0.422832,0.4256,0.427577
tool_use_after_delay,delayed_failure_observation,budget_exhaustion_shift,7,0.551117,0.611352,0.451768,0.628928,0.641712,0.422832,0.4256,0.427577
tool_use_after_delay,delayed_failure_observation,budget_exhaustion_shift,8,0.551117,0.611352,0.451768,0.628928,0.641712,0.422832,0.4256,0.427577
tool_use_after_delay,delayed_failure_observation,budget_exhaustion_shift,9,0.551117,0.611352,0.451768,0.628928,0.641712,0.422832,0.4256,0.427577
tool_use_after_delay,delayed_failure_observation,cross_level_cascade_shift,0,0.605261,0.671328,0.508191,0.729368,0.594384,0.442704,0.4472,0.493024
tool_use_after_delay,delayed_failure_observation,cross_level_cascade_shift,1,0.605261,0.671328,0.508191,0.729368,0.594384,0.442704,0.4472,0.493024
tool_use_after_delay,delayed_failure_observation,cross_level_cascade_shift,2,0.605261,0.671328,0.508191,0.729368,0.594384,0.442704,0.4472,0.493024
tool_use_after_delay,delayed_failure_observation,cross_level_cascade_shift,3,0.605261,0.671328,0.508191,0.729368,0.594384,0.442704,0.4472,0.493024
tool_use_after_delay,delayed_failure_observation,cross_level_cascade_shift,4,0.605261,0.671328,0.508191,0.729368,0.594384,0.442704,0.4472,0.493024
tool_use_after_delay,delayed_failure_observation,cross_level_cascade_shift,5,0.605261,0.671328,0.508191,0.729368,0.594384,0.442704,0.4472,0.493024
tool_use_after_delay,delayed_failure_observation,cross_level_cascade_shift,6,0.605261,0.671328,0.508191,0.729368,0.594384,0.442704,0.4472,0.493024
tool_use_after_delay,delayed_failure_observation,cross_level_cascade_shift,7,0.605261,0.671328,0.508191,0.729368,0.594384,0.442704,0.4472,0.493024
tool_use_after_delay,delayed_failure_observation,cross_level_cascade_shift,8,0.605261,0.671328,0.508191,0.729368,0.594384,0.442704,0.4472,0.493024
tool_use_after_delay,delayed_failure_observation,cross_level_cascade_shift,9,0.605261,0.671328,0.508191,0.729368,0.594384,0.442704,0.4472,0.493024
tool_use_after_delay,delayed_failure_observation,combined_extreme,0,0.643738,0.708624,0.542044,0.75392,0.652848,0.49404,0.52,0.508301
tool_use_after_delay,delayed_failure_observation,combined_extreme,1,0.643738,0.708624,0.542044,0.75392,0.652848,0.49404,0.52,0.508301
tool_use_after_delay,delayed_failure_observation,combined_extreme,2,0.643738,0.708624,0.542044,0.75392,0.652848,0.49404,0.52,0.508301
tool_use_after_delay,delayed_failure_observation,combined_extreme,3,0.643738,0.708624,0.542044,0.75392,0.652848,0.49404,0.52,0.508301
tool_use_after_delay,delayed_failure_observation,combined_extreme,4,0.643738,0.708624,0.542044,0.75392,0.652848,0.49404,0.52,0.508301
tool_use_after_delay,delayed_failure_observation,combined_extreme,5,0.643738,0.708624,0.542044,0.75392,0.652848,0.49404,0.52,0.508301
tool_use_after_delay,delayed_failure_observation,combined_extreme,6,0.643738,0.708624,0.542044,0.75392,0.652848,0.49404,0.52,0.508301
tool_use_after_delay,delayed_failure_observation,combined_extreme,7,0.643738,0.708624,0.542044,0.75392,0.652848,0.49404,0.52,0.508301
tool_use_after_delay,delayed_failure_observation,combined_extreme,8,0.643738,0.708624,0.542044,0.75392,0.652848,0.49404,0.52,0.508301
tool_use_after_delay,delayed_failure_observation,combined_extreme,9,0.643738,0.708624,0.542044,0.75392,0.652848,0.49404,0.52,0.508301
tool_use_after_delay,recovery_budget_exhaustion,nominal,0,0.366955,0.339293,0.258096,0.41398,0.51324,0.16275,0.28296,0.271656
tool_use_after_delay,recovery_budget_exhaustion,nominal,1,0.366955,0.339293,0.258096,0.41398,0.51324,0.16275,0.28296,0.271656
tool_use_after_delay,recovery_budget_exhaustion,nominal,2,0.366955,0.339293,0.258096,0.41398,0.51324,0.16275,0.28296,0.271656
tool_use_after_delay,recovery_budget_exhaustion,nominal,3,0.366955,0.339293,0.258096,0.41398,0.51324,0.16275,0.28296,0.271656
tool_use_after_delay,recovery_budget_exhaustion,nominal,4,0.366955,0.339293,0.258096,0.41398,0.51324,0.16275,0.28296,0.271656
tool_use_after_delay,recovery_budget_exhaustion,nominal,5,0.366955,0.339293,0.258096,0.41398,0.51324,0.16275,0.28296,0.271656
tool_use_after_delay,recovery_budget_exhaustion,nominal,6,0.366955,0.339293,0.258096,0.41398,0.51324,0.16275,0.28296,0.271656
tool_use_after_delay,recovery_budget_exhaustion,nominal,7,0.366955,0.339293,0.258096,0.41398,0.51324,0.16275,0.28296,0.271656
tool_use_after_delay,recovery_budget_exhaustion,nominal,8,0.366955,0.339293,0.258096,0.41398,0.51324,0.16275,0.28296,0.271656
tool_use_after_delay,recovery_budget_exhaustion,nominal,9,0.366955,0.339293,0.258096,0.41398,0.51324,0.16275,0.28296,0.271656
tool_use_after_delay,recovery_budget_exhaustion,local_anomaly_shift,0,0.631584,0.42768,0.314093,0.4984,0.697104,0.205716,0.355104,0.344837
tool_use_after_delay,recovery_budget_exhaustion,local_anomaly_shift,1,0.631584,0.42768,0.314093,0.4984,0.697104,0.205716,0.355104,0.344837
tool_use_after_delay,recovery_budget_exhaustion,local_anomaly_shift,2,0.631584,0.42768,0.314093,0.4984,0.697104,0.205716,0.355104,0.344837
tool_use_after_delay,recovery_budget_exhaustion,local_anomaly_shift,3,0.631584,0.42768,0.314093,0.4984,0.697104,0.205716,0.355104,0.344837
tool_use_after_delay,recovery_budget_exhaustion,local_anomaly_shift,4,0.631584,0.42768,0.314093,0.4984,0.697104,0.205716,0.355104,0.344837
tool_use_after_delay,recovery_budget_exhaustion,local_anomaly_shift,5,0.631584,0.42768,0.314093,0.4984,0.697104,0.205716,0.355104,0.344837
tool_use_after_delay,recovery_budget_exhaustion,local_anomaly_shift,6,0.631584,0.42768,0.314093,0.4984,0.697104,0.205716,0.355104,0.344837
tool_use_after_delay,recovery_budget_exhaustion,local_anomaly_shift,7,0.631584,0.42768,0.314093,0.4984,0.697104,0.205716,0.355104,0.344837
tool_use_after_delay,recovery_budget_exhaustion,local_anomaly_shift,8,0.631584,0.42768,0.314093,0.4984,0.697104,0.205716,0.355104,0.344837
tool_use_after_delay,recovery_budget_exhaustion,local_anomaly_shift,9,0.631584,0.42768,0.314093,0.4984,0.697104,0.205716,0.355104,0.344837
tool_use_after_delay,recovery_budget_exhaustion,subgoal_corruption_shift,0,0.481277,0.62869,0.373555,0.58156,0.761024,0.230268,0.38016,0.39307
tool_use_after_delay,recovery_budget_exhaustion,subgoal_corruption_shift,1,0.481277,0.62869,0.373555,0.58156,0.761024,0.230268,0.38016,0.39307
tool_use_after_delay,recovery_budget_exhaustion,subgoal_corruption_shift,2,0.481277,0.62869,0.373555,0.58156,0.761024,0.230268,0.38016,0.39307
tool_use_after_delay,recovery_budget_exhaustion,subgoal_corruption_shift,3,0.481277,0.62869,0.373555,0.58156,0.761024,0.230268,0.38016,0.39307
tool_use_after_delay,recovery_budget_exhaustion,subgoal_corruption_shift,4,0.481277,0.62869,0.373555,0.58156,0.761024,0.230268,0.38016,0.39307
tool_use_after_delay,recovery_budget_exhaustion,subgoal_corruption_shift,5,0.481277,0.62869,0.373555,0.58156,0.761024,0.230268,0.38016,0.39307
tool_use_after_delay,recovery_budget_exhaustion,subgoal_corruption_shift,6,0.481277,0.62869,0.373555,0.58156,0.761024,0.230268,0.38016,0.39307
tool_use_after_delay,recovery_budget_exhaustion,subgoal_corruption_shift,7,0.481277,0.62869,0.373555,0.58156,0.761024,0.230268,0.38016,0.39307
tool_use_after_delay,recovery_budget_exhaustion,subgoal_corruption_shift,8,0.481277,0.62869,0.373555,0.58156,0.761024,0.230268,0.38016,0.39307
tool_use_after_delay,recovery_budget_exhaustion,subgoal_corruption_shift,9,0.481277,0.62869,0.373555,0.58156,0.761024,0.230268,0.38016,0.39307
tool_use_after_delay,recovery_budget_exhaustion,delayed_observation_shift,0,0.521669,0.544579,0.403834,0.70756,0.842992,0.328476,0.424224,0.427073
tool_use_after_delay,recovery_budget_exhaustion,delayed_observation_shift,1,0.521669,0.544579,0.403834,0.70756,0.842992,0.328476,0.424224,0.427073
tool_use_after_delay,recovery_budget_exhaustion,delayed_observation_shift,2,0.521669,0.544579,0.403834,0.70756,0.842992,0.328476,0.424224,0.427073
tool_use_after_delay,recovery_budget_exhaustion,delayed_observation_shift,3,0.521669,0.544579,0.403834,0.70756,0.842992,0.328476,0.424224,0.427073
tool_use_after_delay,recovery_budget_exhaustion,delayed_observation_shift,4,0.521669,0.544579,0.403834,0.70756,0.842992,0.328476,0.424224,0.427073
tool_use_after_delay,recovery_budget_exhaustion,delayed_observation_shift,5,0.521669,0.544579,0.403834,0.70756,0.842992,0.328476,0.424224,0.427073
tool_use_after_delay,recovery_budget_exhaustion,delayed_observation_shift,6,0.521669,0.544579,0.403834,0.70756,0.842992,0.328476,0.424224,0.427073
tool_use_after_delay,recovery_budget_exhaustion,delayed_observation_shift,7,0.521669,0.544579,0.403834,0.70756,0.842992,0.328476,0.424224,0.427073
tool_use_after_delay,recovery_budget_exhaustion,delayed_observation_shift,8,0.521669,0.544579,0.403834,0.70756,0.842992,0.328476,0.424224,0.427073
tool_use_after_delay,recovery_budget_exhaustion,delayed_observation_shift,9,0.521669,0.544579,0.403834,0.70756,0.842992,0.328476,0.424224,0.427073
tool_use_after_delay,recovery_budget_exhaustion,false_halt_shift,0,0.52583,0.505138,0.378298,0.58408,0.780576,0.24366,0.579744,0.38845
tool_use_after_delay,recovery_budget_exhaustion,false_halt_shift,1,0.52583,0.505138,0.378298,0.58408,0.780576,0.24366,0.579744,0.38845
tool_use_after_delay,recovery_budget_exhaustion,false_halt_shift,2,0.52583,0.505138,0.378298,0.58408,0.780576,0.24366,0.579744,0.38845
tool_use_after_delay,recovery_budget_exhaustion,false_halt_shift,3,0.52583,0.505138,0.378298,0.58408,0.780576,0.24366,0.579744,0.38845
tool_use_after_delay,recovery_budget_exhaustion,false_halt_shift,4,0.52583,0.505138,0.378298,0.58408,0.780576,0.24366,0.579744,0.38845
tool_use_after_delay,recovery_budget_exhaustion,false_halt_shift,5,0.52583,0.505138,0.378298,0.58408,0.780576,0.24366,0.579744,0.38845
tool_use_after_delay,recovery_budget_exhaustion,false_halt_shift,6,0.52583,0.505138,0.378298,0.58408,0.780576,0.24366,0.579744,0.38845
tool_use_after_delay,recovery_budget_exhaustion,false_halt_shift,7,0.52583,0.505138,0.378298,0.58408,0.780576,0.24366,0.579744,0.38845
tool_use_after_delay,recovery_budget_exhaustion,false_halt_shift,8,0.52583,0.505138,0.378298,0.58408,0.780576,0.24366,0.579744,0.38845
tool_use_after_delay,recovery_budget_exhaustion,false_halt_shift,9,0.52583,0.505138,0.378298,0.58408,0.780576,0.24366,0.579744,0.38845
tool_use_after_delay,recovery_budget_exhaustion,budget_exhaustion_shift,0,0.585562,0.576418,0.423533,0.71008,1.0,0.284952,0.459648,0.455162
tool_use_after_delay,recovery_budget_exhaustion,budget_exhaustion_shift,1,0.585562,0.576418,0.423533,0.71008,1.0,0.284952,0.459648,0.455162
tool_use_after_delay,recovery_budget_exhaustion,budget_exhaustion_shift,2,0.585562,0.576418,0.423533,0.71008,1.0,0.284952,0.459648,0.455162
tool_use_after_delay,recovery_budget_exhaustion,budget_exhaustion_shift,3,0.585562,0.576418,0.423533,0.71008,1.0,0.284952,0.459648,0.455162
tool_use_after_delay,recovery_budget_exhaustion,budget_exhaustion_shift,4,0.585562,0.576418,0.423533,0.71008,1.0,0.284952,0.459648,0.455162
tool_use_after_delay,recovery_budget_exhaustion,budget_exhaustion_shift,5,0.585562,0.576418,0.423533,0.71008,1.0,0.284952,0.459648,0.455162
tool_use_after_delay,recovery_budget_exhaustion,budget_exhaustion_shift,6,0.585562,0.576418,0.423533,0.71008,1.0,0.284952,0.459648,0.455162
tool_use_after_delay,recovery_budget_exhaustion,budget_exhaustion_shift,7,0.585562,0.576418,0.423533,0.71008,1.0,0.284952,0.459648,0.455162
tool_use_after_delay,recovery_budget_exhaustion,budget_exhaustion_shift,8,0.585562,0.576418,0.423533,0.71008,1.0,0.284952,0.459648,0.455162
tool_use_after_delay,recovery_budget_exhaustion,budget_exhaustion_shift,9,0.585562,0.576418,0.423533,0.71008,1.0,0.284952,0.459648,0.455162
tool_use_after_delay,recovery_budget_exhaustion,cross_level_cascade_shift,0,0.64309,0.632966,0.476429,0.82348,0.963312,0.298344,0.482976,0.524832
tool_use_after_delay,recovery_budget_exhaustion,cross_level_cascade_shift,1,0.64309,0.632966,0.476429,0.82348,0.963312,0.298344,0.482976,0.524832
tool_use_after_delay,recovery_budget_exhaustion,cross_level_cascade_shift,2,0.64309,0.632966,0.476429,0.82348,0.963312,0.298344,0.482976,0.524832
tool_use_after_delay,recovery_budget_exhaustion,cross_level_cascade_shift,3,0.64309,0.632966,0.476429,0.82348,0.963312,0.298344,0.482976,0.524832
tool_use_after_delay,recovery_budget_exhaustion,cross_level_cascade_shift,4,0.64309,0.632966,0.476429,0.82348,0.963312,0.298344,0.482976,0.524832
tool_use_after_delay,recovery_budget_exhaustion,cross_level_cascade_shift,5,0.64309,0.632966,0.476429,0.82348,0.963312,0.298344,0.482976,0.524832
tool_use_after_delay,recovery_budget_exhaustion,cross_level_cascade_shift,6,0.64309,0.632966,0.476429,0.82348,0.963312,0.298344,0.482976,0.524832
tool_use_after_delay,recovery_budget_exhaustion,cross_level_cascade_shift,7,0.64309,0.632966,0.476429,0.82348,0.963312,0.298344,0.482976,0.524832
tool_use_after_delay,recovery_budget_exhaustion,cross_level_cascade_shift,8,0.64309,0.632966,0.476429,0.82348,0.963312,0.298344,0.482976,0.524832
tool_use_after_delay,recovery_budget_exhaustion,cross_level_cascade_shift,9,0.64309,0.632966,0.476429,0.82348,0.963312,0.298344,0.482976,0.524832
tool_use_after_delay,recovery_budget_exhaustion,combined_extreme,0,0.683971,0.668131,0.508166,0.8512,1.0,0.33294,0.5616,0.541094
tool_use_after_delay,recovery_budget_exhaustion,combined_extreme,1,0.683971,0.668131,0.508166,0.8512,1.0,0.33294,0.5616,0.541094
tool_use_after_delay,recovery_budget_exhaustion,combined_extreme,2,0.683971,0.668131,0.508166,0.8512,1.0,0.33294,0.5616,0.541094
tool_use_after_delay,recovery_budget_exhaustion,combined_extreme,3,0.683971,0.668131,0.508166,0.8512,1.0,0.33294,0.5616,0.541094
tool_use_after_delay,recovery_budget_exhaustion,combined_extreme,4,0.683971,0.668131,0.508166,0.8512,1.0,0.33294,0.5616,0.541094
tool_use_after_delay,recovery_budget_exhaustion,combined_extreme,5,0.683971,0.668131,0.508166,0.8512,1.0,0.33294,0.5616,0.541094
tool_use_after_delay,recovery_budget_exhaustion,combined_extreme,6,0.683971,0.668131,0.508166,0.8512,1.0,0.33294,0.5616,0.541094
tool_use_after_delay,recovery_budget_exhaustion,combined_extreme,7,0.683971,0.668131,0.508166,0.8512,1.0,0.33294,0.5616,0.541094
tool_use_after_delay,recovery_budget_exhaustion,combined_extreme,8,0.683971,0.668131,0.508166,0.8512,1.0,0.33294,0.5616,0.541094
tool_use_after_delay,recovery_budget_exhaustion,combined_extreme,9,0.683971,0.668131,0.508166,0.8512,1.0,0.33294,0.5616,0.541094
tool_use_after_delay,compositional_failure_chain,nominal,0,0.474883,0.442109,0.352731,0.567744,0.46956,0.20475,0.33536,0.345744
tool_use_after_delay,compositional_failure_chain,nominal,1,0.474883,0.442109,0.352731,0.567744,0.46956,0.20475,0.33536,0.345744
tool_use_after_delay,compositional_failure_chain,nominal,2,0.474883,0.442109,0.352731,0.567744,0.46956,0.20475,0.33536,0.345744
tool_use_after_delay,compositional_failure_chain,nominal,3,0.474883,0.442109,0.352731,0.567744,0.46956,0.20475,0.33536,0.345744
tool_use_after_delay,compositional_failure_chain,nominal,4,0.474883,0.442109,0.352731,0.567744,0.46956,0.20475,0.33536,0.345744
tool_use_after_delay,compositional_failure_chain,nominal,5,0.474883,0.442109,0.352731,0.567744,0.46956,0.20475,0.33536,0.345744
tool_use_after_delay,compositional_failure_chain,nominal,6,0.474883,0.442109,0.352731,0.567744,0.46956,0.20475,0.33536,0.345744
tool_use_after_delay,compositional_failure_chain,nominal,7,0.474883,0.442109,0.352731,0.567744,0.46956,0.20475,0.33536,0.345744
tool_use_after_delay,compositional_failure_chain,nominal,8,0.474883,0.442109,0.352731,0.567744,0.46956,0.20475,0.33536,0.345744
tool_use_after_delay,compositional_failure_chain,nominal,9,0.474883,0.442109,0.352731,0.567744,0.46956,0.20475,0.33536,0.345744
tool_use_after_delay,compositional_failure_chain,local_anomaly_shift,0,0.817344,0.55728,0.42926,0.68352,0.637776,0.258804,0.420864,0.438883
tool_use_after_delay,compositional_failure_chain,local_anomaly_shift,1,0.817344,0.55728,0.42926,0.68352,0.637776,0.258804,0.420864,0.438883
tool_use_after_delay,compositional_failure_chain,local_anomaly_shift,2,0.817344,0.55728,0.42926,0.68352,0.637776,0.258804,0.420864,0.438883
tool_use_after_delay,compositional_failure_chain,local_anomaly_shift,3,0.817344,0.55728,0.42926,0.68352,0.637776,0.258804,0.420864,0.438883
tool_use_after_delay,compositional_failure_chain,local_anomaly_shift,4,0.817344,0.55728,0.42926,0.68352,0.637776,0.258804,0.420864,0.438883
tool_use_after_delay,compositional_failure_chain,local_anomaly_shift,5,0.817344,0.55728,0.42926,0.68352,0.637776,0.258804,0.420864,0.438883
tool_use_after_delay,compositional_failure_chain,local_anomaly_shift,6,0.817344,0.55728,0.42926,0.68352,0.637776,0.258804,0.420864,0.438883
tool_use_after_delay,compositional_failure_chain,local_anomaly_shift,7,0.817344,0.55728,0.42926,0.68352,0.637776,0.258804,0.420864,0.438883
tool_use_after_delay,compositional_failure_chain,local_anomaly_shift,8,0.817344,0.55728,0.42926,0.68352,0.637776,0.258804,0.420864,0.438883
tool_use_after_delay,compositional_failure_chain,local_anomaly_shift,9,0.817344,0.55728,0.42926,0.68352,0.637776,0.258804,0.420864,0.438883
tool_use_after_delay,compositional_failure_chain,subgoal_corruption_shift,0,0.622829,0.819202,0.510525,0.797568,0.696256,0.289692,0.45056,0.50027
tool_use_after_delay,compositional_failure_chain,subgoal_corruption_shift,1,0.622829,0.819202,0.510525,0.797568,0.696256,0.289692,0.45056,0.50027
tool_use_after_delay,compositional_failure_chain,subgoal_corruption_shift,2,0.622829,0.819202,0.510525,0.797568,0.696256,0.289692,0.45056,0.50027
tool_use_after_delay,compositional_failure_chain,subgoal_corruption_shift,3,0.622829,0.819202,0.510525,0.797568,0.696256,0.289692,0.45056,0.50027
tool_use_after_delay,compositional_failure_chain,subgoal_corruption_shift,4,0.622829,0.819202,0.510525,0.797568,0.696256,0.289692,0.45056,0.50027
tool_use_after_delay,compositional_failure_chain,subgoal_corruption_shift,5,0.622829,0.819202,0.510525,0.797568,0.696256,0.289692,0.45056,0.50027
tool_use_after_delay,compositional_failure_chain,subgoal_corruption_shift,6,0.622829,0.819202,0.510525,0.797568,0.696256,0.289692,0.45056,0.50027
tool_use_after_delay,compositional_failure_chain,subgoal_corruption_shift,7,0.622829,0.819202,0.510525,0.797568,0.696256,0.289692,0.45056,0.50027
tool_use_after_delay,compositional_failure_chain,subgoal_corruption_shift,8,0.622829,0.819202,0.510525,0.797568,0.696256,0.289692,0.45056,0.50027
tool_use_after_delay,compositional_failure_chain,subgoal_corruption_shift,9,0.622829,0.819202,0.510525,0.797568,0.696256,0.289692,0.45056,0.50027
tool_use_after_delay,compositional_failure_chain,delayed_observation_shift,0,0.675101,0.709603,0.551906,0.970368,0.771248,0.413244,0.502784,0.543547
tool_use_after_delay,compositional_failure_chain,delayed_observation_shift,1,0.675101,0.709603,0.551906,0.970368,0.771248,0.413244,0.502784,0.543547
tool_use_after_delay,compositional_failure_chain,delayed_observation_shift,2,0.675101,0.709603,0.551906,0.970368,0.771248,0.413244,0.502784,0.543547
tool_use_after_delay,compositional_failure_chain,delayed_observation_shift,3,0.675101,0.709603,0.551906,0.970368,0.771248,0.413244,0.502784,0.543547
tool_use_after_delay,compositional_failure_chain,delayed_observation_shift,4,0.675101,0.709603,0.551906,0.970368,0.771248,0.413244,0.502784,0.543547
tool_use_after_delay,compositional_failure_chain,delayed_observation_shift,5,0.675101,0.709603,0.551906,0.970368,0.771248,0.413244,0.502784,0.543547
tool_use_after_delay,compositional_failure_chain,delayed_observation_shift,6,0.675101,0.709603,0.551906,0.970368,0.771248,0.413244,0.502784,0.543547
tool_use_after_delay,compositional_failure_chain,delayed_observation_shift,7,0.675101,0.709603,0.551906,0.970368,0.771248,0.413244,0.502784,0.543547
tool_use_after_delay,compositional_failure_chain,delayed_observation_shift,8,0.675101,0.709603,0.551906,0.970368,0.771248,0.413244,0.502784,0.543547
tool_use_after_delay,compositional_failure_chain,delayed_observation_shift,9,0.675101,0.709603,0.551906,0.970368,0.771248,0.413244,0.502784,0.543547
tool_use_after_delay,compositional_failure_chain,false_halt_shift,0,0.680486,0.65821,0.517007,0.801024,0.714144,0.30654,0.687104,0.49439
tool_use_after_delay,compositional_failure_chain,false_halt_shift,1,0.680486,0.65821,0.517007,0.801024,0.714144,0.30654,0.687104,0.49439
tool_use_after_delay,compositional_failure_chain,false_halt_shift,2,0.680486,0.65821,0.517007,0.801024,0.714144,0.30654,0.687104,0.49439
tool_use_after_delay,compositional_failure_chain,false_halt_shift,3,0.680486,0.65821,0.517007,0.801024,0.714144,0.30654,0.687104,0.49439
tool_use_after_delay,compositional_failure_chain,false_halt_shift,4,0.680486,0.65821,0.517007,0.801024,0.714144,0.30654,0.687104,0.49439
tool_use_after_delay,compositional_failure_chain,false_halt_shift,5,0.680486,0.65821,0.517007,0.801024,0.714144,0.30654,0.687104,0.49439
tool_use_after_delay,compositional_failure_chain,false_halt_shift,6,0.680486,0.65821,0.517007,0.801024,0.714144,0.30654,0.687104,0.49439
tool_use_after_delay,compositional_failure_chain,false_halt_shift,7,0.680486,0.65821,0.517007,0.801024,0.714144,0.30654,0.687104,0.49439
tool_use_after_delay,compositional_failure_chain,false_halt_shift,8,0.680486,0.65821,0.517007,0.801024,0.714144,0.30654,0.687104,0.49439
tool_use_after_delay,compositional_failure_chain,false_halt_shift,9,0.680486,0.65821,0.517007,0.801024,0.714144,0.30654,0.687104,0.49439
tool_use_after_delay,compositional_failure_chain,budget_exhaustion_shift,0,0.757786,0.75109,0.578828,0.973824,0.951504,0.358488,0.544768,0.579298
tool_use_after_delay,compositional_failure_chain,budget_exhaustion_shift,1,0.757786,0.75109,0.578828,0.973824,0.951504,0.358488,0.544768,0.579298
tool_use_after_delay,compositional_failure_chain,budget_exhaustion_shift,2,0.757786,0.75109,0.578828,0.973824,0.951504,0.358488,0.544768,0.579298
tool_use_after_delay,compositional_failure_chain,budget_exhaustion_shift,3,0.757786,0.75109,0.578828,0.973824,0.951504,0.358488,0.544768,0.579298
tool_use_after_delay,compositional_failure_chain,budget_exhaustion_shift,4,0.757786,0.75109,0.578828,0.973824,0.951504,0.358488,0.544768,0.579298
tool_use_after_delay,compositional_failure_chain,budget_exhaustion_shift,5,0.757786,0.75109,0.578828,0.973824,0.951504,0.358488,0.544768,0.579298
tool_use_after_delay,compositional_failure_chain,budget_exhaustion_shift,6,0.757786,0.75109,0.578828,0.973824,0.951504,0.358488,0.544768,0.579298
tool_use_after_delay,compositional_failure_chain,budget_exhaustion_shift,7,0.757786,0.75109,0.578828,0.973824,0.951504,0.358488,0.544768,0.579298
tool_use_after_delay,compositional_failure_chain,budget_exhaustion_shift,8,0.757786,0.75109,0.578828,0.973824,0.951504,0.358488,0.544768,0.579298
tool_use_after_delay,compositional_failure_chain,budget_exhaustion_shift,9,0.757786,0.75109,0.578828,0.973824,0.951504,0.358488,0.544768,0.579298
tool_use_after_delay,compositional_failure_chain,cross_level_cascade_shift,0,0.832234,0.824774,0.651119,1.0,0.881328,0.375336,0.572416,0.667968
tool_use_after_delay,compositional_failure_chain,cross_level_cascade_shift,1,0.832234,0.824774,0.651119,1.0,0.881328,0.375336,0.572416,0.667968
tool_use_after_delay,compositional_failure_chain,cross_level_cascade_shift,2,0.832234,0.824774,0.651119,1.0,0.881328,0.375336,0.572416,0.667968
tool_use_after_delay,compositional_failure_chain,cross_level_cascade_shift,3,0.832234,0.824774,0.651119,1.0,0.881328,0.375336,0.572416,0.667968
tool_use_after_delay,compositional_failure_chain,cross_level_cascade_shift,4,0.832234,0.824774,0.651119,1.0,0.881328,0.375336,0.572416,0.667968
tool_use_after_delay,compositional_failure_chain,cross_level_cascade_shift,5,0.832234,0.824774,0.651119,1.0,0.881328,0.375336,0.572416,0.667968
tool_use_after_delay,compositional_failure_chain,cross_level_cascade_shift,6,0.832234,0.824774,0.651119,1.0,0.881328,0.375336,0.572416,0.667968
tool_use_after_delay,compositional_failure_chain,cross_level_cascade_shift,7,0.832234,0.824774,0.651119,1.0,0.881328,0.375336,0.572416,0.667968
tool_use_after_delay,compositional_failure_chain,cross_level_cascade_shift,8,0.832234,0.824774,0.651119,1.0,0.881328,0.375336,0.572416,0.667968
tool_use_after_delay,compositional_failure_chain,cross_level_cascade_shift,9,0.832234,0.824774,0.651119,1.0,0.881328,0.375336,0.572416,0.667968
tool_use_after_delay,compositional_failure_chain,combined_extreme,0,0.885139,0.870595,0.694494,1.0,0.968016,0.41886,0.6656,0.688666
tool_use_after_delay,compositional_failure_chain,combined_extreme,1,0.885139,0.870595,0.694494,1.0,0.968016,0.41886,0.6656,0.688666
tool_use_after_delay,compositional_failure_chain,combined_extreme,2,0.885139,0.870595,0.694494,1.0,0.968016,0.41886,0.6656,0.688666
tool_use_after_delay,compositional_failure_chain,combined_extreme,3,0.885139,0.870595,0.694494,1.0,0.968016,0.41886,0.6656,0.688666
tool_use_after_delay,compositional_failure_chain,combined_extreme,4,0.885139,0.870595,0.694494,1.0,0.968016,0.41886,0.6656,0.688666
tool_use_after_delay,compositional_failure_chain,combined_extreme,5,0.885139,0.870595,0.694494,1.0,0.968016,0.41886,0.6656,0.688666
tool_use_after_delay,compositional_failure_chain,combined_extreme,6,0.885139,0.870595,0.694494,1.0,0.968016,0.41886,0.6656,0.688666
tool_use_after_delay,compositional_failure_chain,combined_extreme,7,0.885139,0.870595,0.694494,1.0,0.968016,0.41886,0.6656,0.688666
tool_use_after_delay,compositional_failure_chain,combined_extreme,8,0.885139,0.870595,0.694494,1.0,0.968016,0.41886,0.6656,0.688666
tool_use_after_delay,compositional_failure_chain,combined_extreme,9,0.885139,0.870595,0.694494,1.0,0.968016,0.41886,0.6656,0.688666
multi_stage_assembly,low_level_skill_anomaly,nominal,0,0.529567,0.142572,0.09373,0.141936,0.18564,0.07056,0.11528,0.205565
multi_stage_assembly,low_level_skill_anomaly,nominal,1,0.529567,0.142572,0.09373,0.141936,0.18564,0.07056,0.11528,0.205565
multi_stage_assembly,low_level_skill_anomaly,nominal,2,0.529567,0.142572,0.09373,0.141936,0.18564,0.07056,0.11528,0.205565
multi_stage_assembly,low_level_skill_anomaly,nominal,3,0.529567,0.142572,0.09373,0.141936,0.18564,0.07056,0.11528,0.205565
multi_stage_assembly,low_level_skill_anomaly,nominal,4,0.529567,0.142572,0.09373,0.141936,0.18564,0.07056,0.11528,0.205565
multi_stage_assembly,low_level_skill_anomaly,nominal,5,0.529567,0.142572,0.09373,0.141936,0.18564,0.07056,0.11528,0.205565
multi_stage_assembly,low_level_skill_anomaly,nominal,6,0.529567,0.142572,0.09373,0.141936,0.18564,0.07056,0.11528,0.205565
multi_stage_assembly,low_level_skill_anomaly,nominal,7,0.529567,0.142572,0.09373,0.141936,0.18564,0.07056,0.11528,0.205565
multi_stage_assembly,low_level_skill_anomaly,nominal,8,0.529567,0.142572,0.09373,0.141936,0.18564,0.07056,0.11528,0.205565
multi_stage_assembly,low_level_skill_anomaly,nominal,9,0.529567,0.142572,0.09373,0.141936,0.18564,0.07056,0.11528,0.205565
multi_stage_assembly,low_level_skill_anomaly,local_anomaly_shift,0,0.911462,0.179712,0.114065,0.17088,0.252144,0.089188,0.144672,0.260941
multi_stage_assembly,low_level_skill_anomaly,local_anomaly_shift,1,0.911462,0.179712,0.114065,0.17088,0.252144,0.089188,0.144672,0.260941
multi_stage_assembly,low_level_skill_anomaly,local_anomaly_shift,2,0.911462,0.179712,0.114065,0.17088,0.252144,0.089188,0.144672,0.260941
multi_stage_assembly,low_level_skill_anomaly,local_anomaly_shift,3,0.911462,0.179712,0.114065,0.17088,0.252144,0.089188,0.144672,0.260941
multi_stage_assembly,low_level_skill_anomaly,local_anomaly_shift,4,0.911462,0.179712,0.114065,0.17088,0.252144,0.089188,0.144672,0.260941
multi_stage_assembly,low_level_skill_anomaly,local_anomaly_shift,5,0.911462,0.179712,0.114065,0.17088,0.252144,0.089188,0.144672,0.260941
multi_stage_assembly,low_level_skill_anomaly,local_anomaly_shift,6,0.911462,0.179712,0.114065,0.17088,0.252144,0.089188,0.144672,0.260941
multi_stage_assembly,low_level_skill_anomaly,local_anomaly_shift,7,0.911462,0.179712,0.114065,0.17088,0.252144,0.089188,0.144672,0.260941
multi_stage_assembly,low_level_skill_anomaly,local_anomaly_shift,8,0.911462,0.179712,0.114065,0.17088,0.252144,0.089188,0.144672,0.260941
multi_stage_assembly,low_level_skill_anomaly,local_anomaly_shift,9,0.911462,0.179712,0.114065,0.17088,0.252144,0.089188,0.144672,0.260941
multi_stage_assembly,low_level_skill_anomaly,subgoal_corruption_shift,0,0.694548,0.264177,0.13566,0.199392,0.275264,0.099832,0.15488,0.29744
multi_stage_assembly,low_level_skill_anomaly,subgoal_corruption_shift,1,0.694548,0.264177,0.13566,0.199392,0.275264,0.099832,0.15488,0.29744
multi_stage_assembly,low_level_skill_anomaly,subgoal_corruption_shift,2,0.694548,0.264177,0.13566,0.199392,0.275264,0.099832,0.15488,0.29744
multi_stage_assembly,low_level_skill_anomaly,subgoal_corruption_shift,3,0.694548,0.264177,0.13566,0.199392,0.275264,0.099832,0.15488,0.29744
multi_stage_assembly,low_level_skill_anomaly,subgoal_corruption_shift,4,0.694548,0.264177,0.13566,0.199392,0.275264,0.099832,0.15488,0.29744
multi_stage_assembly,low_level_skill_anomaly,subgoal_corruption_shift,5,0.694548,0.264177,0.13566,0.199392,0.275264,0.099832,0.15488,0.29744
multi_stage_assembly,low_level_skill_anomaly,subgoal_corruption_shift,6,0.694548,0.264177,0.13566,0.199392,0.275264,0.099832,0.15488,0.29744
multi_stage_assembly,low_level_skill_anomaly,subgoal_corruption_shift,7,0.694548,0.264177,0.13566,0.199392,0.275264,0.099832,0.15488,0.29744
multi_stage_assembly,low_level_skill_anomaly,subgoal_corruption_shift,8,0.694548,0.264177,0.13566,0.199392,0.275264,0.099832,0.15488,0.29744
multi_stage_assembly,low_level_skill_anomaly,subgoal_corruption_shift,9,0.694548,0.264177,0.13566,0.199392,0.275264,0.099832,0.15488,0.29744
multi_stage_assembly,low_level_skill_anomaly,delayed_observation_shift,0,0.75284,0.228833,0.146655,0.242592,0.304912,0.14241,0.172832,0.32317
multi_stage_assembly,low_level_skill_anomaly,delayed_observation_shift,1,0.75284,0.228833,0.146655,0.242592,0.304912,0.14241,0.172832,0.32317
multi_stage_assembly,low_level_skill_anomaly,delayed_observation_shift,2,0.75284,0.228833,0.146655,0.242592,0.304912,0.14241,0.172832,0.32317
multi_stage_assembly,low_level_skill_anomaly,delayed_observation_shift,3,0.75284,0.228833,0.146655,0.242592,0.304912,0.14241,0.172832,0.32317
multi_stage_assembly,low_level_skill_anomaly,delayed_observation_shift,4,0.75284,0.228833,0.146655,0.242592,0.304912,0.14241,0.172832,0.32317
multi_stage_assembly,low_level_skill_anomaly,delayed_observation_shift,5,0.75284,0.228833,0.146655,0.242592,0.304912,0.14241,0.172832,0.32317
multi_stage_assembly,low_level_skill_anomaly,delayed_observation_shift,6,0.75284,0.228833,0.146655,0.242592,0.304912,0.14241,0.172832,0.32317
multi_stage_assembly,low_level_skill_anomaly,delayed_observation_shift,7,0.75284,0.228833,0.146655,0.242592,0.304912,0.14241,0.172832,0.32317
multi_stage_assembly,low_level_skill_anomaly,delayed_observation_shift,8,0.75284,0.228833,0.146655,0.242592,0.304912,0.14241,0.172832,0.32317
multi_stage_assembly,low_level_skill_anomaly,delayed_observation_shift,9,0.75284,0.228833,0.146655,0.242592,0.304912,0.14241,0.172832,0.32317
multi_stage_assembly,low_level_skill_anomaly,false_halt_shift,0,0.758845,0.21226,0.137382,0.200256,0.282336,0.105638,0.236192,0.293944
multi_stage_assembly,low_level_skill_anomaly,false_halt_shift,1,0.758845,0.21226,0.137382,0.200256,0.282336,0.105638,0.236192,0.293944
multi_stage_assembly,low_level_skill_anomaly,false_halt_shift,2,0.758845,0.21226,0.137382,0.200256,0.282336,0.105638,0.236192,0.293944
multi_stage_assembly,low_level_skill_anomaly,false_halt_shift,3,0.758845,0.21226,0.137382,0.200256,0.282336,0.105638,0.236192,0.293944
multi_stage_assembly,low_level_skill_anomaly,false_halt_shift,4,0.758845,0.21226,0.137382,0.200256,0.282336,0.105638,0.236192,0.293944
multi_stage_assembly,low_level_skill_anomaly,false_halt_shift,5,0.758845,0.21226,0.137382,0.200256,0.282336,0.105638,0.236192,0.293944
multi_stage_assembly,low_level_skill_anomaly,false_halt_shift,6,0.758845,0.21226,0.137382,0.200256,0.282336,0.105638,0.236192,0.293944
multi_stage_assembly,low_level_skill_anomaly,false_halt_shift,7,0.758845,0.21226,0.137382,0.200256,0.282336,0.105638,0.236192,0.293944
multi_stage_assembly,low_level_skill_anomaly,false_halt_shift,8,0.758845,0.21226,0.137382,0.200256,0.282336,0.105638,0.236192,0.293944
multi_stage_assembly,low_level_skill_anomaly,false_halt_shift,9,0.758845,0.21226,0.137382,0.200256,0.282336,0.105638,0.236192,0.293944
multi_stage_assembly,low_level_skill_anomaly,budget_exhaustion_shift,0,0.845046,0.242212,0.153809,0.243456,0.376176,0.12354,0.187264,0.344426
multi_stage_assembly,low_level_skill_anomaly,budget_exhaustion_shift,1,0.845046,0.242212,0.153809,0.243456,0.376176,0.12354,0.187264,0.344426
multi_stage_assembly,low_level_skill_anomaly,budget_exhaustion_shift,2,0.845046,0.242212,0.153809,0.243456,0.376176,0.12354,0.187264,0.344426
multi_stage_assembly,low_level_skill_anomaly,budget_exhaustion_shift,3,0.845046,0.242212,0.153809,0.243456,0.376176,0.12354,0.187264,0.344426
multi_stage_assembly,low_level_skill_anomaly,budget_exhaustion_shift,4,0.845046,0.242212,0.153809,0.243456,0.376176,0.12354,0.187264,0.344426
multi_stage_assembly,low_level_skill_anomaly,budget_exhaustion_shift,5,0.845046,0.242212,0.153809,0.243456,0.376176,0.12354,0.187264,0.344426
multi_stage_assembly,low_level_skill_anomaly,budget_exhaustion_shift,6,0.845046,0.242212,0.153809,0.243456,0.376176,0.12354,0.187264,0.344426
multi_stage_assembly,low_level_skill_anomaly,budget_exhaustion_shift,7,0.845046,0.242212,0.153809,0.243456,0.376176,0.12354,0.187264,0.344426
multi_stage_assembly,low_level_skill_anomaly,budget_exhaustion_shift,8,0.845046,0.242212,0.153809,0.243456,0.376176,0.12354,0.187264,0.344426
multi_stage_assembly,low_level_skill_anomaly,budget_exhaustion_shift,9,0.845046,0.242212,0.153809,0.243456,0.376176,0.12354,0.187264,0.344426
multi_stage_assembly,low_level_skill_anomaly,cross_level_cascade_shift,0,0.928067,0.265974,0.173019,0.282336,0.348432,0.129347,0.196768,0.397146
multi_stage_assembly,low_level_skill_anomaly,cross_level_cascade_shift,1,0.928067,0.265974,0.173019,0.282336,0.348432,0.129347,0.196768,0.397146
multi_stage_assembly,low_level_skill_anomaly,cross_level_cascade_shift,2,0.928067,0.265974,0.173019,0.282336,0.348432,0.129347,0.196768,0.397146
multi_stage_assembly,low_level_skill_anomaly,cross_level_cascade_shift,3,0.928067,0.265974,0.173019,0.282336,0.348432,0.129347,0.196768,0.397146
multi_stage_assembly,low_level_skill_anomaly,cross_level_cascade_shift,4,0.928067,0.265974,0.173019,0.282336,0.348432,0.129347,0.196768,0.397146
multi_stage_assembly,low_level_skill_anomaly,cross_level_cascade_shift,5,0.928067,0.265974,0.173019,0.282336,0.348432,0.129347,0.196768,0.397146
multi_stage_assembly,low_level_skill_anomaly,cross_level_cascade_shift,6,0.928067,0.265974,0.173019,0.282336,0.348432,0.129347,0.196768,0.397146
multi_stage_assembly,low_level_skill_anomaly,cross_level_cascade_shift,7,0.928067,0.265974,0.173019,0.282336,0.348432,0.129347,0.196768,0.397146
multi_stage_assembly,low_level_skill_anomaly,cross_level_cascade_shift,8,0.928067,0.265974,0.173019,0.282336,0.348432,0.129347,0.196768,0.397146
multi_stage_assembly,low_level_skill_anomaly,cross_level_cascade_shift,9,0.928067,0.265974,0.173019,0.282336,0.348432,0.129347,0.196768,0.397146
multi_stage_assembly,low_level_skill_anomaly,combined_extreme,0,0.987064,0.28075,0.184545,0.29184,0.382704,0.144346,0.2288,0.409452
multi_stage_assembly,low_level_skill_anomaly,combined_extreme,1,0.987064,0.28075,0.184545,0.29184,0.382704,0.144346,0.2288,0.409452
multi_stage_assembly,low_level_skill_anomaly,combined_extreme,2,0.987064,0.28075,0.184545,0.29184,0.382704,0.144346,0.2288,0.409452
multi_stage_assembly,low_level_skill_anomaly,combined_extreme,3,0.987064,0.28075,0.184545,0.29184,0.382704,0.144346,0.2288,0.409452
multi_stage_assembly,low_level_skill_anomaly,combined_extreme,4,0.987064,0.28075,0.184545,0.29184,0.382704,0.144346,0.2288,0.409452
multi_stage_assembly,low_level_skill_anomaly,combined_extreme,5,0.987064,0.28075,0.184545,0.29184,0.382704,0.144346,0.2288,0.409452
multi_stage_assembly,low_level_skill_anomaly,combined_extreme,6,0.987064,0.28075,0.184545,0.29184,0.382704,0.144346,0.2288,0.409452
multi_stage_assembly,low_level_skill_anomaly,combined_extreme,7,0.987064,0.28075,0.184545,0.29184,0.382704,0.144346,0.2288,0.409452
multi_stage_assembly,low_level_skill_anomaly,combined_extreme,8,0.987064,0.28075,0.184545,0.29184,0.382704,0.144346,0.2288,0.409452
multi_stage_assembly,low_level_skill_anomaly,combined_extreme,9,0.987064,0.28075,0.184545,0.29184,0.382704,0.144346,0.2288,0.409452
multi_stage_assembly,mid_level_subgoal_corruption,nominal,0,0.264783,0.493517,0.197874,0.260216,0.25116,0.09996,0.14672,0.232378
multi_stage_assembly,mid_level_subgoal_corruption,nominal,1,0.264783,0.493517,0.197874,0.260216,0.25116,0.09996,0.14672,0.232378
multi_stage_assembly,mid_level_subgoal_corruption,nominal,2,0.264783,0.493517,0.197874,0.260216,0.25116,0.09996,0.14672,0.232378
multi_stage_assembly,mid_level_subgoal_corruption,nominal,3,0.264783,0.493517,0.197874,0.260216,0.25116,0.09996,0.14672,0.232378
multi_stage_assembly,mid_level_subgoal_corruption,nominal,4,0.264783,0.493517,0.197874,0.260216,0.25116,0.09996,0.14672,0.232378
multi_stage_assembly,mid_level_subgoal_corruption,nominal,5,0.264783,0.493517,0.197874,0.260216,0.25116,0.09996,0.14672,0.232378
multi_stage_assembly,mid_level_subgoal_corruption,nominal,6,0.264783,0.493517,0.197874,0.260216,0.25116,0.09996,0.14672,0.232378
multi_stage_assembly,mid_level_subgoal_corruption,nominal,7,0.264783,0.493517,0.197874,0.260216,0.25116,0.09996,0.14672,0.232378
multi_stage_assembly,mid_level_subgoal_corruption,nominal,8,0.264783,0.493517,0.197874,0.260216,0.25116,0.09996,0.14672,0.232378
multi_stage_assembly,mid_level_subgoal_corruption,nominal,9,0.264783,0.493517,0.197874,0.260216,0.25116,0.09996,0.14672,0.232378
multi_stage_assembly,mid_level_subgoal_corruption,local_anomaly_shift,0,0.455731,0.62208,0.240804,0.31328,0.341136,0.126349,0.184128,0.294977
multi_stage_assembly,mid_level_subgoal_corruption,local_anomaly_shift,1,0.455731,0.62208,0.240804,0.31328,0.341136,0.126349,0.184128,0.294977
multi_stage_assembly,mid_level_subgoal_corruption,local_anomaly_shift,2,0.455731,0.62208,0.240804,0.31328,0.341136,0.126349,0.184128,0.294977
multi_stage_assembly,mid_level_subgoal_corruption,local_anomaly_shift,3,0.455731,0.62208,0.240804,0.31328,0.341136,0.126349,0.184128,0.294977
multi_stage_assembly,mid_level_subgoal_corruption,local_anomaly_shift,4,0.455731,0.62208,0.240804,0.31328,0.341136,0.126349,0.184128,0.294977
multi_stage_assembly,mid_level_subgoal_corruption,local_anomaly_shift,5,0.455731,0.62208,0.240804,0.31328,0.341136,0.126349,0.184128,0.294977
multi_stage_assembly,mid_level_subgoal_corruption,local_anomaly_shift,6,0.455731,0.62208,0.240804,0.31328,0.341136,0.126349,0.184128,0.294977
multi_stage_assembly,mid_level_subgoal_corruption,local_anomaly_shift,7,0.455731,0.62208,0.240804,0.31328,0.341136,0.126349,0.184128,0.294977
multi_stage_assembly,mid_level_subgoal_corruption,local_anomaly_shift,8,0.455731,0.62208,0.240804,0.31328,0.341136,0.126349,0.184128,0.294977
multi_stage_assembly,mid_level_subgoal_corruption,local_anomaly_shift,9,0.455731,0.62208,0.240804,0.31328,0.341136,0.126349,0.184128,0.294977
multi_stage_assembly,mid_level_subgoal_corruption,subgoal_corruption_shift,0,0.347274,0.914458,0.286392,0.365552,0.372416,0.141429,0.19712,0.336236
multi_stage_assembly,mid_level_subgoal_corruption,subgoal_corruption_shift,1,0.347274,0.914458,0.286392,0.365552,0.372416,0.141429,0.19712,0.336236
multi_stage_assembly,mid_level_subgoal_corruption,subgoal_corruption_shift,2,0.347274,0.914458,0.286392,0.365552,0.372416,0.141429,0.19712,0.336236
multi_stage_assembly,mid_level_subgoal_corruption,subgoal_corruption_shift,3,0.347274,0.914458,0.286392,0.365552,0.372416,0.141429,0.19712,0.336236
multi_stage_assembly,mid_level_subgoal_corruption,subgoal_corruption_shift,4,0.347274,0.914458,0.286392,0.365552,0.372416,0.141429,0.19712,0.336236
multi_stage_assembly,mid_level_subgoal_corruption,subgoal_corruption_shift,5,0.347274,0.914458,0.286392,0.365552,0.372416,0.141429,0.19712,0.336236
multi_stage_assembly,mid_level_subgoal_corruption,subgoal_corruption_shift,6,0.347274,0.914458,0.286392,0.365552,0.372416,0.141429,0.19712,0.336236
multi_stage_assembly,mid_level_subgoal_corruption,subgoal_corruption_shift,7,0.347274,0.914458,0.286392,0.365552,0.372416,0.141429,0.19712,0.336236
multi_stage_assembly,mid_level_subgoal_corruption,subgoal_corruption_shift,8,0.347274,0.914458,0.286392,0.365552,0.372416,0.141429,0.19712,0.336236
multi_stage_assembly,mid_level_subgoal_corruption,subgoal_corruption_shift,9,0.347274,0.914458,0.286392,0.365552,0.372416,0.141429,0.19712,0.336236
multi_stage_assembly,mid_level_subgoal_corruption,delayed_observation_shift,0,0.37642,0.792115,0.309606,0.444752,0.412528,0.201748,0.219968,0.365323
multi_stage_assembly,mid_level_subgoal_corruption,delayed_observation_shift,1,0.37642,0.792115,0.309606,0.444752,0.412528,0.201748,0.219968,0.365323
multi_stage_assembly,mid_level_subgoal_corruption,delayed_observation_shift,2,0.37642,0.792115,0.309606,0.444752,0.412528,0.201748,0.219968,0.365323
multi_stage_assembly,mid_level_subgoal_corruption,delayed_observation_shift,3,0.37642,0.792115,0.309606,0.444752,0.412528,0.201748,0.219968,0.365323
multi_stage_assembly,mid_level_subgoal_corruption,delayed_observation_shift,4,0.37642,0.792115,0.309606,0.444752,0.412528,0.201748,0.219968,0.365323
multi_stage_assembly,mid_level_subgoal_corruption,delayed_observation_shift,5,0.37642,0.792115,0.309606,0.444752,0.412528,0.201748,0.219968,0.365323
multi_stage_assembly,mid_level_subgoal_corruption,delayed_observation_shift,6,0.37642,0.792115,0.309606,0.444752,0.412528,0.201748,0.219968,0.365323
multi_stage_assembly,mid_level_subgoal_corruption,delayed_observation_shift,7,0.37642,0.792115,0.309606,0.444752,0.412528,0.201748,0.219968,0.365323
multi_stage_assembly,mid_level_subgoal_corruption,delayed_observation_shift,8,0.37642,0.792115,0.309606,0.444752,0.412528,0.201748,0.219968,0.365323
multi_stage_assembly,mid_level_subgoal_corruption,delayed_observation_shift,9,0.37642,0.792115,0.309606,0.444752,0.412528,0.201748,0.219968,0.365323
multi_stage_assembly,mid_level_subgoal_corruption,false_halt_shift,0,0.379423,0.734746,0.290028,0.367136,0.381984,0.149654,0.300608,0.332284
multi_stage_assembly,mid_level_subgoal_corruption,false_halt_shift,1,0.379423,0.734746,0.290028,0.367136,0.381984,0.149654,0.300608,0.332284
multi_stage_assembly,mid_level_subgoal_corruption,false_halt_shift,2,0.379423,0.734746,0.290028,0.367136,0.381984,0.149654,0.300608,0.332284
multi_stage_assembly,mid_level_subgoal_corruption,false_halt_shift,3,0.379423,0.734746,0.290028,0.367136,0.381984,0.149654,0.300608,0.332284
multi_stage_assembly,mid_level_subgoal_corruption,false_halt_shift,4,0.379423,0.734746,0.290028,0.367136,0.381984,0.149654,0.300608,0.332284
multi_stage_assembly,mid_level_subgoal_corruption,false_halt_shift,5,0.379423,0.734746,0.290028,0.367136,0.381984,0.149654,0.300608,0.332284
multi_stage_assembly,mid_level_subgoal_corruption,false_halt_shift,6,0.379423,0.734746,0.290028,0.367136,0.381984,0.149654,0.300608,0.332284
multi_stage_assembly,mid_level_subgoal_corruption,false_halt_shift,7,0.379423,0.734746,0.290028,0.367136,0.381984,0.149654,0.300608,0.332284
multi_stage_assembly,mid_level_subgoal_corruption,false_halt_shift,8,0.379423,0.734746,0.290028,0.367136,0.381984,0.149654,0.300608,0.332284
multi_stage_assembly,mid_level_subgoal_corruption,false_halt_shift,9,0.379423,0.734746,0.290028,0.367136,0.381984,0.149654,0.300608,0.332284
multi_stage_assembly,mid_level_subgoal_corruption,budget_exhaustion_shift,0,0.422523,0.838426,0.324708,0.446336,0.508944,0.175016,0.238336,0.389351
multi_stage_assembly,mid_level_subgoal_corruption,budget_exhaustion_shift,1,0.422523,0.838426,0.324708,0.446336,0.508944,0.175016,0.238336,0.389351
multi_stage_assembly,mid_level_subgoal_corruption,budget_exhaustion_shift,2,0.422523,0.838426,0.324708,0.446336,0.508944,0.175016,0.238336,0.389351
multi_stage_assembly,mid_level_subgoal_corruption,budget_exhaustion_shift,3,0.422523,0.838426,0.324708,0.446336,0.508944,0.175016,0.238336,0.389351
multi_stage_assembly,mid_level_subgoal_corruption,budget_exhaustion_shift,4,0.422523,0.838426,0.324708,0.446336,0.508944,0.175016,0.238336,0.389351
multi_stage_assembly,mid_level_subgoal_corruption,budget_exhaustion_shift,5,0.422523,0.838426,0.324708,0.446336,0.508944,0.175016,0.238336,0.389351
multi_stage_assembly,mid_level_subgoal_corruption,budget_exhaustion_shift,6,0.422523,0.838426,0.324708,0.446336,0.508944,0.175016,0.238336,0.389351
multi_stage_assembly,mid_level_subgoal_corruption,budget_exhaustion_shift,7,0.422523,0.838426,0.324708,0.446336,0.508944,0.175016,0.238336,0.389351
multi_stage_assembly,mid_level_subgoal_corruption,budget_exhaustion_shift,8,0.422523,0.838426,0.324708,0.446336,0.508944,0.175016,0.238336,0.389351
multi_stage_assembly,mid_level_subgoal_corruption,budget_exhaustion_shift,9,0.422523,0.838426,0.324708,0.446336,0.508944,0.175016,0.238336,0.389351
multi_stage_assembly,mid_level_subgoal_corruption,cross_level_cascade_shift,0,0.464033,0.920678,0.365262,0.517616,0.471408,0.183241,0.250432,0.448947
multi_stage_assembly,mid_level_subgoal_corruption,cross_level_cascade_shift,1,0.464033,0.920678,0.365262,0.517616,0.471408,0.183241,0.250432,0.448947
multi_stage_assembly,mid_level_subgoal_corruption,cross_level_cascade_shift,2,0.464033,0.920678,0.365262,0.517616,0.471408,0.183241,0.250432,0.448947
multi_stage_assembly,mid_level_subgoal_corruption,cross_level_cascade_shift,3,0.464033,0.920678,0.365262,0.517616,0.471408,0.183241,0.250432,0.448947
multi_stage_assembly,mid_level_subgoal_corruption,cross_level_cascade_shift,4,0.464033,0.920678,0.365262,0.517616,0.471408,0.183241,0.250432,0.448947
multi_stage_assembly,mid_level_subgoal_corruption,cross_level_cascade_shift,5,0.464033,0.920678,0.365262,0.517616,0.471408,0.183241,0.250432,0.448947
multi_stage_assembly,mid_level_subgoal_corruption,cross_level_cascade_shift,6,0.464033,0.920678,0.365262,0.517616,0.471408,0.183241,0.250432,0.448947
multi_stage_assembly,mid_level_subgoal_corruption,cross_level_cascade_shift,7,0.464033,0.920678,0.365262,0.517616,0.471408,0.183241,0.250432,0.448947
multi_stage_assembly,mid_level_subgoal_corruption,cross_level_cascade_shift,8,0.464033,0.920678,0.365262,0.517616,0.471408,0.183241,0.250432,0.448947
multi_stage_assembly,mid_level_subgoal_corruption,cross_level_cascade_shift,9,0.464033,0.920678,0.365262,0.517616,0.471408,0.183241,0.250432,0.448947
multi_stage_assembly,mid_level_subgoal_corruption,combined_extreme,0,0.493532,0.971827,0.389594,0.53504,0.517776,0.20449,0.2912,0.462858
multi_stage_assembly,mid_level_subgoal_corruption,combined_extreme,1,0.493532,0.971827,0.389594,0.53504,0.517776,0.20449,0.2912,0.462858
multi_stage_assembly,mid_level_subgoal_corruption,combined_extreme,2,0.493532,0.971827,0.389594,0.53504,0.517776,0.20449,0.2912,0.462858
multi_stage_assembly,mid_level_subgoal_corruption,combined_extreme,3,0.493532,0.971827,0.389594,0.53504,0.517776,0.20449,0.2912,0.462858
multi_stage_assembly,mid_level_subgoal_corruption,combined_extreme,4,0.493532,0.971827,0.389594,0.53504,0.517776,0.20449,0.2912,0.462858
multi_stage_assembly,mid_level_subgoal_corruption,combined_extreme,5,0.493532,0.971827,0.389594,0.53504,0.517776,0.20449,0.2912,0.462858
multi_stage_assembly,mid_level_subgoal_corruption,combined_extreme,6,0.493532,0.971827,0.389594,0.53504,0.517776,0.20449,0.2912,0.462858
multi_stage_assembly,mid_level_subgoal_corruption,combined_extreme,7,0.493532,0.971827,0.389594,0.53504,0.517776,0.20449,0.2912,0.462858
multi_stage_assembly,mid_level_subgoal_corruption,combined_extreme,8,0.493532,0.971827,0.389594,0.53504,0.517776,0.20449,0.2912,0.462858
multi_stage_assembly,mid_level_subgoal_corruption,combined_extreme,9,0.493532,0.971827,0.389594,0.53504,0.517776,0.20449,0.2912,0.462858
multi_stage_assembly,high_level_task_state_drift,nominal,0,0.195709,0.318044,0.479062,0.331184,0.28392,0.12348,0.17816,0.277066
multi_stage_assembly,high_level_task_state_drift,nominal,1,0.195709,0.318044,0.479062,0.331184,0.28392,0.12348,0.17816,0.277066
multi_stage_assembly,high_level_task_state_drift,nominal,2,0.195709,0.318044,0.479062,0.331184,0.28392,0.12348,0.17816,0.277066
multi_stage_assembly,high_level_task_state_drift,nominal,3,0.195709,0.318044,0.479062,0.331184,0.28392,0.12348,0.17816,0.277066
multi_stage_assembly,high_level_task_state_drift,nominal,4,0.195709,0.318044,0.479062,0.331184,0.28392,0.12348,0.17816,0.277066
multi_stage_assembly,high_level_task_state_drift,nominal,5,0.195709,0.318044,0.479062,0.331184,0.28392,0.12348,0.17816,0.277066
multi_stage_assembly,high_level_task_state_drift,nominal,6,0.195709,0.318044,0.479062,0.331184,0.28392,0.12348,0.17816,0.277066
multi_stage_assembly,high_level_task_state_drift,nominal,7,0.195709,0.318044,0.479062,0.331184,0.28392,0.12348,0.17816,0.277066
multi_stage_assembly,high_level_task_state_drift,nominal,8,0.195709,0.318044,0.479062,0.331184,0.28392,0.12348,0.17816,0.277066
multi_stage_assembly,high_level_task_state_drift,nominal,9,0.195709,0.318044,0.479062,0.331184,0.28392,0.12348,0.17816,0.277066
multi_stage_assembly,high_level_task_state_drift,local_anomaly_shift,0,0.336845,0.400896,0.583,0.39872,0.385632,0.156079,0.223584,0.351704
multi_stage_assembly,high_level_task_state_drift,local_anomaly_shift,1,0.336845,0.400896,0.583,0.39872,0.385632,0.156079,0.223584,0.351704
multi_stage_assembly,high_level_task_state_drift,local_anomaly_shift,2,0.336845,0.400896,0.583,0.39872,0.385632,0.156079,0.223584,0.351704
multi_stage_assembly,high_level_task_state_drift,local_anomaly_shift,3,0.336845,0.400896,0.583,0.39872,0.385632,0.156079,0.223584,0.351704
multi_stage_assembly,high_level_task_state_drift,local_anomaly_shift,4,0.336845,0.400896,0.583,0.39872,0.385632,0.156079,0.223584,0.351704
multi_stage_assembly,high_level_task_state_drift,local_anomaly_shift,5,0.336845,0.400896,0.583,0.39872,0.385632,0.156079,0.223584,0.351704
multi_stage_assembly,high_level_task_state_drift,local_anomaly_shift,6,0.336845,0.400896,0.583,0.39872,0.385632,0.156079,0.223584,0.351704
multi_stage_assembly,high_level_task_state_drift,local_anomaly_shift,7,0.336845,0.400896,0.583,0.39872,0.385632,0.156079,0.223584,0.351704
multi_stage_assembly,high_level_task_state_drift,local_anomaly_shift,8,0.336845,0.400896,0.583,0.39872,0.385632,0.156079,0.223584,0.351704
multi_stage_assembly,high_level_task_state_drift,local_anomaly_shift,9,0.336845,0.400896,0.583,0.39872,0.385632,0.156079,0.223584,0.351704
multi_stage_assembly,high_level_task_state_drift,subgoal_corruption_shift,0,0.256681,0.589317,0.693371,0.465248,0.420992,0.174707,0.23936,0.400897
multi_stage_assembly,high_level_task_state_drift,subgoal_corruption_shift,1,0.256681,0.589317,0.693371,0.465248,0.420992,0.174707,0.23936,0.400897
multi_stage_assembly,high_level_task_state_drift,subgoal_corruption_shift,2,0.256681,0.589317,0.693371,0.465248,0.420992,0.174707,0.23936,0.400897
multi_stage_assembly,high_level_task_state_drift,subgoal_corruption_shift,3,0.256681,0.589317,0.693371,0.465248,0.420992,0.174707,0.23936,0.400897
multi_stage_assembly,high_level_task_state_drift,subgoal_corruption_shift,4,0.256681,0.589317,0.693371,0.465248,0.420992,0.174707,0.23936,0.400897
multi_stage_assembly,high_level_task_state_drift,subgoal_corruption_shift,5,0.256681,0.589317,0.693371,0.465248,0.420992,0.174707,0.23936,0.400897
multi_stage_assembly,high_level_task_state_drift,subgoal_corruption_shift,6,0.256681,0.589317,0.693371,0.465248,0.420992,0.174707,0.23936,0.400897
multi_stage_assembly,high_level_task_state_drift,subgoal_corruption_shift,7,0.256681,0.589317,0.693371,0.465248,0.420992,0.174707,0.23936,0.400897
multi_stage_assembly,high_level_task_state_drift,subgoal_corruption_shift,8,0.256681,0.589317,0.693371,0.465248,0.420992,0.174707,0.23936,0.400897
multi_stage_assembly,high_level_task_state_drift,subgoal_corruption_shift,9,0.256681,0.589317,0.693371,0.465248,0.420992,0.174707,0.23936,0.400897
multi_stage_assembly,high_level_task_state_drift,delayed_observation_shift,0,0.278223,0.510474,0.749572,0.566048,0.466336,0.249218,0.267104,0.435577
multi_stage_assembly,high_level_task_state_drift,delayed_observation_shift,1,0.278223,0.510474,0.749572,0.566048,0.466336,0.249218,0.267104,0.435577
multi_stage_assembly,high_level_task_state_drift,delayed_observation_shift,2,0.278223,0.510474,0.749572,0.566048,0.466336,0.249218,0.267104,0.435577
multi_stage_assembly,high_level_task_state_drift,delayed_observation_shift,3,0.278223,0.510474,0.749572,0.566048,0.466336,0.249218,0.267104,0.435577
multi_stage_assembly,high_level_task_state_drift,delayed_observation_shift,4,0.278223,0.510474,0.749572,0.566048,0.466336,0.249218,0.267104,0.435577
multi_stage_assembly,high_level_task_state_drift,delayed_observation_shift,5,0.278223,0.510474,0.749572,0.566048,0.466336,0.249218,0.267104,0.435577
multi_stage_assembly,high_level_task_state_drift,delayed_observation_shift,6,0.278223,0.510474,0.749572,0.566048,0.466336,0.249218,0.267104,0.435577
multi_stage_assembly,high_level_task_state_drift,delayed_observation_shift,7,0.278223,0.510474,0.749572,0.566048,0.466336,0.249218,0.267104,0.435577
multi_stage_assembly,high_level_task_state_drift,delayed_observation_shift,8,0.278223,0.510474,0.749572,0.566048,0.466336,0.249218,0.267104,0.435577
multi_stage_assembly,high_level_task_state_drift,delayed_observation_shift,9,0.278223,0.510474,0.749572,0.566048,0.466336,0.249218,0.267104,0.435577
multi_stage_assembly,high_level_task_state_drift,false_halt_shift,0,0.280443,0.473503,0.702173,0.467264,0.431808,0.184867,0.365024,0.396185
multi_stage_assembly,high_level_task_state_drift,false_halt_shift,1,0.280443,0.473503,0.702173,0.467264,0.431808,0.184867,0.365024,0.396185
multi_stage_assembly,high_level_task_state_drift,false_halt_shift,2,0.280443,0.473503,0.702173,0.467264,0.431808,0.184867,0.365024,0.396185
multi_stage_assembly,high_level_task_state_drift,false_halt_shift,3,0.280443,0.473503,0.702173,0.467264,0.431808,0.184867,0.365024,0.396185
multi_stage_assembly,high_level_task_state_drift,false_halt_shift,4,0.280443,0.473503,0.702173,0.467264,0.431808,0.184867,0.365024,0.396185
multi_stage_assembly,high_level_task_state_drift,false_halt_shift,5,0.280443,0.473503,0.702173,0.467264,0.431808,0.184867,0.365024,0.396185
multi_stage_assembly,high_level_task_state_drift,false_halt_shift,6,0.280443,0.473503,0.702173,0.467264,0.431808,0.184867,0.365024,0.396185
multi_stage_assembly,high_level_task_state_drift,false_halt_shift,7,0.280443,0.473503,0.702173,0.467264,0.431808,0.184867,0.365024,0.396185
multi_stage_assembly,high_level_task_state_drift,false_halt_shift,8,0.280443,0.473503,0.702173,0.467264,0.431808,0.184867,0.365024,0.396185
multi_stage_assembly,high_level_task_state_drift,false_halt_shift,9,0.280443,0.473503,0.702173,0.467264,0.431808,0.184867,0.365024,0.396185
multi_stage_assembly,high_level_task_state_drift,budget_exhaustion_shift,0,0.3123,0.540319,0.786136,0.568064,0.575328,0.216196,0.289408,0.464226
multi_stage_assembly,high_level_task_state_drift,budget_exhaustion_shift,1,0.3123,0.540319,0.786136,0.568064,0.575328,0.216196,0.289408,0.464226
multi_stage_assembly,high_level_task_state_drift,budget_exhaustion_shift,2,0.3123,0.540319,0.786136,0.568064,0.575328,0.216196,0.289408,0.464226
multi_stage_assembly,high_level_task_state_drift,budget_exhaustion_shift,3,0.3123,0.540319,0.786136,0.568064,0.575328,0.216196,0.289408,0.464226
multi_stage_assembly,high_level_task_state_drift,budget_exhaustion_shift,4,0.3123,0.540319,0.786136,0.568064,0.575328,0.216196,0.289408,0.464226
multi_stage_assembly,high_level_task_state_drift,budget_exhaustion_shift,5,0.3123,0.540319,0.786136,0.568064,0.575328,0.216196,0.289408,0.464226
multi_stage_assembly,high_level_task_state_drift,budget_exhaustion_shift,6,0.3123,0.540319,0.786136,0.568064,0.575328,0.216196,0.289408,0.464226
multi_stage_assembly,high_level_task_state_drift,budget_exhaustion_shift,7,0.3123,0.540319,0.786136,0.568064,0.575328,0.216196,0.289408,0.464226
multi_stage_assembly,high_level_task_state_drift,budget_exhaustion_shift,8,0.3123,0.540319,0.786136,0.568064,0.575328,0.216196,0.289408,0.464226
multi_stage_assembly,high_level_task_state_drift,budget_exhaustion_shift,9,0.3123,0.540319,0.786136,0.568064,0.575328,0.216196,0.289408,0.464226
multi_stage_assembly,high_level_task_state_drift,cross_level_cascade_shift,0,0.342981,0.593326,0.884319,0.658784,0.532896,0.226356,0.304096,0.535283
multi_stage_assembly,high_level_task_state_drift,cross_level_cascade_shift,1,0.342981,0.593326,0.884319,0.658784,0.532896,0.226356,0.304096,0.535283
multi_stage_assembly,high_level_task_state_drift,cross_level_cascade_shift,2,0.342981,0.593326,0.884319,0.658784,0.532896,0.226356,0.304096,0.535283
multi_stage_assembly,high_level_task_state_drift,cross_level_cascade_shift,3,0.342981,0.593326,0.884319,0.658784,0.532896,0.226356,0.304096,0.535283
multi_stage_assembly,high_level_task_state_drift,cross_level_cascade_shift,4,0.342981,0.593326,0.884319,0.658784,0.532896,0.226356,0.304096,0.535283
multi_stage_assembly,high_level_task_state_drift,cross_level_cascade_shift,5,0.342981,0.593326,0.884319,0.658784,0.532896,0.226356,0.304096,0.535283
multi_stage_assembly,high_level_task_state_drift,cross_level_cascade_shift,6,0.342981,0.593326,0.884319,0.658784,0.532896,0.226356,0.304096,0.535283
multi_stage_assembly,high_level_task_state_drift,cross_level_cascade_shift,7,0.342981,0.593326,0.884319,0.658784,0.532896,0.226356,0.304096,0.535283
multi_stage_assembly,high_level_task_state_drift,cross_level_cascade_shift,8,0.342981,0.593326,0.884319,0.658784,0.532896,0.226356,0.304096,0.535283
multi_stage_assembly,high_level_task_state_drift,cross_level_cascade_shift,9,0.342981,0.593326,0.884319,0.658784,0.532896,0.226356,0.304096,0.535283
multi_stage_assembly,high_level_task_state_drift,combined_extreme,0,0.364785,0.626289,0.943228,0.68096,0.585312,0.252605,0.3536,0.551869
multi_stage_assembly,high_level_task_state_drift,combined_extreme,1,0.364785,0.626289,0.943228,0.68096,0.585312,0.252605,0.3536,0.551869
multi_stage_assembly,high_level_task_state_drift,combined_extreme,2,0.364785,0.626289,0.943228,0.68096,0.585312,0.252605,0.3536,0.551869
multi_stage_assembly,high_level_task_state_drift,combined_extreme,3,0.364785,0.626289,0.943228,0.68096,0.585312,0.252605,0.3536,0.551869
multi_stage_assembly,high_level_task_state_drift,combined_extreme,4,0.364785,0.626289,0.943228,0.68096,0.585312,0.252605,0.3536,0.551869
multi_stage_assembly,high_level_task_state_drift,combined_extreme,5,0.364785,0.626289,0.943228,0.68096,0.585312,0.252605,0.3536,0.551869
multi_stage_assembly,high_level_task_state_drift,combined_extreme,6,0.364785,0.626289,0.943228,0.68096,0.585312,0.252605,0.3536,0.551869
multi_stage_assembly,high_level_task_state_drift,combined_extreme,7,0.364785,0.626289,0.943228,0.68096,0.585312,0.252605,0.3536,0.551869
multi_stage_assembly,high_level_task_state_drift,combined_extreme,8,0.364785,0.626289,0.943228,0.68096,0.585312,0.252605,0.3536,0.551869
multi_stage_assembly,high_level_task_state_drift,combined_extreme,9,0.364785,0.626289,0.943228,0.68096,0.585312,0.252605,0.3536,0.551869
multi_stage_assembly,cross_level_cascade,nominal,0,0.472005,0.438682,0.385333,0.555916,0.3822,0.15876,0.22008,0.348566
multi_stage_assembly,cross_level_cascade,nominal,1,0.472005,0.438682,0.385333,0.555916,0.3822,0.15876,0.22008,0.348566
multi_stage_assembly,cross_level_cascade,nominal,2,0.472005,0.438682,0.385333,0.555916,0.3822,0.15876,0.22008,0.348566
multi_stage_assembly,cross_level_cascade,nominal,3,0.472005,0.438682,0.385333,0.555916,0.3822,0.15876,0.22008,0.348566
multi_stage_assembly,cross_level_cascade,nominal,4,0.472005,0.438682,0.385333,0.555916,0.3822,0.15876,0.22008,0.348566
multi_stage_assembly,cross_level_cascade,nominal,5,0.472005,0.438682,0.385333,0.555916,0.3822,0.15876,0.22008,0.348566
multi_stage_assembly,cross_level_cascade,nominal,6,0.472005,0.438682,0.385333,0.555916,0.3822,0.15876,0.22008,0.348566
multi_stage_assembly,cross_level_cascade,nominal,7,0.472005,0.438682,0.385333,0.555916,0.3822,0.15876,0.22008,0.348566
multi_stage_assembly,cross_level_cascade,nominal,8,0.472005,0.438682,0.385333,0.555916,0.3822,0.15876,0.22008,0.348566
multi_stage_assembly,cross_level_cascade,nominal,9,0.472005,0.438682,0.385333,0.555916,0.3822,0.15876,0.22008,0.348566
multi_stage_assembly,cross_level_cascade,local_anomaly_shift,0,0.81239,0.55296,0.468935,0.66928,0.51912,0.200673,0.276192,0.442466
multi_stage_assembly,cross_level_cascade,local_anomaly_shift,1,0.81239,0.55296,0.468935,0.66928,0.51912,0.200673,0.276192,0.442466
multi_stage_assembly,cross_level_cascade,local_anomaly_shift,2,0.81239,0.55296,0.468935,0.66928,0.51912,0.200673,0.276192,0.442466
multi_stage_assembly,cross_level_cascade,local_anomaly_shift,3,0.81239,0.55296,0.468935,0.66928,0.51912,0.200673,0.276192,0.442466
multi_stage_assembly,cross_level_cascade,local_anomaly_shift,4,0.81239,0.55296,0.468935,0.66928,0.51912,0.200673,0.276192,0.442466
multi_stage_assembly,cross_level_cascade,local_anomaly_shift,5,0.81239,0.55296,0.468935,0.66928,0.51912,0.200673,0.276192,0.442466
multi_stage_assembly,cross_level_cascade,local_anomaly_shift,6,0.81239,0.55296,0.468935,0.66928,0.51912,0.200673,0.276192,0.442466
multi_stage_assembly,cross_level_cascade,local_anomaly_shift,7,0.81239,0.55296,0.468935,0.66928,0.51912,0.200673,0.276192,0.442466
multi_stage_assembly,cross_level_cascade,local_anomaly_shift,8,0.81239,0.55296,0.468935,0.66928,0.51912,0.200673,0.276192,0.442466
multi_stage_assembly,cross_level_cascade,local_anomaly_shift,9,0.81239,0.55296,0.468935,0.66928,0.51912,0.200673,0.276192,0.442466
multi_stage_assembly,cross_level_cascade,subgoal_corruption_shift,0,0.619054,0.812851,0.557711,0.780952,0.56672,0.224623,0.29568,0.504354
multi_stage_assembly,cross_level_cascade,subgoal_corruption_shift,1,0.619054,0.812851,0.557711,0.780952,0.56672,0.224623,0.29568,0.504354
multi_stage_assembly,cross_level_cascade,subgoal_corruption_shift,2,0.619054,0.812851,0.557711,0.780952,0.56672,0.224623,0.29568,0.504354
multi_stage_assembly,cross_level_cascade,subgoal_corruption_shift,3,0.619054,0.812851,0.557711,0.780952,0.56672,0.224623,0.29568,0.504354
multi_stage_assembly,cross_level_cascade,subgoal_corruption_shift,4,0.619054,0.812851,0.557711,0.780952,0.56672,0.224623,0.29568,0.504354
multi_stage_assembly,cross_level_cascade,subgoal_corruption_shift,5,0.619054,0.812851,0.557711,0.780952,0.56672,0.224623,0.29568,0.504354
multi_stage_assembly,cross_level_cascade,subgoal_corruption_shift,6,0.619054,0.812851,0.557711,0.780952,0.56672,0.224623,0.29568,0.504354
multi_stage_assembly,cross_level_cascade,subgoal_corruption_shift,7,0.619054,0.812851,0.557711,0.780952,0.56672,0.224623,0.29568,0.504354
multi_stage_assembly,cross_level_cascade,subgoal_corruption_shift,8,0.619054,0.812851,0.557711,0.780952,0.56672,0.224623,0.29568,0.504354
multi_stage_assembly,cross_level_cascade,subgoal_corruption_shift,9,0.619054,0.812851,0.557711,0.780952,0.56672,0.224623,0.29568,0.504354
multi_stage_assembly,cross_level_cascade,delayed_observation_shift,0,0.671009,0.704102,0.602916,0.950152,0.62776,0.320423,0.329952,0.547984
multi_stage_assembly,cross_level_cascade,delayed_observation_shift,1,0.671009,0.704102,0.602916,0.950152,0.62776,0.320423,0.329952,0.547984
multi_stage_assembly,cross_level_cascade,delayed_observation_shift,2,0.671009,0.704102,0.602916,0.950152,0.62776,0.320423,0.329952,0.547984
multi_stage_assembly,cross_level_cascade,delayed_observation_shift,3,0.671009,0.704102,0.602916,0.950152,0.62776,0.320423,0.329952,0.547984
multi_stage_assembly,cross_level_cascade,delayed_observation_shift,4,0.671009,0.704102,0.602916,0.950152,0.62776,0.320423,0.329952,0.547984
multi_stage_assembly,cross_level_cascade,delayed_observation_shift,5,0.671009,0.704102,0.602916,0.950152,0.62776,0.320423,0.329952,0.547984
multi_stage_assembly,cross_level_cascade,delayed_observation_shift,6,0.671009,0.704102,0.602916,0.950152,0.62776,0.320423,0.329952,0.547984
multi_stage_assembly,cross_level_cascade,delayed_observation_shift,7,0.671009,0.704102,0.602916,0.950152,0.62776,0.320423,0.329952,0.547984
multi_stage_assembly,cross_level_cascade,delayed_observation_shift,8,0.671009,0.704102,0.602916,0.950152,0.62776,0.320423,0.329952,0.547984
multi_stage_assembly,cross_level_cascade,delayed_observation_shift,9,0.671009,0.704102,0.602916,0.950152,0.62776,0.320423,0.329952,0.547984
multi_stage_assembly,cross_level_cascade,false_halt_shift,0,0.676362,0.653107,0.564792,0.784336,0.58128,0.237686,0.450912,0.498426
multi_stage_assembly,cross_level_cascade,false_halt_shift,1,0.676362,0.653107,0.564792,0.784336,0.58128,0.237686,0.450912,0.498426
multi_stage_assembly,cross_level_cascade,false_halt_shift,2,0.676362,0.653107,0.564792,0.784336,0.58128,0.237686,0.450912,0.498426
multi_stage_assembly,cross_level_cascade,false_halt_shift,3,0.676362,0.653107,0.564792,0.784336,0.58128,0.237686,0.450912,0.498426
multi_stage_assembly,cross_level_cascade,false_halt_shift,4,0.676362,0.653107,0.564792,0.784336,0.58128,0.237686,0.450912,0.498426
multi_stage_assembly,cross_level_cascade,false_halt_shift,5,0.676362,0.653107,0.564792,0.784336,0.58128,0.237686,0.450912,0.498426
multi_stage_assembly,cross_level_cascade,false_halt_shift,6,0.676362,0.653107,0.564792,0.784336,0.58128,0.237686,0.450912,0.498426
multi_stage_assembly,cross_level_cascade,false_halt_shift,7,0.676362,0.653107,0.564792,0.784336,0.58128,0.237686,0.450912,0.498426
multi_stage_assembly,cross_level_cascade,false_halt_shift,8,0.676362,0.653107,0.564792,0.784336,0.58128,0.237686,0.450912,0.498426
multi_stage_assembly,cross_level_cascade,false_halt_shift,9,0.676362,0.653107,0.564792,0.784336,0.58128,0.237686,0.450912,0.498426
multi_stage_assembly,cross_level_cascade,budget_exhaustion_shift,0,0.753193,0.745267,0.632327,0.953536,0.77448,0.277966,0.357504,0.584027
multi_stage_assembly,cross_level_cascade,budget_exhaustion_shift,1,0.753193,0.745267,0.632327,0.953536,0.77448,0.277966,0.357504,0.584027
multi_stage_assembly,cross_level_cascade,budget_exhaustion_shift,2,0.753193,0.745267,0.632327,0.953536,0.77448,0.277966,0.357504,0.584027
multi_stage_assembly,cross_level_cascade,budget_exhaustion_shift,3,0.753193,0.745267,0.632327,0.953536,0.77448,0.277966,0.357504,0.584027
multi_stage_assembly,cross_level_cascade,budget_exhaustion_shift,4,0.753193,0.745267,0.632327,0.953536,0.77448,0.277966,0.357504,0.584027
multi_stage_assembly,cross_level_cascade,budget_exhaustion_shift,5,0.753193,0.745267,0.632327,0.953536,0.77448,0.277966,0.357504,0.584027
multi_stage_assembly,cross_level_cascade,budget_exhaustion_shift,6,0.753193,0.745267,0.632327,0.953536,0.77448,0.277966,0.357504,0.584027
multi_stage_assembly,cross_level_cascade,budget_exhaustion_shift,7,0.753193,0.745267,0.632327,0.953536,0.77448,0.277966,0.357504,0.584027
multi_stage_assembly,cross_level_cascade,budget_exhaustion_shift,8,0.753193,0.745267,0.632327,0.953536,0.77448,0.277966,0.357504,0.584027
multi_stage_assembly,cross_level_cascade,budget_exhaustion_shift,9,0.753193,0.745267,0.632327,0.953536,0.77448,0.277966,0.357504,0.584027
multi_stage_assembly,cross_level_cascade,cross_level_cascade_shift,0,0.82719,0.818381,0.7113,1.0,0.71736,0.29103,0.375648,0.673421
multi_stage_assembly,cross_level_cascade,cross_level_cascade_shift,1,0.82719,0.818381,0.7113,1.0,0.71736,0.29103,0.375648,0.673421
multi_stage_assembly,cross_level_cascade,cross_level_cascade_shift,2,0.82719,0.818381,0.7113,1.0,0.71736,0.29103,0.375648,0.673421
multi_stage_assembly,cross_level_cascade,cross_level_cascade_shift,3,0.82719,0.818381,0.7113,1.0,0.71736,0.29103,0.375648,0.673421
multi_stage_assembly,cross_level_cascade,cross_level_cascade_shift,4,0.82719,0.818381,0.7113,1.0,0.71736,0.29103,0.375648,0.673421
multi_stage_assembly,cross_level_cascade,cross_level_cascade_shift,5,0.82719,0.818381,0.7113,1.0,0.71736,0.29103,0.375648,0.673421
multi_stage_assembly,cross_level_cascade,cross_level_cascade_shift,6,0.82719,0.818381,0.7113,1.0,0.71736,0.29103,0.375648,0.673421
multi_stage_assembly,cross_level_cascade,cross_level_cascade_shift,7,0.82719,0.818381,0.7113,1.0,0.71736,0.29103,0.375648,0.673421
multi_stage_assembly,cross_level_cascade,cross_level_cascade_shift,8,0.82719,0.818381,0.7113,1.0,0.71736,0.29103,0.375648,0.673421
multi_stage_assembly,cross_level_cascade,cross_level_cascade_shift,9,0.82719,0.818381,0.7113,1.0,0.71736,0.29103,0.375648,0.673421
multi_stage_assembly,cross_level_cascade,combined_extreme,0,0.879775,0.863846,0.758684,1.0,0.78792,0.324778,0.4368,0.694287
multi_stage_assembly,cross_level_cascade,combined_extreme,1,0.879775,0.863846,0.758684,1.0,0.78792,0.324778,0.4368,0.694287
multi_stage_assembly,cross_level_cascade,combined_extreme,2,0.879775,0.863846,0.758684,1.0,0.78792,0.324778,0.4368,0.694287
multi_stage_assembly,cross_level_cascade,combined_extreme,3,0.879775,0.863846,0.758684,1.0,0.78792,0.324778,0.4368,0.694287
multi_stage_assembly,cross_level_cascade,combined_extreme,4,0.879775,0.863846,0.758684,1.0,0.78792,0.324778,0.4368,0.694287
multi_stage_assembly,cross_level_cascade,combined_extreme,5,0.879775,0.863846,0.758684,1.0,0.78792,0.324778,0.4368,0.694287
multi_stage_assembly,cross_level_cascade,combined_extreme,6,0.879775,0.863846,0.758684,1.0,0.78792,0.324778,0.4368,0.694287
multi_stage_assembly,cross_level_cascade,combined_extreme,7,0.879775,0.863846,0.758684,1.0,0.78792,0.324778,0.4368,0.694287
multi_stage_assembly,cross_level_cascade,combined_extreme,8,0.879775,0.863846,0.758684,1.0,0.78792,0.324778,0.4368,0.694287
multi_stage_assembly,cross_level_cascade,combined_extreme,9,0.879775,0.863846,0.758684,1.0,0.78792,0.324778,0.4368,0.694287
multi_stage_assembly,false_halt_pressure,nominal,0,0.276296,0.263209,0.218702,0.212904,0.2184,0.09996,0.48208,0.178752
multi_stage_assembly,false_halt_pressure,nominal,1,0.276296,0.263209,0.218702,0.212904,0.2184,0.09996,0.48208,0.178752
multi_stage_assembly,false_halt_pressure,nominal,2,0.276296,0.263209,0.218702,0.212904,0.2184,0.09996,0.48208,0.178752
multi_stage_assembly,false_halt_pressure,nominal,3,0.276296,0.263209,0.218702,0.212904,0.2184,0.09996,0.48208,0.178752
multi_stage_assembly,false_halt_pressure,nominal,4,0.276296,0.263209,0.218702,0.212904,0.2184,0.09996,0.48208,0.178752
multi_stage_assembly,false_halt_pressure,nominal,5,0.276296,0.263209,0.218702,0.212904,0.2184,0.09996,0.48208,0.178752
multi_stage_assembly,false_halt_pressure,nominal,6,0.276296,0.263209,0.218702,0.212904,0.2184,0.09996,0.48208,0.178752
multi_stage_assembly,false_halt_pressure,nominal,7,0.276296,0.263209,0.218702,0.212904,0.2184,0.09996,0.48208,0.178752
multi_stage_assembly,false_halt_pressure,nominal,8,0.276296,0.263209,0.218702,0.212904,0.2184,0.09996,0.48208,0.178752
multi_stage_assembly,false_halt_pressure,nominal,9,0.276296,0.263209,0.218702,0.212904,0.2184,0.09996,0.48208,0.178752
multi_stage_assembly,false_halt_pressure,local_anomaly_shift,0,0.475546,0.331776,0.266152,0.25632,0.29664,0.126349,0.604992,0.226906
multi_stage_assembly,false_halt_pressure,local_anomaly_shift,1,0.475546,0.331776,0.266152,0.25632,0.29664,0.126349,0.604992,0.226906
multi_stage_assembly,false_halt_pressure,local_anomaly_shift,2,0.475546,0.331776,0.266152,0.25632,0.29664,0.126349,0.604992,0.226906
multi_stage_assembly,false_halt_pressure,local_anomaly_shift,3,0.475546,0.331776,0.266152,0.25632,0.29664,0.126349,0.604992,0.226906
multi_stage_assembly,false_halt_pressure,local_anomaly_shift,4,0.475546,0.331776,0.266152,0.25632,0.29664,0.126349,0.604992,0.226906
multi_stage_assembly,false_halt_pressure,local_anomaly_shift,5,0.475546,0.331776,0.266152,0.25632,0.29664,0.126349,0.604992,0.226906
multi_stage_assembly,false_halt_pressure,local_anomaly_shift,6,0.475546,0.331776,0.266152,0.25632,0.29664,0.126349,0.604992,0.226906
multi_stage_assembly,false_halt_pressure,local_anomaly_shift,7,0.475546,0.331776,0.266152,0.25632,0.29664,0.126349,0.604992,0.226906
multi_stage_assembly,false_halt_pressure,local_anomaly_shift,8,0.475546,0.331776,0.266152,0.25632,0.29664,0.126349,0.604992,0.226906
multi_stage_assembly,false_halt_pressure,local_anomaly_shift,9,0.475546,0.331776,0.266152,0.25632,0.29664,0.126349,0.604992,0.226906
multi_stage_assembly,false_halt_pressure,subgoal_corruption_shift,0,0.362373,0.487711,0.316539,0.299088,0.32384,0.141429,0.64768,0.258643
multi_stage_assembly,false_halt_pressure,subgoal_corruption_shift,1,0.362373,0.487711,0.316539,0.299088,0.32384,0.141429,0.64768,0.258643
multi_stage_assembly,false_halt_pressure,subgoal_corruption_shift,2,0.362373,0.487711,0.316539,0.299088,0.32384,0.141429,0.64768,0.258643
multi_stage_assembly,false_halt_pressure,subgoal_corruption_shift,3,0.362373,0.487711,0.316539,0.299088,0.32384,0.141429,0.64768,0.258643
multi_stage_assembly,false_halt_pressure,subgoal_corruption_shift,4,0.362373,0.487711,0.316539,0.299088,0.32384,0.141429,0.64768,0.258643
multi_stage_assembly,false_halt_pressure,subgoal_corruption_shift,5,0.362373,0.487711,0.316539,0.299088,0.32384,0.141429,0.64768,0.258643
multi_stage_assembly,false_halt_pressure,subgoal_corruption_shift,6,0.362373,0.487711,0.316539,0.299088,0.32384,0.141429,0.64768,0.258643
multi_stage_assembly,false_halt_pressure,subgoal_corruption_shift,7,0.362373,0.487711,0.316539,0.299088,0.32384,0.141429,0.64768,0.258643
multi_stage_assembly,false_halt_pressure,subgoal_corruption_shift,8,0.362373,0.487711,0.316539,0.299088,0.32384,0.141429,0.64768,0.258643
multi_stage_assembly,false_halt_pressure,subgoal_corruption_shift,9,0.362373,0.487711,0.316539,0.299088,0.32384,0.141429,0.64768,0.258643
multi_stage_assembly,false_halt_pressure,delayed_observation_shift,0,0.392786,0.422461,0.342196,0.363888,0.35872,0.201748,0.722752,0.281018
multi_stage_assembly,false_halt_pressure,delayed_observation_shift,1,0.392786,0.422461,0.342196,0.363888,0.35872,0.201748,0.722752,0.281018
multi_stage_assembly,false_halt_pressure,delayed_observation_shift,2,0.392786,0.422461,0.342196,0.363888,0.35872,0.201748,0.722752,0.281018
multi_stage_assembly,false_halt_pressure,delayed_observation_shift,3,0.392786,0.422461,0.342196,0.363888,0.35872,0.201748,0.722752,0.281018
multi_stage_assembly,false_halt_pressure,delayed_observation_shift,4,0.392786,0.422461,0.342196,0.363888,0.35872,0.201748,0.722752,0.281018
multi_stage_assembly,false_halt_pressure,delayed_observation_shift,5,0.392786,0.422461,0.342196,0.363888,0.35872,0.201748,0.722752,0.281018
multi_stage_assembly,false_halt_pressure,delayed_observation_shift,6,0.392786,0.422461,0.342196,0.363888,0.35872,0.201748,0.722752,0.281018
multi_stage_assembly,false_halt_pressure,delayed_observation_shift,7,0.392786,0.422461,0.342196,0.363888,0.35872,0.201748,0.722752,0.281018
multi_stage_assembly,false_halt_pressure,delayed_observation_shift,8,0.392786,0.422461,0.342196,0.363888,0.35872,0.201748,0.722752,0.281018
multi_stage_assembly,false_halt_pressure,delayed_observation_shift,9,0.392786,0.422461,0.342196,0.363888,0.35872,0.201748,0.722752,0.281018
multi_stage_assembly,false_halt_pressure,false_halt_shift,0,0.395919,0.391864,0.320557,0.300384,0.33216,0.149654,0.987712,0.255603
multi_stage_assembly,false_halt_pressure,false_halt_shift,1,0.395919,0.391864,0.320557,0.300384,0.33216,0.149654,0.987712,0.255603
multi_stage_assembly,false_halt_pressure,false_halt_shift,2,0.395919,0.391864,0.320557,0.300384,0.33216,0.149654,0.987712,0.255603
multi_stage_assembly,false_halt_pressure,false_halt_shift,3,0.395919,0.391864,0.320557,0.300384,0.33216,0.149654,0.987712,0.255603
multi_stage_assembly,false_halt_pressure,false_halt_shift,4,0.395919,0.391864,0.320557,0.300384,0.33216,0.149654,0.987712,0.255603
multi_stage_assembly,false_halt_pressure,false_halt_shift,5,0.395919,0.391864,0.320557,0.300384,0.33216,0.149654,0.987712,0.255603
multi_stage_assembly,false_halt_pressure,false_halt_shift,6,0.395919,0.391864,0.320557,0.300384,0.33216,0.149654,0.987712,0.255603
multi_stage_assembly,false_halt_pressure,false_halt_shift,7,0.395919,0.391864,0.320557,0.300384,0.33216,0.149654,0.987712,0.255603
multi_stage_assembly,false_halt_pressure,false_halt_shift,8,0.395919,0.391864,0.320557,0.300384,0.33216,0.149654,0.987712,0.255603
multi_stage_assembly,false_halt_pressure,false_halt_shift,9,0.395919,0.391864,0.320557,0.300384,0.33216,0.149654,0.987712,0.255603
multi_stage_assembly,false_halt_pressure,budget_exhaustion_shift,0,0.440893,0.44716,0.358888,0.365184,0.44256,0.175016,0.783104,0.299501
multi_stage_assembly,false_halt_pressure,budget_exhaustion_shift,1,0.440893,0.44716,0.358888,0.365184,0.44256,0.175016,0.783104,0.299501
multi_stage_assembly,false_halt_pressure,budget_exhaustion_shift,2,0.440893,0.44716,0.358888,0.365184,0.44256,0.175016,0.783104,0.299501
multi_stage_assembly,false_halt_pressure,budget_exhaustion_shift,3,0.440893,0.44716,0.358888,0.365184,0.44256,0.175016,0.783104,0.299501
multi_stage_assembly,false_halt_pressure,budget_exhaustion_shift,4,0.440893,0.44716,0.358888,0.365184,0.44256,0.175016,0.783104,0.299501
multi_stage_assembly,false_halt_pressure,budget_exhaustion_shift,5,0.440893,0.44716,0.358888,0.365184,0.44256,0.175016,0.783104,0.299501
multi_stage_assembly,false_halt_pressure,budget_exhaustion_shift,6,0.440893,0.44716,0.358888,0.365184,0.44256,0.175016,0.783104,0.299501
multi_stage_assembly,false_halt_pressure,budget_exhaustion_shift,7,0.440893,0.44716,0.358888,0.365184,0.44256,0.175016,0.783104,0.299501
multi_stage_assembly,false_halt_pressure,budget_exhaustion_shift,8,0.440893,0.44716,0.358888,0.365184,0.44256,0.175016,0.783104,0.299501
multi_stage_assembly,false_halt_pressure,budget_exhaustion_shift,9,0.440893,0.44716,0.358888,0.365184,0.44256,0.175016,0.783104,0.299501
multi_stage_assembly,false_halt_pressure,cross_level_cascade_shift,0,0.484209,0.491028,0.403711,0.423504,0.40992,0.183241,0.822848,0.345344
multi_stage_assembly,false_halt_pressure,cross_level_cascade_shift,1,0.484209,0.491028,0.403711,0.423504,0.40992,0.183241,0.822848,0.345344
multi_stage_assembly,false_halt_pressure,cross_level_cascade_shift,2,0.484209,0.491028,0.403711,0.423504,0.40992,0.183241,0.822848,0.345344
multi_stage_assembly,false_halt_pressure,cross_level_cascade_shift,3,0.484209,0.491028,0.403711,0.423504,0.40992,0.183241,0.822848,0.345344
multi_stage_assembly,false_halt_pressure,cross_level_cascade_shift,4,0.484209,0.491028,0.403711,0.423504,0.40992,0.183241,0.822848,0.345344
multi_stage_assembly,false_halt_pressure,cross_level_cascade_shift,5,0.484209,0.491028,0.403711,0.423504,0.40992,0.183241,0.822848,0.345344
multi_stage_assembly,false_halt_pressure,cross_level_cascade_shift,6,0.484209,0.491028,0.403711,0.423504,0.40992,0.183241,0.822848,0.345344
multi_stage_assembly,false_halt_pressure,cross_level_cascade_shift,7,0.484209,0.491028,0.403711,0.423504,0.40992,0.183241,0.822848,0.345344
multi_stage_assembly,false_halt_pressure,cross_level_cascade_shift,8,0.484209,0.491028,0.403711,0.423504,0.40992,0.183241,0.822848,0.345344
multi_stage_assembly,false_halt_pressure,cross_level_cascade_shift,9,0.484209,0.491028,0.403711,0.423504,0.40992,0.183241,0.822848,0.345344
multi_stage_assembly,false_halt_pressure,combined_extreme,0,0.51499,0.518308,0.430604,0.43776,0.45024,0.20449,0.9568,0.356045
multi_stage_assembly,false_halt_pressure,combined_extreme,1,0.51499,0.518308,0.430604,0.43776,0.45024,0.20449,0.9568,0.356045
multi_stage_assembly,false_halt_pressure,combined_extreme,2,0.51499,0.518308,0.430604,0.43776,0.45024,0.20449,0.9568,0.356045
multi_stage_assembly,false_halt_pressure,combined_extreme,3,0.51499,0.518308,0.430604,0.43776,0.45024,0.20449,0.9568,0.356045
multi_stage_assembly,false_halt_pressure,combined_extreme,4,0.51499,0.518308,0.430604,0.43776,0.45024,0.20449,0.9568,0.356045
multi_stage_assembly,false_halt_pressure,combined_extreme,5,0.51499,0.518308,0.430604,0.43776,0.45024,0.20449,0.9568,0.356045
multi_stage_assembly,false_halt_pressure,combined_extreme,6,0.51499,0.518308,0.430604,0.43776,0.45024,0.20449,0.9568,0.356045
multi_stage_assembly,false_halt_pressure,combined_extreme,7,0.51499,0.518308,0.430604,0.43776,0.45024,0.20449,0.9568,0.356045
multi_stage_assembly,false_halt_pressure,combined_extreme,8,0.51499,0.518308,0.430604,0.43776,0.45024,0.20449,0.9568,0.356045
multi_stage_assembly,false_halt_pressure,combined_extreme,9,0.51499,0.518308,0.430604,0.43776,0.45024,0.20449,0.9568,0.356045
multi_stage_assembly,delayed_failure_observation,nominal,0,0.368394,0.383846,0.333261,0.366668,0.31668,0.27048,0.262,0.277066
multi_stage_assembly,delayed_failure_observation,nominal,1,0.368394,0.383846,0.333261,0.366668,0.31668,0.27048,0.262,0.277066
multi_stage_assembly,delayed_failure_observation,nominal,2,0.368394,0.383846,0.333261,0.366668,0.31668,0.27048,0.262,0.277066
multi_stage_assembly,delayed_failure_observation,nominal,3,0.368394,0.383846,0.333261,0.366668,0.31668,0.27048,0.262,0.277066
multi_stage_assembly,delayed_failure_observation,nominal,4,0.368394,0.383846,0.333261,0.366668,0.31668,0.27048,0.262,0.277066
multi_stage_assembly,delayed_failure_observation,nominal,5,0.368394,0.383846,0.333261,0.366668,0.31668,0.27048,0.262,0.277066
multi_stage_assembly,delayed_failure_observation,nominal,6,0.368394,0.383846,0.333261,0.366668,0.31668,0.27048,0.262,0.277066
multi_stage_assembly,delayed_failure_observation,nominal,7,0.368394,0.383846,0.333261,0.366668,0.31668,0.27048,0.262,0.277066
multi_stage_assembly,delayed_failure_observation,nominal,8,0.368394,0.383846,0.333261,0.366668,0.31668,0.27048,0.262,0.277066
multi_stage_assembly,delayed_failure_observation,nominal,9,0.368394,0.383846,0.333261,0.366668,0.31668,0.27048,0.262,0.277066
multi_stage_assembly,delayed_failure_observation,local_anomaly_shift,0,0.634061,0.48384,0.405565,0.44144,0.430128,0.341887,0.3288,0.351704
multi_stage_assembly,delayed_failure_observation,local_anomaly_shift,1,0.634061,0.48384,0.405565,0.44144,0.430128,0.341887,0.3288,0.351704
multi_stage_assembly,delayed_failure_observation,local_anomaly_shift,2,0.634061,0.48384,0.405565,0.44144,0.430128,0.341887,0.3288,0.351704
multi_stage_assembly,delayed_failure_observation,local_anomaly_shift,3,0.634061,0.48384,0.405565,0.44144,0.430128,0.341887,0.3288,0.351704
multi_stage_assembly,delayed_failure_observation,local_anomaly_shift,4,0.634061,0.48384,0.405565,0.44144,0.430128,0.341887,0.3288,0.351704
multi_stage_assembly,delayed_failure_observation,local_anomaly_shift,5,0.634061,0.48384,0.405565,0.44144,0.430128,0.341887,0.3288,0.351704
multi_stage_assembly,delayed_failure_observation,local_anomaly_shift,6,0.634061,0.48384,0.405565,0.44144,0.430128,0.341887,0.3288,0.351704
multi_stage_assembly,delayed_failure_observation,local_anomaly_shift,7,0.634061,0.48384,0.405565,0.44144,0.430128,0.341887,0.3288,0.351704
multi_stage_assembly,delayed_failure_observation,local_anomaly_shift,8,0.634061,0.48384,0.405565,0.44144,0.430128,0.341887,0.3288,0.351704
multi_stage_assembly,delayed_failure_observation,local_anomaly_shift,9,0.634061,0.48384,0.405565,0.44144,0.430128,0.341887,0.3288,0.351704
multi_stage_assembly,delayed_failure_observation,subgoal_corruption_shift,0,0.483164,0.711245,0.482345,0.515096,0.469568,0.382691,0.352,0.400897
multi_stage_assembly,delayed_failure_observation,subgoal_corruption_shift,1,0.483164,0.711245,0.482345,0.515096,0.469568,0.382691,0.352,0.400897
multi_stage_assembly,delayed_failure_observation,subgoal_corruption_shift,2,0.483164,0.711245,0.482345,0.515096,0.469568,0.382691,0.352,0.400897
multi_stage_assembly,delayed_failure_observation,subgoal_corruption_shift,3,0.483164,0.711245,0.482345,0.515096,0.469568,0.382691,0.352,0.400897
multi_stage_assembly,delayed_failure_observation,subgoal_corruption_shift,4,0.483164,0.711245,0.482345,0.515096,0.469568,0.382691,0.352,0.400897
multi_stage_assembly,delayed_failure_observation,subgoal_corruption_shift,5,0.483164,0.711245,0.482345,0.515096,0.469568,0.382691,0.352,0.400897
multi_stage_assembly,delayed_failure_observation,subgoal_corruption_shift,6,0.483164,0.711245,0.482345,0.515096,0.469568,0.382691,0.352,0.400897
multi_stage_assembly,delayed_failure_observation,subgoal_corruption_shift,7,0.483164,0.711245,0.482345,0.515096,0.469568,0.382691,0.352,0.400897
multi_stage_assembly,delayed_failure_observation,subgoal_corruption_shift,8,0.483164,0.711245,0.482345,0.515096,0.469568,0.382691,0.352,0.400897
multi_stage_assembly,delayed_failure_observation,subgoal_corruption_shift,9,0.483164,0.711245,0.482345,0.515096,0.469568,0.382691,0.352,0.400897
multi_stage_assembly,delayed_failure_observation,delayed_observation_shift,0,0.523715,0.61609,0.521441,0.626696,0.520144,0.545906,0.3928,0.435577
multi_stage_assembly,delayed_failure_observation,delayed_observation_shift,1,0.523715,0.61609,0.521441,0.626696,0.520144,0.545906,0.3928,0.435577
multi_stage_assembly,delayed_failure_observation,delayed_observation_shift,2,0.523715,0.61609,0.521441,0.626696,0.520144,0.545906,0.3928,0.435577
multi_stage_assembly,delayed_failure_observation,delayed_observation_shift,3,0.523715,0.61609,0.521441,0.626696,0.520144,0.545906,0.3928,0.435577
multi_stage_assembly,delayed_failure_observation,delayed_observation_shift,4,0.523715,0.61609,0.521441,0.626696,0.520144,0.545906,0.3928,0.435577
multi_stage_assembly,delayed_failure_observation,delayed_observation_shift,5,0.523715,0.61609,0.521441,0.626696,0.520144,0.545906,0.3928,0.435577
multi_stage_assembly,delayed_failure_observation,delayed_observation_shift,6,0.523715,0.61609,0.521441,0.626696,0.520144,0.545906,0.3928,0.435577
multi_stage_assembly,delayed_failure_observation,delayed_observation_shift,7,0.523715,0.61609,0.521441,0.626696,0.520144,0.545906,0.3928,0.435577
multi_stage_assembly,delayed_failure_observation,delayed_observation_shift,8,0.523715,0.61609,0.521441,0.626696,0.520144,0.545906,0.3928,0.435577
multi_stage_assembly,delayed_failure_observation,delayed_observation_shift,9,0.523715,0.61609,0.521441,0.626696,0.520144,0.545906,0.3928,0.435577
multi_stage_assembly,delayed_failure_observation,false_halt_shift,0,0.527892,0.571469,0.488468,0.517328,0.481632,0.404947,0.5368,0.396185
multi_stage_assembly,delayed_failure_observation,false_halt_shift,1,0.527892,0.571469,0.488468,0.517328,0.481632,0.404947,0.5368,0.396185
multi_stage_assembly,delayed_failure_observation,false_halt_shift,2,0.527892,0.571469,0.488468,0.517328,0.481632,0.404947,0.5368,0.396185
multi_stage_assembly,delayed_failure_observation,false_halt_shift,3,0.527892,0.571469,0.488468,0.517328,0.481632,0.404947,0.5368,0.396185
multi_stage_assembly,delayed_failure_observation,false_halt_shift,4,0.527892,0.571469,0.488468,0.517328,0.481632,0.404947,0.5368,0.396185
multi_stage_assembly,delayed_failure_observation,false_halt_shift,5,0.527892,0.571469,0.488468,0.517328,0.481632,0.404947,0.5368,0.396185
multi_stage_assembly,delayed_failure_observation,false_halt_shift,6,0.527892,0.571469,0.488468,0.517328,0.481632,0.404947,0.5368,0.396185
multi_stage_assembly,delayed_failure_observation,false_halt_shift,7,0.527892,0.571469,0.488468,0.517328,0.481632,0.404947,0.5368,0.396185
multi_stage_assembly,delayed_failure_observation,false_halt_shift,8,0.527892,0.571469,0.488468,0.517328,0.481632,0.404947,0.5368,0.396185
multi_stage_assembly,delayed_failure_observation,false_halt_shift,9,0.527892,0.571469,0.488468,0.517328,0.481632,0.404947,0.5368,0.396185
multi_stage_assembly,delayed_failure_observation,budget_exhaustion_shift,0,0.587858,0.652109,0.546877,0.628928,0.641712,0.473572,0.4256,0.464226
multi_stage_assembly,delayed_failure_observation,budget_exhaustion_shift,1,0.587858,0.652109,0.546877,0.628928,0.641712,0.473572,0.4256,0.464226
multi_stage_assembly,delayed_failure_observation,budget_exhaustion_shift,2,0.587858,0.652109,0.546877,0.628928,0.641712,0.473572,0.4256,0.464226
multi_stage_assembly,delayed_failure_observation,budget_exhaustion_shift,3,0.587858,0.652109,0.546877,0.628928,0.641712,0.473572,0.4256,0.464226
multi_stage_assembly,delayed_failure_observation,budget_exhaustion_shift,4,0.587858,0.652109,0.546877,0.628928,0.641712,0.473572,0.4256,0.464226
multi_stage_assembly,delayed_failure_observation,budget_exhaustion_shift,5,0.587858,0.652109,0.546877,0.628928,0.641712,0.473572,0.4256,0.464226
multi_stage_assembly,delayed_failure_observation,budget_exhaustion_shift,6,0.587858,0.652109,0.546877,0.628928,0.641712,0.473572,0.4256,0.464226
multi_stage_assembly,delayed_failure_observation,budget_exhaustion_shift,7,0.587858,0.652109,0.546877,0.628928,0.641712,0.473572,0.4256,0.464226
multi_stage_assembly,delayed_failure_observation,budget_exhaustion_shift,8,0.587858,0.652109,0.546877,0.628928,0.641712,0.473572,0.4256,0.464226
multi_stage_assembly,delayed_failure_observation,budget_exhaustion_shift,9,0.587858,0.652109,0.546877,0.628928,0.641712,0.473572,0.4256,0.464226
multi_stage_assembly,delayed_failure_observation,cross_level_cascade_shift,0,0.645612,0.716083,0.615178,0.729368,0.594384,0.495828,0.4472,0.535283
multi_stage_assembly,delayed_failure_observation,cross_level_cascade_shift,1,0.645612,0.716083,0.615178,0.729368,0.594384,0.495828,0.4472,0.535283
multi_stage_assembly,delayed_failure_observation,cross_level_cascade_shift,2,0.645612,0.716083,0.615178,0.729368,0.594384,0.495828,0.4472,0.535283
multi_stage_assembly,delayed_failure_observation,cross_level_cascade_shift,3,0.645612,0.716083,0.615178,0.729368,0.594384,0.495828,0.4472,0.535283
multi_stage_assembly,delayed_failure_observation,cross_level_cascade_shift,4,0.645612,0.716083,0.615178,0.729368,0.594384,0.495828,0.4472,0.535283
multi_stage_assembly,delayed_failure_observation,cross_level_cascade_shift,5,0.645612,0.716083,0.615178,0.729368,0.594384,0.495828,0.4472,0.535283
multi_stage_assembly,delayed_failure_observation,cross_level_cascade_shift,6,0.645612,0.716083,0.615178,0.729368,0.594384,0.495828,0.4472,0.535283
multi_stage_assembly,delayed_failure_observation,cross_level_cascade_shift,7,0.645612,0.716083,0.615178,0.729368,0.594384,0.495828,0.4472,0.535283
multi_stage_assembly,delayed_failure_observation,cross_level_cascade_shift,8,0.645612,0.716083,0.615178,0.729368,0.594384,0.495828,0.4472,0.535283
multi_stage_assembly,delayed_failure_observation,cross_level_cascade_shift,9,0.645612,0.716083,0.615178,0.729368,0.594384,0.495828,0.4472,0.535283
multi_stage_assembly,delayed_failure_observation,combined_extreme,0,0.686653,0.755866,0.656159,0.75392,0.652848,0.553325,0.52,0.551869
multi_stage_assembly,delayed_failure_observation,combined_extreme,1,0.686653,0.755866,0.656159,0.75392,0.652848,0.553325,0.52,0.551869
multi_stage_assembly,delayed_failure_observation,combined_extreme,2,0.686653,0.755866,0.656159,0.75392,0.652848,0.553325,0.52,0.551869
multi_stage_assembly,delayed_failure_observation,combined_extreme,3,0.686653,0.755866,0.656159,0.75392,0.652848,0.553325,0.52,0.551869
multi_stage_assembly,delayed_failure_observation,combined_extreme,4,0.686653,0.755866,0.656159,0.75392,0.652848,0.553325,0.52,0.551869
multi_stage_assembly,delayed_failure_observation,combined_extreme,5,0.686653,0.755866,0.656159,0.75392,0.652848,0.553325,0.52,0.551869
multi_stage_assembly,delayed_failure_observation,combined_extreme,6,0.686653,0.755866,0.656159,0.75392,0.652848,0.553325,0.52,0.551869
multi_stage_assembly,delayed_failure_observation,combined_extreme,7,0.686653,0.755866,0.656159,0.75392,0.652848,0.553325,0.52,0.551869
multi_stage_assembly,delayed_failure_observation,combined_extreme,8,0.686653,0.755866,0.656159,0.75392,0.652848,0.553325,0.52,0.551869
multi_stage_assembly,delayed_failure_observation,combined_extreme,9,0.686653,0.755866,0.656159,0.75392,0.652848,0.553325,0.52,0.551869
multi_stage_assembly,recovery_budget_exhaustion,nominal,0,0.391419,0.361912,0.312432,0.41398,0.51324,0.18228,0.28296,0.294941
multi_stage_assembly,recovery_budget_exhaustion,nominal,1,0.391419,0.361912,0.312432,0.41398,0.51324,0.18228,0.28296,0.294941
multi_stage_assembly,recovery_budget_exhaustion,nominal,2,0.391419,0.361912,0.312432,0.41398,0.51324,0.18228,0.28296,0.294941
multi_stage_assembly,recovery_budget_exhaustion,nominal,3,0.391419,0.361912,0.312432,0.41398,0.51324,0.18228,0.28296,0.294941
multi_stage_assembly,recovery_budget_exhaustion,nominal,4,0.391419,0.361912,0.312432,0.41398,0.51324,0.18228,0.28296,0.294941
multi_stage_assembly,recovery_budget_exhaustion,nominal,5,0.391419,0.361912,0.312432,0.41398,0.51324,0.18228,0.28296,0.294941
multi_stage_assembly,recovery_budget_exhaustion,nominal,6,0.391419,0.361912,0.312432,0.41398,0.51324,0.18228,0.28296,0.294941
multi_stage_assembly,recovery_budget_exhaustion,nominal,7,0.391419,0.361912,0.312432,0.41398,0.51324,0.18228,0.28296,0.294941
multi_stage_assembly,recovery_budget_exhaustion,nominal,8,0.391419,0.361912,0.312432,0.41398,0.51324,0.18228,0.28296,0.294941
multi_stage_assembly,recovery_budget_exhaustion,nominal,9,0.391419,0.361912,0.312432,0.41398,0.51324,0.18228,0.28296,0.294941
multi_stage_assembly,recovery_budget_exhaustion,local_anomaly_shift,0,0.67369,0.456192,0.380218,0.4984,0.697104,0.230402,0.355104,0.374394
multi_stage_assembly,recovery_budget_exhaustion,local_anomaly_shift,1,0.67369,0.456192,0.380218,0.4984,0.697104,0.230402,0.355104,0.374394
multi_stage_assembly,recovery_budget_exhaustion,local_anomaly_shift,2,0.67369,0.456192,0.380218,0.4984,0.697104,0.230402,0.355104,0.374394
multi_stage_assembly,recovery_budget_exhaustion,local_anomaly_shift,3,0.67369,0.456192,0.380218,0.4984,0.697104,0.230402,0.355104,0.374394
multi_stage_assembly,recovery_budget_exhaustion,local_anomaly_shift,4,0.67369,0.456192,0.380218,0.4984,0.697104,0.230402,0.355104,0.374394
multi_stage_assembly,recovery_budget_exhaustion,local_anomaly_shift,5,0.67369,0.456192,0.380218,0.4984,0.697104,0.230402,0.355104,0.374394
multi_stage_assembly,recovery_budget_exhaustion,local_anomaly_shift,6,0.67369,0.456192,0.380218,0.4984,0.697104,0.230402,0.355104,0.374394
multi_stage_assembly,recovery_budget_exhaustion,local_anomaly_shift,7,0.67369,0.456192,0.380218,0.4984,0.697104,0.230402,0.355104,0.374394
multi_stage_assembly,recovery_budget_exhaustion,local_anomaly_shift,8,0.67369,0.456192,0.380218,0.4984,0.697104,0.230402,0.355104,0.374394
multi_stage_assembly,recovery_budget_exhaustion,local_anomaly_shift,9,0.67369,0.456192,0.380218,0.4984,0.697104,0.230402,0.355104,0.374394
multi_stage_assembly,recovery_budget_exhaustion,subgoal_corruption_shift,0,0.513362,0.670602,0.452198,0.58156,0.761024,0.2579,0.38016,0.426761
multi_stage_assembly,recovery_budget_exhaustion,subgoal_corruption_shift,1,0.513362,0.670602,0.452198,0.58156,0.761024,0.2579,0.38016,0.426761
multi_stage_assembly,recovery_budget_exhaustion,subgoal_corruption_shift,2,0.513362,0.670602,0.452198,0.58156,0.761024,0.2579,0.38016,0.426761
multi_stage_assembly,recovery_budget_exhaustion,subgoal_corruption_shift,3,0.513362,0.670602,0.452198,0.58156,0.761024,0.2579,0.38016,0.426761
multi_stage_assembly,recovery_budget_exhaustion,subgoal_corruption_shift,4,0.513362,0.670602,0.452198,0.58156,0.761024,0.2579,0.38016,0.426761
multi_stage_assembly,recovery_budget_exhaustion,subgoal_corruption_shift,5,0.513362,0.670602,0.452198,0.58156,0.761024,0.2579,0.38016,0.426761
multi_stage_assembly,recovery_budget_exhaustion,subgoal_corruption_shift,6,0.513362,0.670602,0.452198,0.58156,0.761024,0.2579,0.38016,0.426761
multi_stage_assembly,recovery_budget_exhaustion,subgoal_corruption_shift,7,0.513362,0.670602,0.452198,0.58156,0.761024,0.2579,0.38016,0.426761
multi_stage_assembly,recovery_budget_exhaustion,subgoal_corruption_shift,8,0.513362,0.670602,0.452198,0.58156,0.761024,0.2579,0.38016,0.426761
multi_stage_assembly,recovery_budget_exhaustion,subgoal_corruption_shift,9,0.513362,0.670602,0.452198,0.58156,0.761024,0.2579,0.38016,0.426761
multi_stage_assembly,recovery_budget_exhaustion,delayed_observation_shift,0,0.556447,0.580884,0.488851,0.70756,0.842992,0.367893,0.424224,0.463679
multi_stage_assembly,recovery_budget_exhaustion,delayed_observation_shift,1,0.556447,0.580884,0.488851,0.70756,0.842992,0.367893,0.424224,0.463679
multi_stage_assembly,recovery_budget_exhaustion,delayed_observation_shift,2,0.556447,0.580884,0.488851,0.70756,0.842992,0.367893,0.424224,0.463679
multi_stage_assembly,recovery_budget_exhaustion,delayed_observation_shift,3,0.556447,0.580884,0.488851,0.70756,0.842992,0.367893,0.424224,0.463679
multi_stage_assembly,recovery_budget_exhaustion,delayed_observation_shift,4,0.556447,0.580884,0.488851,0.70756,0.842992,0.367893,0.424224,0.463679
multi_stage_assembly,recovery_budget_exhaustion,delayed_observation_shift,5,0.556447,0.580884,0.488851,0.70756,0.842992,0.367893,0.424224,0.463679
multi_stage_assembly,recovery_budget_exhaustion,delayed_observation_shift,6,0.556447,0.580884,0.488851,0.70756,0.842992,0.367893,0.424224,0.463679
multi_stage_assembly,recovery_budget_exhaustion,delayed_observation_shift,7,0.556447,0.580884,0.488851,0.70756,0.842992,0.367893,0.424224,0.463679
multi_stage_assembly,recovery_budget_exhaustion,delayed_observation_shift,8,0.556447,0.580884,0.488851,0.70756,0.842992,0.367893,0.424224,0.463679
multi_stage_assembly,recovery_budget_exhaustion,delayed_observation_shift,9,0.556447,0.580884,0.488851,0.70756,0.842992,0.367893,0.424224,0.463679
multi_stage_assembly,recovery_budget_exhaustion,false_halt_shift,0,0.560886,0.538813,0.457939,0.58408,0.780576,0.272899,0.579744,0.421745
multi_stage_assembly,recovery_budget_exhaustion,false_halt_shift,1,0.560886,0.538813,0.457939,0.58408,0.780576,0.272899,0.579744,0.421745
multi_stage_assembly,recovery_budget_exhaustion,false_halt_shift,2,0.560886,0.538813,0.457939,0.58408,0.780576,0.272899,0.579744,0.421745
multi_stage_assembly,recovery_budget_exhaustion,false_halt_shift,3,0.560886,0.538813,0.457939,0.58408,0.780576,0.272899,0.579744,0.421745
multi_stage_assembly,recovery_budget_exhaustion,false_halt_shift,4,0.560886,0.538813,0.457939,0.58408,0.780576,0.272899,0.579744,0.421745
multi_stage_assembly,recovery_budget_exhaustion,false_halt_shift,5,0.560886,0.538813,0.457939,0.58408,0.780576,0.272899,0.579744,0.421745
multi_stage_assembly,recovery_budget_exhaustion,false_halt_shift,6,0.560886,0.538813,0.457939,0.58408,0.780576,0.272899,0.579744,0.421745
multi_stage_assembly,recovery_budget_exhaustion,false_halt_shift,7,0.560886,0.538813,0.457939,0.58408,0.780576,0.272899,0.579744,0.421745
multi_stage_assembly,recovery_budget_exhaustion,false_halt_shift,8,0.560886,0.538813,0.457939,0.58408,0.780576,0.272899,0.579744,0.421745
multi_stage_assembly,recovery_budget_exhaustion,false_halt_shift,9,0.560886,0.538813,0.457939,0.58408,0.780576,0.272899,0.579744,0.421745
multi_stage_assembly,recovery_budget_exhaustion,budget_exhaustion_shift,0,0.624599,0.614845,0.512698,0.71008,1.0,0.319146,0.459648,0.494176
multi_stage_assembly,recovery_budget_exhaustion,budget_exhaustion_shift,1,0.624599,0.614845,0.512698,0.71008,1.0,0.319146,0.459648,0.494176
multi_stage_assembly,recovery_budget_exhaustion,budget_exhaustion_shift,2,0.624599,0.614845,0.512698,0.71008,1.0,0.319146,0.459648,0.494176
multi_stage_assembly,recovery_budget_exhaustion,budget_exhaustion_shift,3,0.624599,0.614845,0.512698,0.71008,1.0,0.319146,0.459648,0.494176
multi_stage_assembly,recovery_budget_exhaustion,budget_exhaustion_shift,4,0.624599,0.614845,0.512698,0.71008,1.0,0.319146,0.459648,0.494176
multi_stage_assembly,recovery_budget_exhaustion,budget_exhaustion_shift,5,0.624599,0.614845,0.512698,0.71008,1.0,0.319146,0.459648,0.494176
multi_stage_assembly,recovery_budget_exhaustion,budget_exhaustion_shift,6,0.624599,0.614845,0.512698,0.71008,1.0,0.319146,0.459648,0.494176
multi_stage_assembly,recovery_budget_exhaustion,budget_exhaustion_shift,7,0.624599,0.614845,0.512698,0.71008,1.0,0.319146,0.459648,0.494176
multi_stage_assembly,recovery_budget_exhaustion,budget_exhaustion_shift,8,0.624599,0.614845,0.512698,0.71008,1.0,0.319146,0.459648,0.494176
multi_stage_assembly,recovery_budget_exhaustion,budget_exhaustion_shift,9,0.624599,0.614845,0.512698,0.71008,1.0,0.319146,0.459648,0.494176
multi_stage_assembly,recovery_budget_exhaustion,cross_level_cascade_shift,0,0.685962,0.675164,0.57673,0.82348,0.963312,0.334145,0.482976,0.569818
multi_stage_assembly,recovery_budget_exhaustion,cross_level_cascade_shift,1,0.685962,0.675164,0.57673,0.82348,0.963312,0.334145,0.482976,0.569818
multi_stage_assembly,recovery_budget_exhaustion,cross_level_cascade_shift,2,0.685962,0.675164,0.57673,0.82348,0.963312,0.334145,0.482976,0.569818
multi_stage_assembly,recovery_budget_exhaustion,cross_level_cascade_shift,3,0.685962,0.675164,0.57673,0.82348,0.963312,0.334145,0.482976,0.569818
multi_stage_assembly,recovery_budget_exhaustion,cross_level_cascade_shift,4,0.685962,0.675164,0.57673,0.82348,0.963312,0.334145,0.482976,0.569818
multi_stage_assembly,recovery_budget_exhaustion,cross_level_cascade_shift,5,0.685962,0.675164,0.57673,0.82348,0.963312,0.334145,0.482976,0.569818
multi_stage_assembly,recovery_budget_exhaustion,cross_level_cascade_shift,6,0.685962,0.675164,0.57673,0.82348,0.963312,0.334145,0.482976,0.569818
multi_stage_assembly,recovery_budget_exhaustion,cross_level_cascade_shift,7,0.685962,0.675164,0.57673,0.82348,0.963312,0.334145,0.482976,0.569818
multi_stage_assembly,recovery_budget_exhaustion,cross_level_cascade_shift,8,0.685962,0.675164,0.57673,0.82348,0.963312,0.334145,0.482976,0.569818
multi_stage_assembly,recovery_budget_exhaustion,cross_level_cascade_shift,9,0.685962,0.675164,0.57673,0.82348,0.963312,0.334145,0.482976,0.569818
multi_stage_assembly,recovery_budget_exhaustion,combined_extreme,0,0.729569,0.712673,0.615149,0.8512,1.0,0.372893,0.5616,0.587474
multi_stage_assembly,recovery_budget_exhaustion,combined_extreme,1,0.729569,0.712673,0.615149,0.8512,1.0,0.372893,0.5616,0.587474
multi_stage_assembly,recovery_budget_exhaustion,combined_extreme,2,0.729569,0.712673,0.615149,0.8512,1.0,0.372893,0.5616,0.587474
multi_stage_assembly,recovery_budget_exhaustion,combined_extreme,3,0.729569,0.712673,0.615149,0.8512,1.0,0.372893,0.5616,0.587474
multi_stage_assembly,recovery_budget_exhaustion,combined_extreme,4,0.729569,0.712673,0.615149,0.8512,1.0,0.372893,0.5616,0.587474
multi_stage_assembly,recovery_budget_exhaustion,combined_extreme,5,0.729569,0.712673,0.615149,0.8512,1.0,0.372893,0.5616,0.587474
multi_stage_assembly,recovery_budget_exhaustion,combined_extreme,6,0.729569,0.712673,0.615149,0.8512,1.0,0.372893,0.5616,0.587474
multi_stage_assembly,recovery_budget_exhaustion,combined_extreme,7,0.729569,0.712673,0.615149,0.8512,1.0,0.372893,0.5616,0.587474
multi_stage_assembly,recovery_budget_exhaustion,combined_extreme,8,0.729569,0.712673,0.615149,0.8512,1.0,0.372893,0.5616,0.587474
multi_stage_assembly,recovery_budget_exhaustion,combined_extreme,9,0.729569,0.712673,0.615149,0.8512,1.0,0.372893,0.5616,0.587474
multi_stage_assembly,compositional_failure_chain,nominal,0,0.506542,0.471583,0.42699,0.567744,0.46956,0.22932,0.33536,0.375379
multi_stage_assembly,compositional_failure_chain,nominal,1,0.506542,0.471583,0.42699,0.567744,0.46956,0.22932,0.33536,0.375379
multi_stage_assembly,compositional_failure_chain,nominal,2,0.506542,0.471583,0.42699,0.567744,0.46956,0.22932,0.33536,0.375379
multi_stage_assembly,compositional_failure_chain,nominal,3,0.506542,0.471583,0.42699,0.567744,0.46956,0.22932,0.33536,0.375379
multi_stage_assembly,compositional_failure_chain,nominal,4,0.506542,0.471583,0.42699,0.567744,0.46956,0.22932,0.33536,0.375379
multi_stage_assembly,compositional_failure_chain,nominal,5,0.506542,0.471583,0.42699,0.567744,0.46956,0.22932,0.33536,0.375379
multi_stage_assembly,compositional_failure_chain,nominal,6,0.506542,0.471583,0.42699,0.567744,0.46956,0.22932,0.33536,0.375379
multi_stage_assembly,compositional_failure_chain,nominal,7,0.506542,0.471583,0.42699,0.567744,0.46956,0.22932,0.33536,0.375379
multi_stage_assembly,compositional_failure_chain,nominal,8,0.506542,0.471583,0.42699,0.567744,0.46956,0.22932,0.33536,0.375379
multi_stage_assembly,compositional_failure_chain,nominal,9,0.506542,0.471583,0.42699,0.567744,0.46956,0.22932,0.33536,0.375379
multi_stage_assembly,compositional_failure_chain,local_anomaly_shift,0,0.871834,0.594432,0.519631,0.68352,0.637776,0.28986,0.420864,0.476502
multi_stage_assembly,compositional_failure_chain,local_anomaly_shift,1,0.871834,0.594432,0.519631,0.68352,0.637776,0.28986,0.420864,0.476502
multi_stage_assembly,compositional_failure_chain,local_anomaly_shift,2,0.871834,0.594432,0.519631,0.68352,0.637776,0.28986,0.420864,0.476502
multi_stage_assembly,compositional_failure_chain,local_anomaly_shift,3,0.871834,0.594432,0.519631,0.68352,0.637776,0.28986,0.420864,0.476502
multi_stage_assembly,compositional_failure_chain,local_anomaly_shift,4,0.871834,0.594432,0.519631,0.68352,0.637776,0.28986,0.420864,0.476502
multi_stage_assembly,compositional_failure_chain,local_anomaly_shift,5,0.871834,0.594432,0.519631,0.68352,0.637776,0.28986,0.420864,0.476502
multi_stage_assembly,compositional_failure_chain,local_anomaly_shift,6,0.871834,0.594432,0.519631,0.68352,0.637776,0.28986,0.420864,0.476502
multi_stage_assembly,compositional_failure_chain,local_anomaly_shift,7,0.871834,0.594432,0.519631,0.68352,0.637776,0.28986,0.420864,0.476502
multi_stage_assembly,compositional_failure_chain,local_anomaly_shift,8,0.871834,0.594432,0.519631,0.68352,0.637776,0.28986,0.420864,0.476502
multi_stage_assembly,compositional_failure_chain,local_anomaly_shift,9,0.871834,0.594432,0.519631,0.68352,0.637776,0.28986,0.420864,0.476502
multi_stage_assembly,compositional_failure_chain,subgoal_corruption_shift,0,0.664351,0.873815,0.618004,0.797568,0.696256,0.324455,0.45056,0.543151
multi_stage_assembly,compositional_failure_chain,subgoal_corruption_shift,1,0.664351,0.873815,0.618004,0.797568,0.696256,0.324455,0.45056,0.543151
multi_stage_assembly,compositional_failure_chain,subgoal_corruption_shift,2,0.664351,0.873815,0.618004,0.797568,0.696256,0.324455,0.45056,0.543151
multi_stage_assembly,compositional_failure_chain,subgoal_corruption_shift,3,0.664351,0.873815,0.618004,0.797568,0.696256,0.324455,0.45056,0.543151
multi_stage_assembly,compositional_failure_chain,subgoal_corruption_shift,4,0.664351,0.873815,0.618004,0.797568,0.696256,0.324455,0.45056,0.543151
multi_stage_assembly,compositional_failure_chain,subgoal_corruption_shift,5,0.664351,0.873815,0.618004,0.797568,0.696256,0.324455,0.45056,0.543151
multi_stage_assembly,compositional_failure_chain,subgoal_corruption_shift,6,0.664351,0.873815,0.618004,0.797568,0.696256,0.324455,0.45056,0.543151
multi_stage_assembly,compositional_failure_chain,subgoal_corruption_shift,7,0.664351,0.873815,0.618004,0.797568,0.696256,0.324455,0.45056,0.543151
multi_stage_assembly,compositional_failure_chain,subgoal_corruption_shift,8,0.664351,0.873815,0.618004,0.797568,0.696256,0.324455,0.45056,0.543151
multi_stage_assembly,compositional_failure_chain,subgoal_corruption_shift,9,0.664351,0.873815,0.618004,0.797568,0.696256,0.324455,0.45056,0.543151
multi_stage_assembly,compositional_failure_chain,delayed_observation_shift,0,0.720108,0.75691,0.668097,0.970368,0.771248,0.462833,0.502784,0.590137
multi_stage_assembly,compositional_failure_chain,delayed_observation_shift,1,0.720108,0.75691,0.668097,0.970368,0.771248,0.462833,0.502784,0.590137
multi_stage_assembly,compositional_failure_chain,delayed_observation_shift,2,0.720108,0.75691,0.668097,0.970368,0.771248,0.462833,0.502784,0.590137
multi_stage_assembly,compositional_failure_chain,delayed_observation_shift,3,0.720108,0.75691,0.668097,0.970368,0.771248,0.462833,0.502784,0.590137
multi_stage_assembly,compositional_failure_chain,delayed_observation_shift,4,0.720108,0.75691,0.668097,0.970368,0.771248,0.462833,0.502784,0.590137
multi_stage_assembly,compositional_failure_chain,delayed_observation_shift,5,0.720108,0.75691,0.668097,0.970368,0.771248,0.462833,0.502784,0.590137
multi_stage_assembly,compositional_failure_chain,delayed_observation_shift,6,0.720108,0.75691,0.668097,0.970368,0.771248,0.462833,0.502784,0.590137
multi_stage_assembly,compositional_failure_chain,delayed_observation_shift,7,0.720108,0.75691,0.668097,0.970368,0.771248,0.462833,0.502784,0.590137
multi_stage_assembly,compositional_failure_chain,delayed_observation_shift,8,0.720108,0.75691,0.668097,0.970368,0.771248,0.462833,0.502784,0.590137
multi_stage_assembly,compositional_failure_chain,delayed_observation_shift,9,0.720108,0.75691,0.668097,0.970368,0.771248,0.462833,0.502784,0.590137
multi_stage_assembly,compositional_failure_chain,false_halt_shift,0,0.725852,0.70209,0.62585,0.801024,0.714144,0.343325,0.687104,0.536767
multi_stage_assembly,compositional_failure_chain,false_halt_shift,1,0.725852,0.70209,0.62585,0.801024,0.714144,0.343325,0.687104,0.536767
multi_stage_assembly,compositional_failure_chain,false_halt_shift,2,0.725852,0.70209,0.62585,0.801024,0.714144,0.343325,0.687104,0.536767
multi_stage_assembly,compositional_failure_chain,false_halt_shift,3,0.725852,0.70209,0.62585,0.801024,0.714144,0.343325,0.687104,0.536767
multi_stage_assembly,compositional_failure_chain,false_halt_shift,4,0.725852,0.70209,0.62585,0.801024,0.714144,0.343325,0.687104,0.536767
multi_stage_assembly,compositional_failure_chain,false_halt_shift,5,0.725852,0.70209,0.62585,0.801024,0.714144,0.343325,0.687104,0.536767
multi_stage_assembly,compositional_failure_chain,false_halt_shift,6,0.725852,0.70209,0.62585,0.801024,0.714144,0.343325,0.687104,0.536767
multi_stage_assembly,compositional_failure_chain,false_halt_shift,7,0.725852,0.70209,0.62585,0.801024,0.714144,0.343325,0.687104,0.536767
multi_stage_assembly,compositional_failure_chain,false_halt_shift,8,0.725852,0.70209,0.62585,0.801024,0.714144,0.343325,0.687104,0.536767
multi_stage_assembly,compositional_failure_chain,false_halt_shift,9,0.725852,0.70209,0.62585,0.801024,0.714144,0.343325,0.687104,0.536767
multi_stage_assembly,compositional_failure_chain,budget_exhaustion_shift,0,0.808305,0.801162,0.700687,0.973824,0.951504,0.401507,0.544768,0.628952
multi_stage_assembly,compositional_failure_chain,budget_exhaustion_shift,1,0.808305,0.801162,0.700687,0.973824,0.951504,0.401507,0.544768,0.628952
multi_stage_assembly,compositional_failure_chain,budget_exhaustion_shift,2,0.808305,0.801162,0.700687,0.973824,0.951504,0.401507,0.544768,0.628952
multi_stage_assembly,compositional_failure_chain,budget_exhaustion_shift,3,0.808305,0.801162,0.700687,0.973824,0.951504,0.401507,0.544768,0.628952
multi_stage_assembly,compositional_failure_chain,budget_exhaustion_shift,4,0.808305,0.801162,0.700687,0.973824,0.951504,0.401507,0.544768,0.628952
multi_stage_assembly,compositional_failure_chain,budget_exhaustion_shift,5,0.808305,0.801162,0.700687,0.973824,0.951504,0.401507,0.544768,0.628952
multi_stage_assembly,compositional_failure_chain,budget_exhaustion_shift,6,0.808305,0.801162,0.700687,0.973824,0.951504,0.401507,0.544768,0.628952
multi_stage_assembly,compositional_failure_chain,budget_exhaustion_shift,7,0.808305,0.801162,0.700687,0.973824,0.951504,0.401507,0.544768,0.628952
multi_stage_assembly,compositional_failure_chain,budget_exhaustion_shift,8,0.808305,0.801162,0.700687,0.973824,0.951504,0.401507,0.544768,0.628952
multi_stage_assembly,compositional_failure_chain,budget_exhaustion_shift,9,0.808305,0.801162,0.700687,0.973824,0.951504,0.401507,0.544768,0.628952
multi_stage_assembly,compositional_failure_chain,cross_level_cascade_shift,0,0.887716,0.879759,0.788197,1.0,0.881328,0.420376,0.572416,0.725222
multi_stage_assembly,compositional_failure_chain,cross_level_cascade_shift,1,0.887716,0.879759,0.788197,1.0,0.881328,0.420376,0.572416,0.725222
multi_stage_assembly,compositional_failure_chain,cross_level_cascade_shift,2,0.887716,0.879759,0.788197,1.0,0.881328,0.420376,0.572416,0.725222
multi_stage_assembly,compositional_failure_chain,cross_level_cascade_shift,3,0.887716,0.879759,0.788197,1.0,0.881328,0.420376,0.572416,0.725222
multi_stage_assembly,compositional_failure_chain,cross_level_cascade_shift,4,0.887716,0.879759,0.788197,1.0,0.881328,0.420376,0.572416,0.725222
multi_stage_assembly,compositional_failure_chain,cross_level_cascade_shift,5,0.887716,0.879759,0.788197,1.0,0.881328,0.420376,0.572416,0.725222
multi_stage_assembly,compositional_failure_chain,cross_level_cascade_shift,6,0.887716,0.879759,0.788197,1.0,0.881328,0.420376,0.572416,0.725222
multi_stage_assembly,compositional_failure_chain,cross_level_cascade_shift,7,0.887716,0.879759,0.788197,1.0,0.881328,0.420376,0.572416,0.725222
multi_stage_assembly,compositional_failure_chain,cross_level_cascade_shift,8,0.887716,0.879759,0.788197,1.0,0.881328,0.420376,0.572416,0.725222
multi_stage_assembly,compositional_failure_chain,cross_level_cascade_shift,9,0.887716,0.879759,0.788197,1.0,0.881328,0.420376,0.572416,0.725222
multi_stage_assembly,compositional_failure_chain,combined_extreme,0,0.944148,0.928635,0.840703,1.0,0.968016,0.469123,0.6656,0.747694
multi_stage_assembly,compositional_failure_chain,combined_extreme,1,0.944148,0.928635,0.840703,1.0,0.968016,0.469123,0.6656,0.747694
multi_stage_assembly,compositional_failure_chain,combined_extreme,2,0.944148,0.928635,0.840703,1.0,0.968016,0.469123,0.6656,0.747694
multi_stage_assembly,compositional_failure_chain,combined_extreme,3,0.944148,0.928635,0.840703,1.0,0.968016,0.469123,0.6656,0.747694
multi_stage_assembly,compositional_failure_chain,combined_extreme,4,0.944148,0.928635,0.840703,1.0,0.968016,0.469123,0.6656,0.747694
multi_stage_assembly,compositional_failure_chain,combined_extreme,5,0.944148,0.928635,0.840703,1.0,0.968016,0.469123,0.6656,0.747694
multi_stage_assembly,compositional_failure_chain,combined_extreme,6,0.944148,0.928635,0.840703,1.0,0.968016,0.469123,0.6656,0.747694
multi_stage_assembly,compositional_failure_chain,combined_extreme,7,0.944148,0.928635,0.840703,1.0,0.968016,0.469123,0.6656,0.747694
multi_stage_assembly,compositional_failure_chain,combined_extreme,8,0.944148,0.928635,0.840703,1.0,0.968016,0.469123,0.6656,0.747694
multi_stage_assembly,compositional_failure_chain,combined_extreme,9,0.944148,0.928635,0.840703,1.0,0.968016,0.469123,0.6656,0.747694
mobile_base_arm_coordination,low_level_skill_anomaly,nominal,0,0.485436,0.130691,0.085579,0.141936,0.18564,0.06048,0.11528,0.194746
mobile_base_arm_coordination,low_level_skill_anomaly,nominal,1,0.485436,0.130691,0.085579,0.141936,0.18564,0.06048,0.11528,0.194746
mobile_base_arm_coordination,low_level_skill_anomaly,nominal,2,0.485436,0.130691,0.085579,0.141936,0.18564,0.06048,0.11528,0.194746
mobile_base_arm_coordination,low_level_skill_anomaly,nominal,3,0.485436,0.130691,0.085579,0.141936,0.18564,0.06048,0.11528,0.194746
mobile_base_arm_coordination,low_level_skill_anomaly,nominal,4,0.485436,0.130691,0.085579,0.141936,0.18564,0.06048,0.11528,0.194746
mobile_base_arm_coordination,low_level_skill_anomaly,nominal,5,0.485436,0.130691,0.085579,0.141936,0.18564,0.06048,0.11528,0.194746
mobile_base_arm_coordination,low_level_skill_anomaly,nominal,6,0.485436,0.130691,0.085579,0.141936,0.18564,0.06048,0.11528,0.194746
mobile_base_arm_coordination,low_level_skill_anomaly,nominal,7,0.485436,0.130691,0.085579,0.141936,0.18564,0.06048,0.11528,0.194746
mobile_base_arm_coordination,low_level_skill_anomaly,nominal,8,0.485436,0.130691,0.085579,0.141936,0.18564,0.06048,0.11528,0.194746
mobile_base_arm_coordination,low_level_skill_anomaly,nominal,9,0.485436,0.130691,0.085579,0.141936,0.18564,0.06048,0.11528,0.194746
mobile_base_arm_coordination,low_level_skill_anomaly,local_anomaly_shift,0,0.835507,0.164736,0.104147,0.17088,0.252144,0.076447,0.144672,0.247208
mobile_base_arm_coordination,low_level_skill_anomaly,local_anomaly_shift,1,0.835507,0.164736,0.104147,0.17088,0.252144,0.076447,0.144672,0.247208
mobile_base_arm_coordination,low_level_skill_anomaly,local_anomaly_shift,2,0.835507,0.164736,0.104147,0.17088,0.252144,0.076447,0.144672,0.247208
mobile_base_arm_coordination,low_level_skill_anomaly,local_anomaly_shift,3,0.835507,0.164736,0.104147,0.17088,0.252144,0.076447,0.144672,0.247208
mobile_base_arm_coordination,low_level_skill_anomaly,local_anomaly_shift,4,0.835507,0.164736,0.104147,0.17088,0.252144,0.076447,0.144672,0.247208
mobile_base_arm_coordination,low_level_skill_anomaly,local_anomaly_shift,5,0.835507,0.164736,0.104147,0.17088,0.252144,0.076447,0.144672,0.247208
mobile_base_arm_coordination,low_level_skill_anomaly,local_anomaly_shift,6,0.835507,0.164736,0.104147,0.17088,0.252144,0.076447,0.144672,0.247208
mobile_base_arm_coordination,low_level_skill_anomaly,local_anomaly_shift,7,0.835507,0.164736,0.104147,0.17088,0.252144,0.076447,0.144672,0.247208
mobile_base_arm_coordination,low_level_skill_anomaly,local_anomaly_shift,8,0.835507,0.164736,0.104147,0.17088,0.252144,0.076447,0.144672,0.247208
mobile_base_arm_coordination,low_level_skill_anomaly,local_anomaly_shift,9,0.835507,0.164736,0.104147,0.17088,0.252144,0.076447,0.144672,0.247208
mobile_base_arm_coordination,low_level_skill_anomaly,subgoal_corruption_shift,0,0.636669,0.242162,0.123863,0.199392,0.275264,0.085571,0.15488,0.281785
mobile_base_arm_coordination,low_level_skill_anomaly,subgoal_corruption_shift,1,0.636669,0.242162,0.123863,0.199392,0.275264,0.085571,0.15488,0.281785
mobile_base_arm_coordination,low_level_skill_anomaly,subgoal_corruption_shift,2,0.636669,0.242162,0.123863,0.199392,0.275264,0.085571,0.15488,0.281785
mobile_base_arm_coordination,low_level_skill_anomaly,subgoal_corruption_shift,3,0.636669,0.242162,0.123863,0.199392,0.275264,0.085571,0.15488,0.281785
mobile_base_arm_coordination,low_level_skill_anomaly,subgoal_corruption_shift,4,0.636669,0.242162,0.123863,0.199392,0.275264,0.085571,0.15488,0.281785
mobile_base_arm_coordination,low_level_skill_anomaly,subgoal_corruption_shift,5,0.636669,0.242162,0.123863,0.199392,0.275264,0.085571,0.15488,0.281785
mobile_base_arm_coordination,low_level_skill_anomaly,subgoal_corruption_shift,6,0.636669,0.242162,0.123863,0.199392,0.275264,0.085571,0.15488,0.281785
mobile_base_arm_coordination,low_level_skill_anomaly,subgoal_corruption_shift,7,0.636669,0.242162,0.123863,0.199392,0.275264,0.085571,0.15488,0.281785
mobile_base_arm_coordination,low_level_skill_anomaly,subgoal_corruption_shift,8,0.636669,0.242162,0.123863,0.199392,0.275264,0.085571,0.15488,0.281785
mobile_base_arm_coordination,low_level_skill_anomaly,subgoal_corruption_shift,9,0.636669,0.242162,0.123863,0.199392,0.275264,0.085571,0.15488,0.281785
mobile_base_arm_coordination,low_level_skill_anomaly,delayed_observation_shift,0,0.690103,0.209764,0.133903,0.242592,0.304912,0.122066,0.172832,0.306161
mobile_base_arm_coordination,low_level_skill_anomaly,delayed_observation_shift,1,0.690103,0.209764,0.133903,0.242592,0.304912,0.122066,0.172832,0.306161
mobile_base_arm_coordination,low_level_skill_anomaly,delayed_observation_shift,2,0.690103,0.209764,0.133903,0.242592,0.304912,0.122066,0.172832,0.306161
mobile_base_arm_coordination,low_level_skill_anomaly,delayed_observation_shift,3,0.690103,0.209764,0.133903,0.242592,0.304912,0.122066,0.172832,0.306161
mobile_base_arm_coordination,low_level_skill_anomaly,delayed_observation_shift,4,0.690103,0.209764,0.133903,0.242592,0.304912,0.122066,0.172832,0.306161
mobile_base_arm_coordination,low_level_skill_anomaly,delayed_observation_shift,5,0.690103,0.209764,0.133903,0.242592,0.304912,0.122066,0.172832,0.306161
mobile_base_arm_coordination,low_level_skill_anomaly,delayed_observation_shift,6,0.690103,0.209764,0.133903,0.242592,0.304912,0.122066,0.172832,0.306161
mobile_base_arm_coordination,low_level_skill_anomaly,delayed_observation_shift,7,0.690103,0.209764,0.133903,0.242592,0.304912,0.122066,0.172832,0.306161
mobile_base_arm_coordination,low_level_skill_anomaly,delayed_observation_shift,8,0.690103,0.209764,0.133903,0.242592,0.304912,0.122066,0.172832,0.306161
mobile_base_arm_coordination,low_level_skill_anomaly,delayed_observation_shift,9,0.690103,0.209764,0.133903,0.242592,0.304912,0.122066,0.172832,0.306161
mobile_base_arm_coordination,low_level_skill_anomaly,false_halt_shift,0,0.695608,0.194572,0.125436,0.200256,0.282336,0.090547,0.236192,0.278473
mobile_base_arm_coordination,low_level_skill_anomaly,false_halt_shift,1,0.695608,0.194572,0.125436,0.200256,0.282336,0.090547,0.236192,0.278473
mobile_base_arm_coordination,low_level_skill_anomaly,false_halt_shift,2,0.695608,0.194572,0.125436,0.200256,0.282336,0.090547,0.236192,0.278473
mobile_base_arm_coordination,low_level_skill_anomaly,false_halt_shift,3,0.695608,0.194572,0.125436,0.200256,0.282336,0.090547,0.236192,0.278473
mobile_base_arm_coordination,low_level_skill_anomaly,false_halt_shift,4,0.695608,0.194572,0.125436,0.200256,0.282336,0.090547,0.236192,0.278473
mobile_base_arm_coordination,low_level_skill_anomaly,false_halt_shift,5,0.695608,0.194572,0.125436,0.200256,0.282336,0.090547,0.236192,0.278473
mobile_base_arm_coordination,low_level_skill_anomaly,false_halt_shift,6,0.695608,0.194572,0.125436,0.200256,0.282336,0.090547,0.236192,0.278473
mobile_base_arm_coordination,low_level_skill_anomaly,false_halt_shift,7,0.695608,0.194572,0.125436,0.200256,0.282336,0.090547,0.236192,0.278473
mobile_base_arm_coordination,low_level_skill_anomaly,false_halt_shift,8,0.695608,0.194572,0.125436,0.200256,0.282336,0.090547,0.236192,0.278473
mobile_base_arm_coordination,low_level_skill_anomaly,false_halt_shift,9,0.695608,0.194572,0.125436,0.200256,0.282336,0.090547,0.236192,0.278473
mobile_base_arm_coordination,low_level_skill_anomaly,budget_exhaustion_shift,0,0.774625,0.222028,0.140435,0.243456,0.376176,0.105892,0.187264,0.326298
mobile_base_arm_coordination,low_level_skill_anomaly,budget_exhaustion_shift,1,0.774625,0.222028,0.140435,0.243456,0.376176,0.105892,0.187264,0.326298
mobile_base_arm_coordination,low_level_skill_anomaly,budget_exhaustion_shift,2,0.774625,0.222028,0.140435,0.243456,0.376176,0.105892,0.187264,0.326298
mobile_base_arm_coordination,low_level_skill_anomaly,budget_exhaustion_shift,3,0.774625,0.222028,0.140435,0.243456,0.376176,0.105892,0.187264,0.326298
mobile_base_arm_coordination,low_level_skill_anomaly,budget_exhaustion_shift,4,0.774625,0.222028,0.140435,0.243456,0.376176,0.105892,0.187264,0.326298
mobile_base_arm_coordination,low_level_skill_anomaly,budget_exhaustion_shift,5,0.774625,0.222028,0.140435,0.243456,0.376176,0.105892,0.187264,0.326298
mobile_base_arm_coordination,low_level_skill_anomaly,budget_exhaustion_shift,6,0.774625,0.222028,0.140435,0.243456,0.376176,0.105892,0.187264,0.326298
mobile_base_arm_coordination,low_level_skill_anomaly,budget_exhaustion_shift,7,0.774625,0.222028,0.140435,0.243456,0.376176,0.105892,0.187264,0.326298
mobile_base_arm_coordination,low_level_skill_anomaly,budget_exhaustion_shift,8,0.774625,0.222028,0.140435,0.243456,0.376176,0.105892,0.187264,0.326298
mobile_base_arm_coordination,low_level_skill_anomaly,budget_exhaustion_shift,9,0.774625,0.222028,0.140435,0.243456,0.376176,0.105892,0.187264,0.326298
mobile_base_arm_coordination,low_level_skill_anomaly,cross_level_cascade_shift,0,0.850728,0.243809,0.157974,0.282336,0.348432,0.110868,0.196768,0.376243
mobile_base_arm_coordination,low_level_skill_anomaly,cross_level_cascade_shift,1,0.850728,0.243809,0.157974,0.282336,0.348432,0.110868,0.196768,0.376243
mobile_base_arm_coordination,low_level_skill_anomaly,cross_level_cascade_shift,2,0.850728,0.243809,0.157974,0.282336,0.348432,0.110868,0.196768,0.376243
mobile_base_arm_coordination,low_level_skill_anomaly,cross_level_cascade_shift,3,0.850728,0.243809,0.157974,0.282336,0.348432,0.110868,0.196768,0.376243
mobile_base_arm_coordination,low_level_skill_anomaly,cross_level_cascade_shift,4,0.850728,0.243809,0.157974,0.282336,0.348432,0.110868,0.196768,0.376243
mobile_base_arm_coordination,low_level_skill_anomaly,cross_level_cascade_shift,5,0.850728,0.243809,0.157974,0.282336,0.348432,0.110868,0.196768,0.376243
mobile_base_arm_coordination,low_level_skill_anomaly,cross_level_cascade_shift,6,0.850728,0.243809,0.157974,0.282336,0.348432,0.110868,0.196768,0.376243
mobile_base_arm_coordination,low_level_skill_anomaly,cross_level_cascade_shift,7,0.850728,0.243809,0.157974,0.282336,0.348432,0.110868,0.196768,0.376243
mobile_base_arm_coordination,low_level_skill_anomaly,cross_level_cascade_shift,8,0.850728,0.243809,0.157974,0.282336,0.348432,0.110868,0.196768,0.376243
mobile_base_arm_coordination,low_level_skill_anomaly,cross_level_cascade_shift,9,0.850728,0.243809,0.157974,0.282336,0.348432,0.110868,0.196768,0.376243
mobile_base_arm_coordination,low_level_skill_anomaly,combined_extreme,0,0.904809,0.257354,0.168497,0.29184,0.382704,0.123725,0.2288,0.387901
mobile_base_arm_coordination,low_level_skill_anomaly,combined_extreme,1,0.904809,0.257354,0.168497,0.29184,0.382704,0.123725,0.2288,0.387901
mobile_base_arm_coordination,low_level_skill_anomaly,combined_extreme,2,0.904809,0.257354,0.168497,0.29184,0.382704,0.123725,0.2288,0.387901
mobile_base_arm_coordination,low_level_skill_anomaly,combined_extreme,3,0.904809,0.257354,0.168497,0.29184,0.382704,0.123725,0.2288,0.387901
mobile_base_arm_coordination,low_level_skill_anomaly,combined_extreme,4,0.904809,0.257354,0.168497,0.29184,0.382704,0.123725,0.2288,0.387901
mobile_base_arm_coordination,low_level_skill_anomaly,combined_extreme,5,0.904809,0.257354,0.168497,0.29184,0.382704,0.123725,0.2288,0.387901
mobile_base_arm_coordination,low_level_skill_anomaly,combined_extreme,6,0.904809,0.257354,0.168497,0.29184,0.382704,0.123725,0.2288,0.387901
mobile_base_arm_coordination,low_level_skill_anomaly,combined_extreme,7,0.904809,0.257354,0.168497,0.29184,0.382704,0.123725,0.2288,0.387901
mobile_base_arm_coordination,low_level_skill_anomaly,combined_extreme,8,0.904809,0.257354,0.168497,0.29184,0.382704,0.123725,0.2288,0.387901
mobile_base_arm_coordination,low_level_skill_anomaly,combined_extreme,9,0.904809,0.257354,0.168497,0.29184,0.382704,0.123725,0.2288,0.387901
mobile_base_arm_coordination,mid_level_subgoal_corruption,nominal,0,0.242718,0.45239,0.180667,0.260216,0.25116,0.08568,0.14672,0.220147
mobile_base_arm_coordination,mid_level_subgoal_corruption,nominal,1,0.242718,0.45239,0.180667,0.260216,0.25116,0.08568,0.14672,0.220147
mobile_base_arm_coordination,mid_level_subgoal_corruption,nominal,2,0.242718,0.45239,0.180667,0.260216,0.25116,0.08568,0.14672,0.220147
mobile_base_arm_coordination,mid_level_subgoal_corruption,nominal,3,0.242718,0.45239,0.180667,0.260216,0.25116,0.08568,0.14672,0.220147
mobile_base_arm_coordination,mid_level_subgoal_corruption,nominal,4,0.242718,0.45239,0.180667,0.260216,0.25116,0.08568,0.14672,0.220147
mobile_base_arm_coordination,mid_level_subgoal_corruption,nominal,5,0.242718,0.45239,0.180667,0.260216,0.25116,0.08568,0.14672,0.220147
mobile_base_arm_coordination,mid_level_subgoal_corruption,nominal,6,0.242718,0.45239,0.180667,0.260216,0.25116,0.08568,0.14672,0.220147
mobile_base_arm_coordination,mid_level_subgoal_corruption,nominal,7,0.242718,0.45239,0.180667,0.260216,0.25116,0.08568,0.14672,0.220147
mobile_base_arm_coordination,mid_level_subgoal_corruption,nominal,8,0.242718,0.45239,0.180667,0.260216,0.25116,0.08568,0.14672,0.220147
mobile_base_arm_coordination,mid_level_subgoal_corruption,nominal,9,0.242718,0.45239,0.180667,0.260216,0.25116,0.08568,0.14672,0.220147
mobile_base_arm_coordination,mid_level_subgoal_corruption,local_anomaly_shift,0,0.417754,0.57024,0.219865,0.31328,0.341136,0.1083,0.184128,0.279452
mobile_base_arm_coordination,mid_level_subgoal_corruption,local_anomaly_shift,1,0.417754,0.57024,0.219865,0.31328,0.341136,0.1083,0.184128,0.279452
mobile_base_arm_coordination,mid_level_subgoal_corruption,local_anomaly_shift,2,0.417754,0.57024,0.219865,0.31328,0.341136,0.1083,0.184128,0.279452
mobile_base_arm_coordination,mid_level_subgoal_corruption,local_anomaly_shift,3,0.417754,0.57024,0.219865,0.31328,0.341136,0.1083,0.184128,0.279452
mobile_base_arm_coordination,mid_level_subgoal_corruption,local_anomaly_shift,4,0.417754,0.57024,0.219865,0.31328,0.341136,0.1083,0.184128,0.279452
mobile_base_arm_coordination,mid_level_subgoal_corruption,local_anomaly_shift,5,0.417754,0.57024,0.219865,0.31328,0.341136,0.1083,0.184128,0.279452
mobile_base_arm_coordination,mid_level_subgoal_corruption,local_anomaly_shift,6,0.417754,0.57024,0.219865,0.31328,0.341136,0.1083,0.184128,0.279452
mobile_base_arm_coordination,mid_level_subgoal_corruption,local_anomaly_shift,7,0.417754,0.57024,0.219865,0.31328,0.341136,0.1083,0.184128,0.279452
mobile_base_arm_coordination,mid_level_subgoal_corruption,local_anomaly_shift,8,0.417754,0.57024,0.219865,0.31328,0.341136,0.1083,0.184128,0.279452
mobile_base_arm_coordination,mid_level_subgoal_corruption,local_anomaly_shift,9,0.417754,0.57024,0.219865,0.31328,0.341136,0.1083,0.184128,0.279452
mobile_base_arm_coordination,mid_level_subgoal_corruption,subgoal_corruption_shift,0,0.318335,0.838253,0.261489,0.365552,0.372416,0.121225,0.19712,0.31854
mobile_base_arm_coordination,mid_level_subgoal_corruption,subgoal_corruption_shift,1,0.318335,0.838253,0.261489,0.365552,0.372416,0.121225,0.19712,0.31854
mobile_base_arm_coordination,mid_level_subgoal_corruption,subgoal_corruption_shift,2,0.318335,0.838253,0.261489,0.365552,0.372416,0.121225,0.19712,0.31854
mobile_base_arm_coordination,mid_level_subgoal_corruption,subgoal_corruption_shift,3,0.318335,0.838253,0.261489,0.365552,0.372416,0.121225,0.19712,0.31854
mobile_base_arm_coordination,mid_level_subgoal_corruption,subgoal_corruption_shift,4,0.318335,0.838253,0.261489,0.365552,0.372416,0.121225,0.19712,0.31854
mobile_base_arm_coordination,mid_level_subgoal_corruption,subgoal_corruption_shift,5,0.318335,0.838253,0.261489,0.365552,0.372416,0.121225,0.19712,0.31854
mobile_base_arm_coordination,mid_level_subgoal_corruption,subgoal_corruption_shift,6,0.318335,0.838253,0.261489,0.365552,0.372416,0.121225,0.19712,0.31854
mobile_base_arm_coordination,mid_level_subgoal_corruption,subgoal_corruption_shift,7,0.318335,0.838253,0.261489,0.365552,0.372416,0.121225,0.19712,0.31854
mobile_base_arm_coordination,mid_level_subgoal_corruption,subgoal_corruption_shift,8,0.318335,0.838253,0.261489,0.365552,0.372416,0.121225,0.19712,0.31854
mobile_base_arm_coordination,mid_level_subgoal_corruption,subgoal_corruption_shift,9,0.318335,0.838253,0.261489,0.365552,0.372416,0.121225,0.19712,0.31854
mobile_base_arm_coordination,mid_level_subgoal_corruption,delayed_observation_shift,0,0.345052,0.726106,0.282684,0.444752,0.412528,0.172927,0.219968,0.346095
mobile_base_arm_coordination,mid_level_subgoal_corruption,delayed_observation_shift,1,0.345052,0.726106,0.282684,0.444752,0.412528,0.172927,0.219968,0.346095
mobile_base_arm_coordination,mid_level_subgoal_corruption,delayed_observation_shift,2,0.345052,0.726106,0.282684,0.444752,0.412528,0.172927,0.219968,0.346095
mobile_base_arm_coordination,mid_level_subgoal_corruption,delayed_observation_shift,3,0.345052,0.726106,0.282684,0.444752,0.412528,0.172927,0.219968,0.346095
mobile_base_arm_coordination,mid_level_subgoal_corruption,delayed_observation_shift,4,0.345052,0.726106,0.282684,0.444752,0.412528,0.172927,0.219968,0.346095
mobile_base_arm_coordination,mid_level_subgoal_corruption,delayed_observation_shift,5,0.345052,0.726106,0.282684,0.444752,0.412528,0.172927,0.219968,0.346095
mobile_base_arm_coordination,mid_level_subgoal_corruption,delayed_observation_shift,6,0.345052,0.726106,0.282684,0.444752,0.412528,0.172927,0.219968,0.346095
mobile_base_arm_coordination,mid_level_subgoal_corruption,delayed_observation_shift,7,0.345052,0.726106,0.282684,0.444752,0.412528,0.172927,0.219968,0.346095
mobile_base_arm_coordination,mid_level_subgoal_corruption,delayed_observation_shift,8,0.345052,0.726106,0.282684,0.444752,0.412528,0.172927,0.219968,0.346095
mobile_base_arm_coordination,mid_level_subgoal_corruption,delayed_observation_shift,9,0.345052,0.726106,0.282684,0.444752,0.412528,0.172927,0.219968,0.346095
mobile_base_arm_coordination,mid_level_subgoal_corruption,false_halt_shift,0,0.347804,0.673517,0.264808,0.367136,0.381984,0.128275,0.300608,0.314796
mobile_base_arm_coordination,mid_level_subgoal_corruption,false_halt_shift,1,0.347804,0.673517,0.264808,0.367136,0.381984,0.128275,0.300608,0.314796
mobile_base_arm_coordination,mid_level_subgoal_corruption,false_halt_shift,2,0.347804,0.673517,0.264808,0.367136,0.381984,0.128275,0.300608,0.314796
mobile_base_arm_coordination,mid_level_subgoal_corruption,false_halt_shift,3,0.347804,0.673517,0.264808,0.367136,0.381984,0.128275,0.300608,0.314796
mobile_base_arm_coordination,mid_level_subgoal_corruption,false_halt_shift,4,0.347804,0.673517,0.264808,0.367136,0.381984,0.128275,0.300608,0.314796
mobile_base_arm_coordination,mid_level_subgoal_corruption,false_halt_shift,5,0.347804,0.673517,0.264808,0.367136,0.381984,0.128275,0.300608,0.314796
mobile_base_arm_coordination,mid_level_subgoal_corruption,false_halt_shift,6,0.347804,0.673517,0.264808,0.367136,0.381984,0.128275,0.300608,0.314796
mobile_base_arm_coordination,mid_level_subgoal_corruption,false_halt_shift,7,0.347804,0.673517,0.264808,0.367136,0.381984,0.128275,0.300608,0.314796
mobile_base_arm_coordination,mid_level_subgoal_corruption,false_halt_shift,8,0.347804,0.673517,0.264808,0.367136,0.381984,0.128275,0.300608,0.314796
mobile_base_arm_coordination,mid_level_subgoal_corruption,false_halt_shift,9,0.347804,0.673517,0.264808,0.367136,0.381984,0.128275,0.300608,0.314796
mobile_base_arm_coordination,mid_level_subgoal_corruption,budget_exhaustion_shift,0,0.387313,0.768557,0.296473,0.446336,0.508944,0.150013,0.238336,0.368859
mobile_base_arm_coordination,mid_level_subgoal_corruption,budget_exhaustion_shift,1,0.387313,0.768557,0.296473,0.446336,0.508944,0.150013,0.238336,0.368859
mobile_base_arm_coordination,mid_level_subgoal_corruption,budget_exhaustion_shift,2,0.387313,0.768557,0.296473,0.446336,0.508944,0.150013,0.238336,0.368859
mobile_base_arm_coordination,mid_level_subgoal_corruption,budget_exhaustion_shift,3,0.387313,0.768557,0.296473,0.446336,0.508944,0.150013,0.238336,0.368859
mobile_base_arm_coordination,mid_level_subgoal_corruption,budget_exhaustion_shift,4,0.387313,0.768557,0.296473,0.446336,0.508944,0.150013,0.238336,0.368859
mobile_base_arm_coordination,mid_level_subgoal_corruption,budget_exhaustion_shift,5,0.387313,0.768557,0.296473,0.446336,0.508944,0.150013,0.238336,0.368859
mobile_base_arm_coordination,mid_level_subgoal_corruption,budget_exhaustion_shift,6,0.387313,0.768557,0.296473,0.446336,0.508944,0.150013,0.238336,0.368859
mobile_base_arm_coordination,mid_level_subgoal_corruption,budget_exhaustion_shift,7,0.387313,0.768557,0.296473,0.446336,0.508944,0.150013,0.238336,0.368859
mobile_base_arm_coordination,mid_level_subgoal_corruption,budget_exhaustion_shift,8,0.387313,0.768557,0.296473,0.446336,0.508944,0.150013,0.238336,0.368859
mobile_base_arm_coordination,mid_level_subgoal_corruption,budget_exhaustion_shift,9,0.387313,0.768557,0.296473,0.446336,0.508944,0.150013,0.238336,0.368859
mobile_base_arm_coordination,mid_level_subgoal_corruption,cross_level_cascade_shift,0,0.425364,0.843955,0.3335,0.517616,0.471408,0.157064,0.250432,0.425318
mobile_base_arm_coordination,mid_level_subgoal_corruption,cross_level_cascade_shift,1,0.425364,0.843955,0.3335,0.517616,0.471408,0.157064,0.250432,0.425318
mobile_base_arm_coordination,mid_level_subgoal_corruption,cross_level_cascade_shift,2,0.425364,0.843955,0.3335,0.517616,0.471408,0.157064,0.250432,0.425318
mobile_base_arm_coordination,mid_level_subgoal_corruption,cross_level_cascade_shift,3,0.425364,0.843955,0.3335,0.517616,0.471408,0.157064,0.250432,0.425318
mobile_base_arm_coordination,mid_level_subgoal_corruption,cross_level_cascade_shift,4,0.425364,0.843955,0.3335,0.517616,0.471408,0.157064,0.250432,0.425318
mobile_base_arm_coordination,mid_level_subgoal_corruption,cross_level_cascade_shift,5,0.425364,0.843955,0.3335,0.517616,0.471408,0.157064,0.250432,0.425318
mobile_base_arm_coordination,mid_level_subgoal_corruption,cross_level_cascade_shift,6,0.425364,0.843955,0.3335,0.517616,0.471408,0.157064,0.250432,0.425318
mobile_base_arm_coordination,mid_level_subgoal_corruption,cross_level_cascade_shift,7,0.425364,0.843955,0.3335,0.517616,0.471408,0.157064,0.250432,0.425318
mobile_base_arm_coordination,mid_level_subgoal_corruption,cross_level_cascade_shift,8,0.425364,0.843955,0.3335,0.517616,0.471408,0.157064,0.250432,0.425318
mobile_base_arm_coordination,mid_level_subgoal_corruption,cross_level_cascade_shift,9,0.425364,0.843955,0.3335,0.517616,0.471408,0.157064,0.250432,0.425318
mobile_base_arm_coordination,mid_level_subgoal_corruption,combined_extreme,0,0.452404,0.890842,0.355716,0.53504,0.517776,0.175277,0.2912,0.438497
mobile_base_arm_coordination,mid_level_subgoal_corruption,combined_extreme,1,0.452404,0.890842,0.355716,0.53504,0.517776,0.175277,0.2912,0.438497
mobile_base_arm_coordination,mid_level_subgoal_corruption,combined_extreme,2,0.452404,0.890842,0.355716,0.53504,0.517776,0.175277,0.2912,0.438497
mobile_base_arm_coordination,mid_level_subgoal_corruption,combined_extreme,3,0.452404,0.890842,0.355716,0.53504,0.517776,0.175277,0.2912,0.438497
mobile_base_arm_coordination,mid_level_subgoal_corruption,combined_extreme,4,0.452404,0.890842,0.355716,0.53504,0.517776,0.175277,0.2912,0.438497
mobile_base_arm_coordination,mid_level_subgoal_corruption,combined_extreme,5,0.452404,0.890842,0.355716,0.53504,0.517776,0.175277,0.2912,0.438497
mobile_base_arm_coordination,mid_level_subgoal_corruption,combined_extreme,6,0.452404,0.890842,0.355716,0.53504,0.517776,0.175277,0.2912,0.438497
mobile_base_arm_coordination,mid_level_subgoal_corruption,combined_extreme,7,0.452404,0.890842,0.355716,0.53504,0.517776,0.175277,0.2912,0.438497
mobile_base_arm_coordination,mid_level_subgoal_corruption,combined_extreme,8,0.452404,0.890842,0.355716,0.53504,0.517776,0.175277,0.2912,0.438497
mobile_base_arm_coordination,mid_level_subgoal_corruption,combined_extreme,9,0.452404,0.890842,0.355716,0.53504,0.517776,0.175277,0.2912,0.438497
mobile_base_arm_coordination,high_level_task_state_drift,nominal,0,0.1794,0.29154,0.437405,0.331184,0.28392,0.10584,0.17816,0.262483
mobile_base_arm_coordination,high_level_task_state_drift,nominal,1,0.1794,0.29154,0.437405,0.331184,0.28392,0.10584,0.17816,0.262483
mobile_base_arm_coordination,high_level_task_state_drift,nominal,2,0.1794,0.29154,0.437405,0.331184,0.28392,0.10584,0.17816,0.262483
mobile_base_arm_coordination,high_level_task_state_drift,nominal,3,0.1794,0.29154,0.437405,0.331184,0.28392,0.10584,0.17816,0.262483
mobile_base_arm_coordination,high_level_task_state_drift,nominal,4,0.1794,0.29154,0.437405,0.331184,0.28392,0.10584,0.17816,0.262483
mobile_base_arm_coordination,high_level_task_state_drift,nominal,5,0.1794,0.29154,0.437405,0.331184,0.28392,0.10584,0.17816,0.262483
mobile_base_arm_coordination,high_level_task_state_drift,nominal,6,0.1794,0.29154,0.437405,0.331184,0.28392,0.10584,0.17816,0.262483
mobile_base_arm_coordination,high_level_task_state_drift,nominal,7,0.1794,0.29154,0.437405,0.331184,0.28392,0.10584,0.17816,0.262483
mobile_base_arm_coordination,high_level_task_state_drift,nominal,8,0.1794,0.29154,0.437405,0.331184,0.28392,0.10584,0.17816,0.262483
mobile_base_arm_coordination,high_level_task_state_drift,nominal,9,0.1794,0.29154,0.437405,0.331184,0.28392,0.10584,0.17816,0.262483
mobile_base_arm_coordination,high_level_task_state_drift,local_anomaly_shift,0,0.308774,0.367488,0.532305,0.39872,0.385632,0.133782,0.223584,0.333193
mobile_base_arm_coordination,high_level_task_state_drift,local_anomaly_shift,1,0.308774,0.367488,0.532305,0.39872,0.385632,0.133782,0.223584,0.333193
mobile_base_arm_coordination,high_level_task_state_drift,local_anomaly_shift,2,0.308774,0.367488,0.532305,0.39872,0.385632,0.133782,0.223584,0.333193
mobile_base_arm_coordination,high_level_task_state_drift,local_anomaly_shift,3,0.308774,0.367488,0.532305,0.39872,0.385632,0.133782,0.223584,0.333193
mobile_base_arm_coordination,high_level_task_state_drift,local_anomaly_shift,4,0.308774,0.367488,0.532305,0.39872,0.385632,0.133782,0.223584,0.333193
mobile_base_arm_coordination,high_level_task_state_drift,local_anomaly_shift,5,0.308774,0.367488,0.532305,0.39872,0.385632,0.133782,0.223584,0.333193
mobile_base_arm_coordination,high_level_task_state_drift,local_anomaly_shift,6,0.308774,0.367488,0.532305,0.39872,0.385632,0.133782,0.223584,0.333193
mobile_base_arm_coordination,high_level_task_state_drift,local_anomaly_shift,7,0.308774,0.367488,0.532305,0.39872,0.385632,0.133782,0.223584,0.333193
mobile_base_arm_coordination,high_level_task_state_drift,local_anomaly_shift,8,0.308774,0.367488,0.532305,0.39872,0.385632,0.133782,0.223584,0.333193
mobile_base_arm_coordination,high_level_task_state_drift,local_anomaly_shift,9,0.308774,0.367488,0.532305,0.39872,0.385632,0.133782,0.223584,0.333193
mobile_base_arm_coordination,high_level_task_state_drift,subgoal_corruption_shift,0,0.235291,0.540207,0.633078,0.465248,0.420992,0.149748,0.23936,0.379797
mobile_base_arm_coordination,high_level_task_state_drift,subgoal_corruption_shift,1,0.235291,0.540207,0.633078,0.465248,0.420992,0.149748,0.23936,0.379797
mobile_base_arm_coordination,high_level_task_state_drift,subgoal_corruption_shift,2,0.235291,0.540207,0.633078,0.465248,0.420992,0.149748,0.23936,0.379797
mobile_base_arm_coordination,high_level_task_state_drift,subgoal_corruption_shift,3,0.235291,0.540207,0.633078,0.465248,0.420992,0.149748,0.23936,0.379797
mobile_base_arm_coordination,high_level_task_state_drift,subgoal_corruption_shift,4,0.235291,0.540207,0.633078,0.465248,0.420992,0.149748,0.23936,0.379797
mobile_base_arm_coordination,high_level_task_state_drift,subgoal_corruption_shift,5,0.235291,0.540207,0.633078,0.465248,0.420992,0.149748,0.23936,0.379797
mobile_base_arm_coordination,high_level_task_state_drift,subgoal_corruption_shift,6,0.235291,0.540207,0.633078,0.465248,0.420992,0.149748,0.23936,0.379797
mobile_base_arm_coordination,high_level_task_state_drift,subgoal_corruption_shift,7,0.235291,0.540207,0.633078,0.465248,0.420992,0.149748,0.23936,0.379797
mobile_base_arm_coordination,high_level_task_state_drift,subgoal_corruption_shift,8,0.235291,0.540207,0.633078,0.465248,0.420992,0.149748,0.23936,0.379797
mobile_base_arm_coordination,high_level_task_state_drift,subgoal_corruption_shift,9,0.235291,0.540207,0.633078,0.465248,0.420992,0.149748,0.23936,0.379797
mobile_base_arm_coordination,high_level_task_state_drift,delayed_observation_shift,0,0.255038,0.467935,0.684392,0.566048,0.466336,0.213615,0.267104,0.412652
mobile_base_arm_coordination,high_level_task_state_drift,delayed_observation_shift,1,0.255038,0.467935,0.684392,0.566048,0.466336,0.213615,0.267104,0.412652
mobile_base_arm_coordination,high_level_task_state_drift,delayed_observation_shift,2,0.255038,0.467935,0.684392,0.566048,0.466336,0.213615,0.267104,0.412652
mobile_base_arm_coordination,high_level_task_state_drift,delayed_observation_shift,3,0.255038,0.467935,0.684392,0.566048,0.466336,0.213615,0.267104,0.412652
mobile_base_arm_coordination,high_level_task_state_drift,delayed_observation_shift,4,0.255038,0.467935,0.684392,0.566048,0.466336,0.213615,0.267104,0.412652
mobile_base_arm_coordination,high_level_task_state_drift,delayed_observation_shift,5,0.255038,0.467935,0.684392,0.566048,0.466336,0.213615,0.267104,0.412652
mobile_base_arm_coordination,high_level_task_state_drift,delayed_observation_shift,6,0.255038,0.467935,0.684392,0.566048,0.466336,0.213615,0.267104,0.412652
mobile_base_arm_coordination,high_level_task_state_drift,delayed_observation_shift,7,0.255038,0.467935,0.684392,0.566048,0.466336,0.213615,0.267104,0.412652
mobile_base_arm_coordination,high_level_task_state_drift,delayed_observation_shift,8,0.255038,0.467935,0.684392,0.566048,0.466336,0.213615,0.267104,0.412652
mobile_base_arm_coordination,high_level_task_state_drift,delayed_observation_shift,9,0.255038,0.467935,0.684392,0.566048,0.466336,0.213615,0.267104,0.412652
mobile_base_arm_coordination,high_level_task_state_drift,false_halt_shift,0,0.257073,0.434044,0.641115,0.467264,0.431808,0.158458,0.365024,0.375333
mobile_base_arm_coordination,high_level_task_state_drift,false_halt_shift,1,0.257073,0.434044,0.641115,0.467264,0.431808,0.158458,0.365024,0.375333
mobile_base_arm_coordination,high_level_task_state_drift,false_halt_shift,2,0.257073,0.434044,0.641115,0.467264,0.431808,0.158458,0.365024,0.375333
mobile_base_arm_coordination,high_level_task_state_drift,false_halt_shift,3,0.257073,0.434044,0.641115,0.467264,0.431808,0.158458,0.365024,0.375333
mobile_base_arm_coordination,high_level_task_state_drift,false_halt_shift,4,0.257073,0.434044,0.641115,0.467264,0.431808,0.158458,0.365024,0.375333
mobile_base_arm_coordination,high_level_task_state_drift,false_halt_shift,5,0.257073,0.434044,0.641115,0.467264,0.431808,0.158458,0.365024,0.375333
mobile_base_arm_coordination,high_level_task_state_drift,false_halt_shift,6,0.257073,0.434044,0.641115,0.467264,0.431808,0.158458,0.365024,0.375333
mobile_base_arm_coordination,high_level_task_state_drift,false_halt_shift,7,0.257073,0.434044,0.641115,0.467264,0.431808,0.158458,0.365024,0.375333
mobile_base_arm_coordination,high_level_task_state_drift,false_halt_shift,8,0.257073,0.434044,0.641115,0.467264,0.431808,0.158458,0.365024,0.375333
mobile_base_arm_coordination,high_level_task_state_drift,false_halt_shift,9,0.257073,0.434044,0.641115,0.467264,0.431808,0.158458,0.365024,0.375333
mobile_base_arm_coordination,high_level_task_state_drift,budget_exhaustion_shift,0,0.286275,0.495292,0.717777,0.568064,0.575328,0.185311,0.289408,0.439793
mobile_base_arm_coordination,high_level_task_state_drift,budget_exhaustion_shift,1,0.286275,0.495292,0.717777,0.568064,0.575328,0.185311,0.289408,0.439793
mobile_base_arm_coordination,high_level_task_state_drift,budget_exhaustion_shift,2,0.286275,0.495292,0.717777,0.568064,0.575328,0.185311,0.289408,0.439793
mobile_base_arm_coordination,high_level_task_state_drift,budget_exhaustion_shift,3,0.286275,0.495292,0.717777,0.568064,0.575328,0.185311,0.289408,0.439793
mobile_base_arm_coordination,high_level_task_state_drift,budget_exhaustion_shift,4,0.286275,0.495292,0.717777,0.568064,0.575328,0.185311,0.289408,0.439793
mobile_base_arm_coordination,high_level_task_state_drift,budget_exhaustion_shift,5,0.286275,0.495292,0.717777,0.568064,0.575328,0.185311,0.289408,0.439793
mobile_base_arm_coordination,high_level_task_state_drift,budget_exhaustion_shift,6,0.286275,0.495292,0.717777,0.568064,0.575328,0.185311,0.289408,0.439793
mobile_base_arm_coordination,high_level_task_state_drift,budget_exhaustion_shift,7,0.286275,0.495292,0.717777,0.568064,0.575328,0.185311,0.289408,0.439793
mobile_base_arm_coordination,high_level_task_state_drift,budget_exhaustion_shift,8,0.286275,0.495292,0.717777,0.568064,0.575328,0.185311,0.289408,0.439793
mobile_base_arm_coordination,high_level_task_state_drift,budget_exhaustion_shift,9,0.286275,0.495292,0.717777,0.568064,0.575328,0.185311,0.289408,0.439793
mobile_base_arm_coordination,high_level_task_state_drift,cross_level_cascade_shift,0,0.314399,0.543882,0.807421,0.658784,0.532896,0.19402,0.304096,0.50711
mobile_base_arm_coordination,high_level_task_state_drift,cross_level_cascade_shift,1,0.314399,0.543882,0.807421,0.658784,0.532896,0.19402,0.304096,0.50711
mobile_base_arm_coordination,high_level_task_state_drift,cross_level_cascade_shift,2,0.314399,0.543882,0.807421,0.658784,0.532896,0.19402,0.304096,0.50711
mobile_base_arm_coordination,high_level_task_state_drift,cross_level_cascade_shift,3,0.314399,0.543882,0.807421,0.658784,0.532896,0.19402,0.304096,0.50711
mobile_base_arm_coordination,high_level_task_state_drift,cross_level_cascade_shift,4,0.314399,0.543882,0.807421,0.658784,0.532896,0.19402,0.304096,0.50711
mobile_base_arm_coordination,high_level_task_state_drift,cross_level_cascade_shift,5,0.314399,0.543882,0.807421,0.658784,0.532896,0.19402,0.304096,0.50711
mobile_base_arm_coordination,high_level_task_state_drift,cross_level_cascade_shift,6,0.314399,0.543882,0.807421,0.658784,0.532896,0.19402,0.304096,0.50711
mobile_base_arm_coordination,high_level_task_state_drift,cross_level_cascade_shift,7,0.314399,0.543882,0.807421,0.658784,0.532896,0.19402,0.304096,0.50711
mobile_base_arm_coordination,high_level_task_state_drift,cross_level_cascade_shift,8,0.314399,0.543882,0.807421,0.658784,0.532896,0.19402,0.304096,0.50711
mobile_base_arm_coordination,high_level_task_state_drift,cross_level_cascade_shift,9,0.314399,0.543882,0.807421,0.658784,0.532896,0.19402,0.304096,0.50711
mobile_base_arm_coordination,high_level_task_state_drift,combined_extreme,0,0.334386,0.574098,0.861208,0.68096,0.585312,0.216518,0.3536,0.522824
mobile_base_arm_coordination,high_level_task_state_drift,combined_extreme,1,0.334386,0.574098,0.861208,0.68096,0.585312,0.216518,0.3536,0.522824
mobile_base_arm_coordination,high_level_task_state_drift,combined_extreme,2,0.334386,0.574098,0.861208,0.68096,0.585312,0.216518,0.3536,0.522824
mobile_base_arm_coordination,high_level_task_state_drift,combined_extreme,3,0.334386,0.574098,0.861208,0.68096,0.585312,0.216518,0.3536,0.522824
mobile_base_arm_coordination,high_level_task_state_drift,combined_extreme,4,0.334386,0.574098,0.861208,0.68096,0.585312,0.216518,0.3536,0.522824
mobile_base_arm_coordination,high_level_task_state_drift,combined_extreme,5,0.334386,0.574098,0.861208,0.68096,0.585312,0.216518,0.3536,0.522824
mobile_base_arm_coordination,high_level_task_state_drift,combined_extreme,6,0.334386,0.574098,0.861208,0.68096,0.585312,0.216518,0.3536,0.522824
mobile_base_arm_coordination,high_level_task_state_drift,combined_extreme,7,0.334386,0.574098,0.861208,0.68096,0.585312,0.216518,0.3536,0.522824
mobile_base_arm_coordination,high_level_task_state_drift,combined_extreme,8,0.334386,0.574098,0.861208,0.68096,0.585312,0.216518,0.3536,0.522824
mobile_base_arm_coordination,high_level_task_state_drift,combined_extreme,9,0.334386,0.574098,0.861208,0.68096,0.585312,0.216518,0.3536,0.522824
mobile_base_arm_coordination,cross_level_cascade,nominal,0,0.432671,0.402125,0.351826,0.555916,0.3822,0.13608,0.22008,0.330221
mobile_base_arm_coordination,cross_level_cascade,nominal,1,0.432671,0.402125,0.351826,0.555916,0.3822,0.13608,0.22008,0.330221
mobile_base_arm_coordination,cross_level_cascade,nominal,2,0.432671,0.402125,0.351826,0.555916,0.3822,0.13608,0.22008,0.330221
mobile_base_arm_coordination,cross_level_cascade,nominal,3,0.432671,0.402125,0.351826,0.555916,0.3822,0.13608,0.22008,0.330221
mobile_base_arm_coordination,cross_level_cascade,nominal,4,0.432671,0.402125,0.351826,0.555916,0.3822,0.13608,0.22008,0.330221
mobile_base_arm_coordination,cross_level_cascade,nominal,5,0.432671,0.402125,0.351826,0.555916,0.3822,0.13608,0.22008,0.330221
mobile_base_arm_coordination,cross_level_cascade,nominal,6,0.432671,0.402125,0.351826,0.555916,0.3822,0.13608,0.22008,0.330221
mobile_base_arm_coordination,cross_level_cascade,nominal,7,0.432671,0.402125,0.351826,0.555916,0.3822,0.13608,0.22008,0.330221
mobile_base_arm_coordination,cross_level_cascade,nominal,8,0.432671,0.402125,0.351826,0.555916,0.3822,0.13608,0.22008,0.330221
mobile_base_arm_coordination,cross_level_cascade,nominal,9,0.432671,0.402125,0.351826,0.555916,0.3822,0.13608,0.22008,0.330221
mobile_base_arm_coordination,cross_level_cascade,local_anomaly_shift,0,0.744691,0.50688,0.428158,0.66928,0.51912,0.172005,0.276192,0.419178
mobile_base_arm_coordination,cross_level_cascade,local_anomaly_shift,1,0.744691,0.50688,0.428158,0.66928,0.51912,0.172005,0.276192,0.419178
mobile_base_arm_coordination,cross_level_cascade,local_anomaly_shift,2,0.744691,0.50688,0.428158,0.66928,0.51912,0.172005,0.276192,0.419178
mobile_base_arm_coordination,cross_level_cascade,local_anomaly_shift,3,0.744691,0.50688,0.428158,0.66928,0.51912,0.172005,0.276192,0.419178
mobile_base_arm_coordination,cross_level_cascade,local_anomaly_shift,4,0.744691,0.50688,0.428158,0.66928,0.51912,0.172005,0.276192,0.419178
mobile_base_arm_coordination,cross_level_cascade,local_anomaly_shift,5,0.744691,0.50688,0.428158,0.66928,0.51912,0.172005,0.276192,0.419178
mobile_base_arm_coordination,cross_level_cascade,local_anomaly_shift,6,0.744691,0.50688,0.428158,0.66928,0.51912,0.172005,0.276192,0.419178
mobile_base_arm_coordination,cross_level_cascade,local_anomaly_shift,7,0.744691,0.50688,0.428158,0.66928,0.51912,0.172005,0.276192,0.419178
mobile_base_arm_coordination,cross_level_cascade,local_anomaly_shift,8,0.744691,0.50688,0.428158,0.66928,0.51912,0.172005,0.276192,0.419178
mobile_base_arm_coordination,cross_level_cascade,local_anomaly_shift,9,0.744691,0.50688,0.428158,0.66928,0.51912,0.172005,0.276192,0.419178
mobile_base_arm_coordination,cross_level_cascade,subgoal_corruption_shift,0,0.567466,0.745114,0.509215,0.780952,0.56672,0.192534,0.29568,0.477809
mobile_base_arm_coordination,cross_level_cascade,subgoal_corruption_shift,1,0.567466,0.745114,0.509215,0.780952,0.56672,0.192534,0.29568,0.477809
mobile_base_arm_coordination,cross_level_cascade,subgoal_corruption_shift,2,0.567466,0.745114,0.509215,0.780952,0.56672,0.192534,0.29568,0.477809
mobile_base_arm_coordination,cross_level_cascade,subgoal_corruption_shift,3,0.567466,0.745114,0.509215,0.780952,0.56672,0.192534,0.29568,0.477809
mobile_base_arm_coordination,cross_level_cascade,subgoal_corruption_shift,4,0.567466,0.745114,0.509215,0.780952,0.56672,0.192534,0.29568,0.477809
mobile_base_arm_coordination,cross_level_cascade,subgoal_corruption_shift,5,0.567466,0.745114,0.509215,0.780952,0.56672,0.192534,0.29568,0.477809
mobile_base_arm_coordination,cross_level_cascade,subgoal_corruption_shift,6,0.567466,0.745114,0.509215,0.780952,0.56672,0.192534,0.29568,0.477809
mobile_base_arm_coordination,cross_level_cascade,subgoal_corruption_shift,7,0.567466,0.745114,0.509215,0.780952,0.56672,0.192534,0.29568,0.477809
mobile_base_arm_coordination,cross_level_cascade,subgoal_corruption_shift,8,0.567466,0.745114,0.509215,0.780952,0.56672,0.192534,0.29568,0.477809
mobile_base_arm_coordination,cross_level_cascade,subgoal_corruption_shift,9,0.567466,0.745114,0.509215,0.780952,0.56672,0.192534,0.29568,0.477809
mobile_base_arm_coordination,cross_level_cascade,delayed_observation_shift,0,0.615092,0.645427,0.550489,0.950152,0.62776,0.274648,0.329952,0.519143
mobile_base_arm_coordination,cross_level_cascade,delayed_observation_shift,1,0.615092,0.645427,0.550489,0.950152,0.62776,0.274648,0.329952,0.519143
mobile_base_arm_coordination,cross_level_cascade,delayed_observation_shift,2,0.615092,0.645427,0.550489,0.950152,0.62776,0.274648,0.329952,0.519143
mobile_base_arm_coordination,cross_level_cascade,delayed_observation_shift,3,0.615092,0.645427,0.550489,0.950152,0.62776,0.274648,0.329952,0.519143
mobile_base_arm_coordination,cross_level_cascade,delayed_observation_shift,4,0.615092,0.645427,0.550489,0.950152,0.62776,0.274648,0.329952,0.519143
mobile_base_arm_coordination,cross_level_cascade,delayed_observation_shift,5,0.615092,0.645427,0.550489,0.950152,0.62776,0.274648,0.329952,0.519143
mobile_base_arm_coordination,cross_level_cascade,delayed_observation_shift,6,0.615092,0.645427,0.550489,0.950152,0.62776,0.274648,0.329952,0.519143
mobile_base_arm_coordination,cross_level_cascade,delayed_observation_shift,7,0.615092,0.645427,0.550489,0.950152,0.62776,0.274648,0.329952,0.519143
mobile_base_arm_coordination,cross_level_cascade,delayed_observation_shift,8,0.615092,0.645427,0.550489,0.950152,0.62776,0.274648,0.329952,0.519143
mobile_base_arm_coordination,cross_level_cascade,delayed_observation_shift,9,0.615092,0.645427,0.550489,0.950152,0.62776,0.274648,0.329952,0.519143
mobile_base_arm_coordination,cross_level_cascade,false_halt_shift,0,0.619999,0.598682,0.515679,0.784336,0.58128,0.203731,0.450912,0.472193
mobile_base_arm_coordination,cross_level_cascade,false_halt_shift,1,0.619999,0.598682,0.515679,0.784336,0.58128,0.203731,0.450912,0.472193
mobile_base_arm_coordination,cross_level_cascade,false_halt_shift,2,0.619999,0.598682,0.515679,0.784336,0.58128,0.203731,0.450912,0.472193
mobile_base_arm_coordination,cross_level_cascade,false_halt_shift,3,0.619999,0.598682,0.515679,0.784336,0.58128,0.203731,0.450912,0.472193
mobile_base_arm_coordination,cross_level_cascade,false_halt_shift,4,0.619999,0.598682,0.515679,0.784336,0.58128,0.203731,0.450912,0.472193
mobile_base_arm_coordination,cross_level_cascade,false_halt_shift,5,0.619999,0.598682,0.515679,0.784336,0.58128,0.203731,0.450912,0.472193
mobile_base_arm_coordination,cross_level_cascade,false_halt_shift,6,0.619999,0.598682,0.515679,0.784336,0.58128,0.203731,0.450912,0.472193
mobile_base_arm_coordination,cross_level_cascade,false_halt_shift,7,0.619999,0.598682,0.515679,0.784336,0.58128,0.203731,0.450912,0.472193
mobile_base_arm_coordination,cross_level_cascade,false_halt_shift,8,0.619999,0.598682,0.515679,0.784336,0.58128,0.203731,0.450912,0.472193
mobile_base_arm_coordination,cross_level_cascade,false_halt_shift,9,0.619999,0.598682,0.515679,0.784336,0.58128,0.203731,0.450912,0.472193
mobile_base_arm_coordination,cross_level_cascade,budget_exhaustion_shift,0,0.690427,0.683162,0.577342,0.953536,0.77448,0.238257,0.357504,0.553288
mobile_base_arm_coordination,cross_level_cascade,budget_exhaustion_shift,1,0.690427,0.683162,0.577342,0.953536,0.77448,0.238257,0.357504,0.553288
mobile_base_arm_coordination,cross_level_cascade,budget_exhaustion_shift,2,0.690427,0.683162,0.577342,0.953536,0.77448,0.238257,0.357504,0.553288
mobile_base_arm_coordination,cross_level_cascade,budget_exhaustion_shift,3,0.690427,0.683162,0.577342,0.953536,0.77448,0.238257,0.357504,0.553288
mobile_base_arm_coordination,cross_level_cascade,budget_exhaustion_shift,4,0.690427,0.683162,0.577342,0.953536,0.77448,0.238257,0.357504,0.553288
mobile_base_arm_coordination,cross_level_cascade,budget_exhaustion_shift,5,0.690427,0.683162,0.577342,0.953536,0.77448,0.238257,0.357504,0.553288
mobile_base_arm_coordination,cross_level_cascade,budget_exhaustion_shift,6,0.690427,0.683162,0.577342,0.953536,0.77448,0.238257,0.357504,0.553288
mobile_base_arm_coordination,cross_level_cascade,budget_exhaustion_shift,7,0.690427,0.683162,0.577342,0.953536,0.77448,0.238257,0.357504,0.553288
mobile_base_arm_coordination,cross_level_cascade,budget_exhaustion_shift,8,0.690427,0.683162,0.577342,0.953536,0.77448,0.238257,0.357504,0.553288
mobile_base_arm_coordination,cross_level_cascade,budget_exhaustion_shift,9,0.690427,0.683162,0.577342,0.953536,0.77448,0.238257,0.357504,0.553288
mobile_base_arm_coordination,cross_level_cascade,cross_level_cascade_shift,0,0.758257,0.750182,0.649448,1.0,0.71736,0.249454,0.375648,0.637978
mobile_base_arm_coordination,cross_level_cascade,cross_level_cascade_shift,1,0.758257,0.750182,0.649448,1.0,0.71736,0.249454,0.375648,0.637978
mobile_base_arm_coordination,cross_level_cascade,cross_level_cascade_shift,2,0.758257,0.750182,0.649448,1.0,0.71736,0.249454,0.375648,0.637978
mobile_base_arm_coordination,cross_level_cascade,cross_level_cascade_shift,3,0.758257,0.750182,0.649448,1.0,0.71736,0.249454,0.375648,0.637978
mobile_base_arm_coordination,cross_level_cascade,cross_level_cascade_shift,4,0.758257,0.750182,0.649448,1.0,0.71736,0.249454,0.375648,0.637978
mobile_base_arm_coordination,cross_level_cascade,cross_level_cascade_shift,5,0.758257,0.750182,0.649448,1.0,0.71736,0.249454,0.375648,0.637978
mobile_base_arm_coordination,cross_level_cascade,cross_level_cascade_shift,6,0.758257,0.750182,0.649448,1.0,0.71736,0.249454,0.375648,0.637978
mobile_base_arm_coordination,cross_level_cascade,cross_level_cascade_shift,7,0.758257,0.750182,0.649448,1.0,0.71736,0.249454,0.375648,0.637978
mobile_base_arm_coordination,cross_level_cascade,cross_level_cascade_shift,8,0.758257,0.750182,0.649448,1.0,0.71736,0.249454,0.375648,0.637978
mobile_base_arm_coordination,cross_level_cascade,cross_level_cascade_shift,9,0.758257,0.750182,0.649448,1.0,0.71736,0.249454,0.375648,0.637978
mobile_base_arm_coordination,cross_level_cascade,combined_extreme,0,0.80646,0.791859,0.692711,1.0,0.78792,0.278381,0.4368,0.657746
mobile_base_arm_coordination,cross_level_cascade,combined_extreme,1,0.80646,0.791859,0.692711,1.0,0.78792,0.278381,0.4368,0.657746
mobile_base_arm_coordination,cross_level_cascade,combined_extreme,2,0.80646,0.791859,0.692711,1.0,0.78792,0.278381,0.4368,0.657746
mobile_base_arm_coordination,cross_level_cascade,combined_extreme,3,0.80646,0.791859,0.692711,1.0,0.78792,0.278381,0.4368,0.657746
mobile_base_arm_coordination,cross_level_cascade,combined_extreme,4,0.80646,0.791859,0.692711,1.0,0.78792,0.278381,0.4368,0.657746
mobile_base_arm_coordination,cross_level_cascade,combined_extreme,5,0.80646,0.791859,0.692711,1.0,0.78792,0.278381,0.4368,0.657746
mobile_base_arm_coordination,cross_level_cascade,combined_extreme,6,0.80646,0.791859,0.692711,1.0,0.78792,0.278381,0.4368,0.657746
mobile_base_arm_coordination,cross_level_cascade,combined_extreme,7,0.80646,0.791859,0.692711,1.0,0.78792,0.278381,0.4368,0.657746
mobile_base_arm_coordination,cross_level_cascade,combined_extreme,8,0.80646,0.791859,0.692711,1.0,0.78792,0.278381,0.4368,0.657746
mobile_base_arm_coordination,cross_level_cascade,combined_extreme,9,0.80646,0.791859,0.692711,1.0,0.78792,0.278381,0.4368,0.657746
mobile_base_arm_coordination,false_halt_pressure,nominal,0,0.253271,0.241275,0.199685,0.212904,0.2184,0.08568,0.48208,0.169344
mobile_base_arm_coordination,false_halt_pressure,nominal,1,0.253271,0.241275,0.199685,0.212904,0.2184,0.08568,0.48208,0.169344
mobile_base_arm_coordination,false_halt_pressure,nominal,2,0.253271,0.241275,0.199685,0.212904,0.2184,0.08568,0.48208,0.169344
mobile_base_arm_coordination,false_halt_pressure,nominal,3,0.253271,0.241275,0.199685,0.212904,0.2184,0.08568,0.48208,0.169344
mobile_base_arm_coordination,false_halt_pressure,nominal,4,0.253271,0.241275,0.199685,0.212904,0.2184,0.08568,0.48208,0.169344
mobile_base_arm_coordination,false_halt_pressure,nominal,5,0.253271,0.241275,0.199685,0.212904,0.2184,0.08568,0.48208,0.169344
mobile_base_arm_coordination,false_halt_pressure,nominal,6,0.253271,0.241275,0.199685,0.212904,0.2184,0.08568,0.48208,0.169344
mobile_base_arm_coordination,false_halt_pressure,nominal,7,0.253271,0.241275,0.199685,0.212904,0.2184,0.08568,0.48208,0.169344
mobile_base_arm_coordination,false_halt_pressure,nominal,8,0.253271,0.241275,0.199685,0.212904,0.2184,0.08568,0.48208,0.169344
mobile_base_arm_coordination,false_halt_pressure,nominal,9,0.253271,0.241275,0.199685,0.212904,0.2184,0.08568,0.48208,0.169344
mobile_base_arm_coordination,false_halt_pressure,local_anomaly_shift,0,0.435917,0.304128,0.243009,0.25632,0.29664,0.1083,0.604992,0.214963
mobile_base_arm_coordination,false_halt_pressure,local_anomaly_shift,1,0.435917,0.304128,0.243009,0.25632,0.29664,0.1083,0.604992,0.214963
mobile_base_arm_coordination,false_halt_pressure,local_anomaly_shift,2,0.435917,0.304128,0.243009,0.25632,0.29664,0.1083,0.604992,0.214963
mobile_base_arm_coordination,false_halt_pressure,local_anomaly_shift,3,0.435917,0.304128,0.243009,0.25632,0.29664,0.1083,0.604992,0.214963
mobile_base_arm_coordination,false_halt_pressure,local_anomaly_shift,4,0.435917,0.304128,0.243009,0.25632,0.29664,0.1083,0.604992,0.214963
mobile_base_arm_coordination,false_halt_pressure,local_anomaly_shift,5,0.435917,0.304128,0.243009,0.25632,0.29664,0.1083,0.604992,0.214963
mobile_base_arm_coordination,false_halt_pressure,local_anomaly_shift,6,0.435917,0.304128,0.243009,0.25632,0.29664,0.1083,0.604992,0.214963
mobile_base_arm_coordination,false_halt_pressure,local_anomaly_shift,7,0.435917,0.304128,0.243009,0.25632,0.29664,0.1083,0.604992,0.214963
mobile_base_arm_coordination,false_halt_pressure,local_anomaly_shift,8,0.435917,0.304128,0.243009,0.25632,0.29664,0.1083,0.604992,0.214963
mobile_base_arm_coordination,false_halt_pressure,local_anomaly_shift,9,0.435917,0.304128,0.243009,0.25632,0.29664,0.1083,0.604992,0.214963
mobile_base_arm_coordination,false_halt_pressure,subgoal_corruption_shift,0,0.332175,0.447068,0.289014,0.299088,0.32384,0.121225,0.64768,0.24503
mobile_base_arm_coordination,false_halt_pressure,subgoal_corruption_shift,1,0.332175,0.447068,0.289014,0.299088,0.32384,0.121225,0.64768,0.24503
mobile_base_arm_coordination,false_halt_pressure,subgoal_corruption_shift,2,0.332175,0.447068,0.289014,0.299088,0.32384,0.121225,0.64768,0.24503
mobile_base_arm_coordination,false_halt_pressure,subgoal_corruption_shift,3,0.332175,0.447068,0.289014,0.299088,0.32384,0.121225,0.64768,0.24503
mobile_base_arm_coordination,false_halt_pressure,subgoal_corruption_shift,4,0.332175,0.447068,0.289014,0.299088,0.32384,0.121225,0.64768,0.24503
mobile_base_arm_coordination,false_halt_pressure,subgoal_corruption_shift,5,0.332175,0.447068,0.289014,0.299088,0.32384,0.121225,0.64768,0.24503
mobile_base_arm_coordination,false_halt_pressure,subgoal_corruption_shift,6,0.332175,0.447068,0.289014,0.299088,0.32384,0.121225,0.64768,0.24503
mobile_base_arm_coordination,false_halt_pressure,subgoal_corruption_shift,7,0.332175,0.447068,0.289014,0.299088,0.32384,0.121225,0.64768,0.24503
mobile_base_arm_coordination,false_halt_pressure,subgoal_corruption_shift,8,0.332175,0.447068,0.289014,0.299088,0.32384,0.121225,0.64768,0.24503
mobile_base_arm_coordination,false_halt_pressure,subgoal_corruption_shift,9,0.332175,0.447068,0.289014,0.299088,0.32384,0.121225,0.64768,0.24503
mobile_base_arm_coordination,false_halt_pressure,delayed_observation_shift,0,0.360054,0.387256,0.31244,0.363888,0.35872,0.172927,0.722752,0.266227
mobile_base_arm_coordination,false_halt_pressure,delayed_observation_shift,1,0.360054,0.387256,0.31244,0.363888,0.35872,0.172927,0.722752,0.266227
mobile_base_arm_coordination,false_halt_pressure,delayed_observation_shift,2,0.360054,0.387256,0.31244,0.363888,0.35872,0.172927,0.722752,0.266227
mobile_base_arm_coordination,false_halt_pressure,delayed_observation_shift,3,0.360054,0.387256,0.31244,0.363888,0.35872,0.172927,0.722752,0.266227
mobile_base_arm_coordination,false_halt_pressure,delayed_observation_shift,4,0.360054,0.387256,0.31244,0.363888,0.35872,0.172927,0.722752,0.266227
mobile_base_arm_coordination,false_halt_pressure,delayed_observation_shift,5,0.360054,0.387256,0.31244,0.363888,0.35872,0.172927,0.722752,0.266227
mobile_base_arm_coordination,false_halt_pressure,delayed_observation_shift,6,0.360054,0.387256,0.31244,0.363888,0.35872,0.172927,0.722752,0.266227
mobile_base_arm_coordination,false_halt_pressure,delayed_observation_shift,7,0.360054,0.387256,0.31244,0.363888,0.35872,0.172927,0.722752,0.266227
mobile_base_arm_coordination,false_halt_pressure,delayed_observation_shift,8,0.360054,0.387256,0.31244,0.363888,0.35872,0.172927,0.722752,0.266227
mobile_base_arm_coordination,false_halt_pressure,delayed_observation_shift,9,0.360054,0.387256,0.31244,0.363888,0.35872,0.172927,0.722752,0.266227
mobile_base_arm_coordination,false_halt_pressure,false_halt_shift,0,0.362926,0.359209,0.292683,0.300384,0.33216,0.128275,0.987712,0.24215
mobile_base_arm_coordination,false_halt_pressure,false_halt_shift,1,0.362926,0.359209,0.292683,0.300384,0.33216,0.128275,0.987712,0.24215
mobile_base_arm_coordination,false_halt_pressure,false_halt_shift,2,0.362926,0.359209,0.292683,0.300384,0.33216,0.128275,0.987712,0.24215
mobile_base_arm_coordination,false_halt_pressure,false_halt_shift,3,0.362926,0.359209,0.292683,0.300384,0.33216,0.128275,0.987712,0.24215
mobile_base_arm_coordination,false_halt_pressure,false_halt_shift,4,0.362926,0.359209,0.292683,0.300384,0.33216,0.128275,0.987712,0.24215
mobile_base_arm_coordination,false_halt_pressure,false_halt_shift,5,0.362926,0.359209,0.292683,0.300384,0.33216,0.128275,0.987712,0.24215
mobile_base_arm_coordination,false_halt_pressure,false_halt_shift,6,0.362926,0.359209,0.292683,0.300384,0.33216,0.128275,0.987712,0.24215
mobile_base_arm_coordination,false_halt_pressure,false_halt_shift,7,0.362926,0.359209,0.292683,0.300384,0.33216,0.128275,0.987712,0.24215
mobile_base_arm_coordination,false_halt_pressure,false_halt_shift,8,0.362926,0.359209,0.292683,0.300384,0.33216,0.128275,0.987712,0.24215
mobile_base_arm_coordination,false_halt_pressure,false_halt_shift,9,0.362926,0.359209,0.292683,0.300384,0.33216,0.128275,0.987712,0.24215
mobile_base_arm_coordination,false_halt_pressure,budget_exhaustion_shift,0,0.404152,0.409897,0.327681,0.365184,0.44256,0.150013,0.783104,0.283738
mobile_base_arm_coordination,false_halt_pressure,budget_exhaustion_shift,1,0.404152,0.409897,0.327681,0.365184,0.44256,0.150013,0.783104,0.283738
mobile_base_arm_coordination,false_halt_pressure,budget_exhaustion_shift,2,0.404152,0.409897,0.327681,0.365184,0.44256,0.150013,0.783104,0.283738
mobile_base_arm_coordination,false_halt_pressure,budget_exhaustion_shift,3,0.404152,0.409897,0.327681,0.365184,0.44256,0.150013,0.783104,0.283738
mobile_base_arm_coordination,false_halt_pressure,budget_exhaustion_shift,4,0.404152,0.409897,0.327681,0.365184,0.44256,0.150013,0.783104,0.283738
mobile_base_arm_coordination,false_halt_pressure,budget_exhaustion_shift,5,0.404152,0.409897,0.327681,0.365184,0.44256,0.150013,0.783104,0.283738
mobile_base_arm_coordination,false_halt_pressure,budget_exhaustion_shift,6,0.404152,0.409897,0.327681,0.365184,0.44256,0.150013,0.783104,0.283738
mobile_base_arm_coordination,false_halt_pressure,budget_exhaustion_shift,7,0.404152,0.409897,0.327681,0.365184,0.44256,0.150013,0.783104,0.283738
mobile_base_arm_coordination,false_halt_pressure,budget_exhaustion_shift,8,0.404152,0.409897,0.327681,0.365184,0.44256,0.150013,0.783104,0.283738
mobile_base_arm_coordination,false_halt_pressure,budget_exhaustion_shift,9,0.404152,0.409897,0.327681,0.365184,0.44256,0.150013,0.783104,0.283738
mobile_base_arm_coordination,false_halt_pressure,cross_level_cascade_shift,0,0.443858,0.450109,0.368605,0.423504,0.40992,0.157064,0.822848,0.327168
mobile_base_arm_coordination,false_halt_pressure,cross_level_cascade_shift,1,0.443858,0.450109,0.368605,0.423504,0.40992,0.157064,0.822848,0.327168
mobile_base_arm_coordination,false_halt_pressure,cross_level_cascade_shift,2,0.443858,0.450109,0.368605,0.423504,0.40992,0.157064,0.822848,0.327168
mobile_base_arm_coordination,false_halt_pressure,cross_level_cascade_shift,3,0.443858,0.450109,0.368605,0.423504,0.40992,0.157064,0.822848,0.327168
mobile_base_arm_coordination,false_halt_pressure,cross_level_cascade_shift,4,0.443858,0.450109,0.368605,0.423504,0.40992,0.157064,0.822848,0.327168
mobile_base_arm_coordination,false_halt_pressure,cross_level_cascade_shift,5,0.443858,0.450109,0.368605,0.423504,0.40992,0.157064,0.822848,0.327168
mobile_base_arm_coordination,false_halt_pressure,cross_level_cascade_shift,6,0.443858,0.450109,0.368605,0.423504,0.40992,0.157064,0.822848,0.327168
mobile_base_arm_coordination,false_halt_pressure,cross_level_cascade_shift,7,0.443858,0.450109,0.368605,0.423504,0.40992,0.157064,0.822848,0.327168
mobile_base_arm_coordination,false_halt_pressure,cross_level_cascade_shift,8,0.443858,0.450109,0.368605,0.423504,0.40992,0.157064,0.822848,0.327168
mobile_base_arm_coordination,false_halt_pressure,cross_level_cascade_shift,9,0.443858,0.450109,0.368605,0.423504,0.40992,0.157064,0.822848,0.327168
mobile_base_arm_coordination,false_halt_pressure,combined_extreme,0,0.472074,0.475116,0.39316,0.43776,0.45024,0.175277,0.9568,0.337306
mobile_base_arm_coordination,false_halt_pressure,combined_extreme,1,0.472074,0.475116,0.39316,0.43776,0.45024,0.175277,0.9568,0.337306
mobile_base_arm_coordination,false_halt_pressure,combined_extreme,2,0.472074,0.475116,0.39316,0.43776,0.45024,0.175277,0.9568,0.337306
mobile_base_arm_coordination,false_halt_pressure,combined_extreme,3,0.472074,0.475116,0.39316,0.43776,0.45024,0.175277,0.9568,0.337306
mobile_base_arm_coordination,false_halt_pressure,combined_extreme,4,0.472074,0.475116,0.39316,0.43776,0.45024,0.175277,0.9568,0.337306
mobile_base_arm_coordination,false_halt_pressure,combined_extreme,5,0.472074,0.475116,0.39316,0.43776,0.45024,0.175277,0.9568,0.337306
mobile_base_arm_coordination,false_halt_pressure,combined_extreme,6,0.472074,0.475116,0.39316,0.43776,0.45024,0.175277,0.9568,0.337306
mobile_base_arm_coordination,false_halt_pressure,combined_extreme,7,0.472074,0.475116,0.39316,0.43776,0.45024,0.175277,0.9568,0.337306
mobile_base_arm_coordination,false_halt_pressure,combined_extreme,8,0.472074,0.475116,0.39316,0.43776,0.45024,0.175277,0.9568,0.337306
mobile_base_arm_coordination,false_halt_pressure,combined_extreme,9,0.472074,0.475116,0.39316,0.43776,0.45024,0.175277,0.9568,0.337306
mobile_base_arm_coordination,delayed_failure_observation,nominal,0,0.337695,0.351859,0.304282,0.366668,0.31668,0.23184,0.262,0.262483
mobile_base_arm_coordination,delayed_failure_observation,nominal,1,0.337695,0.351859,0.304282,0.366668,0.31668,0.23184,0.262,0.262483
mobile_base_arm_coordination,delayed_failure_observation,nominal,2,0.337695,0.351859,0.304282,0.366668,0.31668,0.23184,0.262,0.262483
mobile_base_arm_coordination,delayed_failure_observation,nominal,3,0.337695,0.351859,0.304282,0.366668,0.31668,0.23184,0.262,0.262483
mobile_base_arm_coordination,delayed_failure_observation,nominal,4,0.337695,0.351859,0.304282,0.366668,0.31668,0.23184,0.262,0.262483
mobile_base_arm_coordination,delayed_failure_observation,nominal,5,0.337695,0.351859,0.304282,0.366668,0.31668,0.23184,0.262,0.262483
mobile_base_arm_coordination,delayed_failure_observation,nominal,6,0.337695,0.351859,0.304282,0.366668,0.31668,0.23184,0.262,0.262483
mobile_base_arm_coordination,delayed_failure_observation,nominal,7,0.337695,0.351859,0.304282,0.366668,0.31668,0.23184,0.262,0.262483
mobile_base_arm_coordination,delayed_failure_observation,nominal,8,0.337695,0.351859,0.304282,0.366668,0.31668,0.23184,0.262,0.262483
mobile_base_arm_coordination,delayed_failure_observation,nominal,9,0.337695,0.351859,0.304282,0.366668,0.31668,0.23184,0.262,0.262483
mobile_base_arm_coordination,delayed_failure_observation,local_anomaly_shift,0,0.581222,0.44352,0.370299,0.44144,0.430128,0.293046,0.3288,0.333193
mobile_base_arm_coordination,delayed_failure_observation,local_anomaly_shift,1,0.581222,0.44352,0.370299,0.44144,0.430128,0.293046,0.3288,0.333193
mobile_base_arm_coordination,delayed_failure_observation,local_anomaly_shift,2,0.581222,0.44352,0.370299,0.44144,0.430128,0.293046,0.3288,0.333193
mobile_base_arm_coordination,delayed_failure_observation,local_anomaly_shift,3,0.581222,0.44352,0.370299,0.44144,0.430128,0.293046,0.3288,0.333193
mobile_base_arm_coordination,delayed_failure_observation,local_anomaly_shift,4,0.581222,0.44352,0.370299,0.44144,0.430128,0.293046,0.3288,0.333193
mobile_base_arm_coordination,delayed_failure_observation,local_anomaly_shift,5,0.581222,0.44352,0.370299,0.44144,0.430128,0.293046,0.3288,0.333193
mobile_base_arm_coordination,delayed_failure_observation,local_anomaly_shift,6,0.581222,0.44352,0.370299,0.44144,0.430128,0.293046,0.3288,0.333193
mobile_base_arm_coordination,delayed_failure_observation,local_anomaly_shift,7,0.581222,0.44352,0.370299,0.44144,0.430128,0.293046,0.3288,0.333193
mobile_base_arm_coordination,delayed_failure_observation,local_anomaly_shift,8,0.581222,0.44352,0.370299,0.44144,0.430128,0.293046,0.3288,0.333193
mobile_base_arm_coordination,delayed_failure_observation,local_anomaly_shift,9,0.581222,0.44352,0.370299,0.44144,0.430128,0.293046,0.3288,0.333193
mobile_base_arm_coordination,delayed_failure_observation,subgoal_corruption_shift,0,0.4429,0.651974,0.440402,0.515096,0.469568,0.32802,0.352,0.379797
mobile_base_arm_coordination,delayed_failure_observation,subgoal_corruption_shift,1,0.4429,0.651974,0.440402,0.515096,0.469568,0.32802,0.352,0.379797
mobile_base_arm_coordination,delayed_failure_observation,subgoal_corruption_shift,2,0.4429,0.651974,0.440402,0.515096,0.469568,0.32802,0.352,0.379797
mobile_base_arm_coordination,delayed_failure_observation,subgoal_corruption_shift,3,0.4429,0.651974,0.440402,0.515096,0.469568,0.32802,0.352,0.379797
mobile_base_arm_coordination,delayed_failure_observation,subgoal_corruption_shift,4,0.4429,0.651974,0.440402,0.515096,0.469568,0.32802,0.352,0.379797
mobile_base_arm_coordination,delayed_failure_observation,subgoal_corruption_shift,5,0.4429,0.651974,0.440402,0.515096,0.469568,0.32802,0.352,0.379797
mobile_base_arm_coordination,delayed_failure_observation,subgoal_corruption_shift,6,0.4429,0.651974,0.440402,0.515096,0.469568,0.32802,0.352,0.379797
mobile_base_arm_coordination,delayed_failure_observation,subgoal_corruption_shift,7,0.4429,0.651974,0.440402,0.515096,0.469568,0.32802,0.352,0.379797
mobile_base_arm_coordination,delayed_failure_observation,subgoal_corruption_shift,8,0.4429,0.651974,0.440402,0.515096,0.469568,0.32802,0.352,0.379797
mobile_base_arm_coordination,delayed_failure_observation,subgoal_corruption_shift,9,0.4429,0.651974,0.440402,0.515096,0.469568,0.32802,0.352,0.379797
mobile_base_arm_coordination,delayed_failure_observation,delayed_observation_shift,0,0.480072,0.564749,0.476099,0.626696,0.520144,0.467919,0.3928,0.412652
mobile_base_arm_coordination,delayed_failure_observation,delayed_observation_shift,1,0.480072,0.564749,0.476099,0.626696,0.520144,0.467919,0.3928,0.412652
mobile_base_arm_coordination,delayed_failure_observation,delayed_observation_shift,2,0.480072,0.564749,0.476099,0.626696,0.520144,0.467919,0.3928,0.412652
mobile_base_arm_coordination,delayed_failure_observation,delayed_observation_shift,3,0.480072,0.564749,0.476099,0.626696,0.520144,0.467919,0.3928,0.412652
mobile_base_arm_coordination,delayed_failure_observation,delayed_observation_shift,4,0.480072,0.564749,0.476099,0.626696,0.520144,0.467919,0.3928,0.412652
mobile_base_arm_coordination,delayed_failure_observation,delayed_observation_shift,5,0.480072,0.564749,0.476099,0.626696,0.520144,0.467919,0.3928,0.412652
mobile_base_arm_coordination,delayed_failure_observation,delayed_observation_shift,6,0.480072,0.564749,0.476099,0.626696,0.520144,0.467919,0.3928,0.412652
mobile_base_arm_coordination,delayed_failure_observation,delayed_observation_shift,7,0.480072,0.564749,0.476099,0.626696,0.520144,0.467919,0.3928,0.412652
mobile_base_arm_coordination,delayed_failure_observation,delayed_observation_shift,8,0.480072,0.564749,0.476099,0.626696,0.520144,0.467919,0.3928,0.412652
mobile_base_arm_coordination,delayed_failure_observation,delayed_observation_shift,9,0.480072,0.564749,0.476099,0.626696,0.520144,0.467919,0.3928,0.412652
mobile_base_arm_coordination,delayed_failure_observation,false_halt_shift,0,0.483901,0.523846,0.445993,0.517328,0.481632,0.347098,0.5368,0.375333
mobile_base_arm_coordination,delayed_failure_observation,false_halt_shift,1,0.483901,0.523846,0.445993,0.517328,0.481632,0.347098,0.5368,0.375333
mobile_base_arm_coordination,delayed_failure_observation,false_halt_shift,2,0.483901,0.523846,0.445993,0.517328,0.481632,0.347098,0.5368,0.375333
mobile_base_arm_coordination,delayed_failure_observation,false_halt_shift,3,0.483901,0.523846,0.445993,0.517328,0.481632,0.347098,0.5368,0.375333
mobile_base_arm_coordination,delayed_failure_observation,false_halt_shift,4,0.483901,0.523846,0.445993,0.517328,0.481632,0.347098,0.5368,0.375333
mobile_base_arm_coordination,delayed_failure_observation,false_halt_shift,5,0.483901,0.523846,0.445993,0.517328,0.481632,0.347098,0.5368,0.375333
mobile_base_arm_coordination,delayed_failure_observation,false_halt_shift,6,0.483901,0.523846,0.445993,0.517328,0.481632,0.347098,0.5368,0.375333
mobile_base_arm_coordination,delayed_failure_observation,false_halt_shift,7,0.483901,0.523846,0.445993,0.517328,0.481632,0.347098,0.5368,0.375333
mobile_base_arm_coordination,delayed_failure_observation,false_halt_shift,8,0.483901,0.523846,0.445993,0.517328,0.481632,0.347098,0.5368,0.375333
mobile_base_arm_coordination,delayed_failure_observation,false_halt_shift,9,0.483901,0.523846,0.445993,0.517328,0.481632,0.347098,0.5368,0.375333
mobile_base_arm_coordination,delayed_failure_observation,budget_exhaustion_shift,0,0.53887,0.597766,0.499323,0.628928,0.641712,0.405919,0.4256,0.439793
mobile_base_arm_coordination,delayed_failure_observation,budget_exhaustion_shift,1,0.53887,0.597766,0.499323,0.628928,0.641712,0.405919,0.4256,0.439793
mobile_base_arm_coordination,delayed_failure_observation,budget_exhaustion_shift,2,0.53887,0.597766,0.499323,0.628928,0.641712,0.405919,0.4256,0.439793
mobile_base_arm_coordination,delayed_failure_observation,budget_exhaustion_shift,3,0.53887,0.597766,0.499323,0.628928,0.641712,0.405919,0.4256,0.439793
mobile_base_arm_coordination,delayed_failure_observation,budget_exhaustion_shift,4,0.53887,0.597766,0.499323,0.628928,0.641712,0.405919,0.4256,0.439793
mobile_base_arm_coordination,delayed_failure_observation,budget_exhaustion_shift,5,0.53887,0.597766,0.499323,0.628928,0.641712,0.405919,0.4256,0.439793
mobile_base_arm_coordination,delayed_failure_observation,budget_exhaustion_shift,6,0.53887,0.597766,0.499323,0.628928,0.641712,0.405919,0.4256,0.439793
mobile_base_arm_coordination,delayed_failure_observation,budget_exhaustion_shift,7,0.53887,0.597766,0.499323,0.628928,0.641712,0.405919,0.4256,0.439793
mobile_base_arm_coordination,delayed_failure_observation,budget_exhaustion_shift,8,0.53887,0.597766,0.499323,0.628928,0.641712,0.405919,0.4256,0.439793
mobile_base_arm_coordination,delayed_failure_observation,budget_exhaustion_shift,9,0.53887,0.597766,0.499323,0.628928,0.641712,0.405919,0.4256,0.439793
mobile_base_arm_coordination,delayed_failure_observation,cross_level_cascade_shift,0,0.591811,0.65641,0.561684,0.729368,0.594384,0.424996,0.4472,0.50711
mobile_base_arm_coordination,delayed_failure_observation,cross_level_cascade_shift,1,0.591811,0.65641,0.561684,0.729368,0.594384,0.424996,0.4472,0.50711
mobile_base_arm_coordination,delayed_failure_observation,cross_level_cascade_shift,2,0.591811,0.65641,0.561684,0.729368,0.594384,0.424996,0.4472,0.50711
mobile_base_arm_coordination,delayed_failure_observation,cross_level_cascade_shift,3,0.591811,0.65641,0.561684,0.729368,0.594384,0.424996,0.4472,0.50711
mobile_base_arm_coordination,delayed_failure_observation,cross_level_cascade_shift,4,0.591811,0.65641,0.561684,0.729368,0.594384,0.424996,0.4472,0.50711
mobile_base_arm_coordination,delayed_failure_observation,cross_level_cascade_shift,5,0.591811,0.65641,0.561684,0.729368,0.594384,0.424996,0.4472,0.50711
mobile_base_arm_coordination,delayed_failure_observation,cross_level_cascade_shift,6,0.591811,0.65641,0.561684,0.729368,0.594384,0.424996,0.4472,0.50711
mobile_base_arm_coordination,delayed_failure_observation,cross_level_cascade_shift,7,0.591811,0.65641,0.561684,0.729368,0.594384,0.424996,0.4472,0.50711
mobile_base_arm_coordination,delayed_failure_observation,cross_level_cascade_shift,8,0.591811,0.65641,0.561684,0.729368,0.594384,0.424996,0.4472,0.50711
mobile_base_arm_coordination,delayed_failure_observation,cross_level_cascade_shift,9,0.591811,0.65641,0.561684,0.729368,0.594384,0.424996,0.4472,0.50711
mobile_base_arm_coordination,delayed_failure_observation,combined_extreme,0,0.629432,0.692877,0.599101,0.75392,0.652848,0.474278,0.52,0.522824
mobile_base_arm_coordination,delayed_failure_observation,combined_extreme,1,0.629432,0.692877,0.599101,0.75392,0.652848,0.474278,0.52,0.522824
mobile_base_arm_coordination,delayed_failure_observation,combined_extreme,2,0.629432,0.692877,0.599101,0.75392,0.652848,0.474278,0.52,0.522824
mobile_base_arm_coordination,delayed_failure_observation,combined_extreme,3,0.629432,0.692877,0.599101,0.75392,0.652848,0.474278,0.52,0.522824
mobile_base_arm_coordination,delayed_failure_observation,combined_extreme,4,0.629432,0.692877,0.599101,0.75392,0.652848,0.474278,0.52,0.522824
mobile_base_arm_coordination,delayed_failure_observation,combined_extreme,5,0.629432,0.692877,0.599101,0.75392,0.652848,0.474278,0.52,0.522824
mobile_base_arm_coordination,delayed_failure_observation,combined_extreme,6,0.629432,0.692877,0.599101,0.75392,0.652848,0.474278,0.52,0.522824
mobile_base_arm_coordination,delayed_failure_observation,combined_extreme,7,0.629432,0.692877,0.599101,0.75392,0.652848,0.474278,0.52,0.522824
mobile_base_arm_coordination,delayed_failure_observation,combined_extreme,8,0.629432,0.692877,0.599101,0.75392,0.652848,0.474278,0.52,0.522824
mobile_base_arm_coordination,delayed_failure_observation,combined_extreme,9,0.629432,0.692877,0.599101,0.75392,0.652848,0.474278,0.52,0.522824
mobile_base_arm_coordination,recovery_budget_exhaustion,nominal,0,0.358801,0.331753,0.285264,0.41398,0.51324,0.15624,0.28296,0.279418
mobile_base_arm_coordination,recovery_budget_exhaustion,nominal,1,0.358801,0.331753,0.285264,0.41398,0.51324,0.15624,0.28296,0.279418
mobile_base_arm_coordination,recovery_budget_exhaustion,nominal,2,0.358801,0.331753,0.285264,0.41398,0.51324,0.15624,0.28296,0.279418
mobile_base_arm_coordination,recovery_budget_exhaustion,nominal,3,0.358801,0.331753,0.285264,0.41398,0.51324,0.15624,0.28296,0.279418
mobile_base_arm_coordination,recovery_budget_exhaustion,nominal,4,0.358801,0.331753,0.285264,0.41398,0.51324,0.15624,0.28296,0.279418
mobile_base_arm_coordination,recovery_budget_exhaustion,nominal,5,0.358801,0.331753,0.285264,0.41398,0.51324,0.15624,0.28296,0.279418
mobile_base_arm_coordination,recovery_budget_exhaustion,nominal,6,0.358801,0.331753,0.285264,0.41398,0.51324,0.15624,0.28296,0.279418
mobile_base_arm_coordination,recovery_budget_exhaustion,nominal,7,0.358801,0.331753,0.285264,0.41398,0.51324,0.15624,0.28296,0.279418
mobile_base_arm_coordination,recovery_budget_exhaustion,nominal,8,0.358801,0.331753,0.285264,0.41398,0.51324,0.15624,0.28296,0.279418
mobile_base_arm_coordination,recovery_budget_exhaustion,nominal,9,0.358801,0.331753,0.285264,0.41398,0.51324,0.15624,0.28296,0.279418
mobile_base_arm_coordination,recovery_budget_exhaustion,local_anomaly_shift,0,0.617549,0.418176,0.347155,0.4984,0.697104,0.197487,0.355104,0.354689
mobile_base_arm_coordination,recovery_budget_exhaustion,local_anomaly_shift,1,0.617549,0.418176,0.347155,0.4984,0.697104,0.197487,0.355104,0.354689
mobile_base_arm_coordination,recovery_budget_exhaustion,local_anomaly_shift,2,0.617549,0.418176,0.347155,0.4984,0.697104,0.197487,0.355104,0.354689
mobile_base_arm_coordination,recovery_budget_exhaustion,local_anomaly_shift,3,0.617549,0.418176,0.347155,0.4984,0.697104,0.197487,0.355104,0.354689
mobile_base_arm_coordination,recovery_budget_exhaustion,local_anomaly_shift,4,0.617549,0.418176,0.347155,0.4984,0.697104,0.197487,0.355104,0.354689
mobile_base_arm_coordination,recovery_budget_exhaustion,local_anomaly_shift,5,0.617549,0.418176,0.347155,0.4984,0.697104,0.197487,0.355104,0.354689
mobile_base_arm_coordination,recovery_budget_exhaustion,local_anomaly_shift,6,0.617549,0.418176,0.347155,0.4984,0.697104,0.197487,0.355104,0.354689
mobile_base_arm_coordination,recovery_budget_exhaustion,local_anomaly_shift,7,0.617549,0.418176,0.347155,0.4984,0.697104,0.197487,0.355104,0.354689
mobile_base_arm_coordination,recovery_budget_exhaustion,local_anomaly_shift,8,0.617549,0.418176,0.347155,0.4984,0.697104,0.197487,0.355104,0.354689
mobile_base_arm_coordination,recovery_budget_exhaustion,local_anomaly_shift,9,0.617549,0.418176,0.347155,0.4984,0.697104,0.197487,0.355104,0.354689
mobile_base_arm_coordination,recovery_budget_exhaustion,subgoal_corruption_shift,0,0.470582,0.614719,0.412877,0.58156,0.761024,0.221057,0.38016,0.4043
mobile_base_arm_coordination,recovery_budget_exhaustion,subgoal_corruption_shift,1,0.470582,0.614719,0.412877,0.58156,0.761024,0.221057,0.38016,0.4043
mobile_base_arm_coordination,recovery_budget_exhaustion,subgoal_corruption_shift,2,0.470582,0.614719,0.412877,0.58156,0.761024,0.221057,0.38016,0.4043
mobile_base_arm_coordination,recovery_budget_exhaustion,subgoal_corruption_shift,3,0.470582,0.614719,0.412877,0.58156,0.761024,0.221057,0.38016,0.4043
mobile_base_arm_coordination,recovery_budget_exhaustion,subgoal_corruption_shift,4,0.470582,0.614719,0.412877,0.58156,0.761024,0.221057,0.38016,0.4043
mobile_base_arm_coordination,recovery_budget_exhaustion,subgoal_corruption_shift,5,0.470582,0.614719,0.412877,0.58156,0.761024,0.221057,0.38016,0.4043
mobile_base_arm_coordination,recovery_budget_exhaustion,subgoal_corruption_shift,6,0.470582,0.614719,0.412877,0.58156,0.761024,0.221057,0.38016,0.4043
mobile_base_arm_coordination,recovery_budget_exhaustion,subgoal_corruption_shift,7,0.470582,0.614719,0.412877,0.58156,0.761024,0.221057,0.38016,0.4043
mobile_base_arm_coordination,recovery_budget_exhaustion,subgoal_corruption_shift,8,0.470582,0.614719,0.412877,0.58156,0.761024,0.221057,0.38016,0.4043
mobile_base_arm_coordination,recovery_budget_exhaustion,subgoal_corruption_shift,9,0.470582,0.614719,0.412877,0.58156,0.761024,0.221057,0.38016,0.4043
mobile_base_arm_coordination,recovery_budget_exhaustion,delayed_observation_shift,0,0.510076,0.532477,0.446342,0.70756,0.842992,0.315337,0.424224,0.439275
mobile_base_arm_coordination,recovery_budget_exhaustion,delayed_observation_shift,1,0.510076,0.532477,0.446342,0.70756,0.842992,0.315337,0.424224,0.439275
mobile_base_arm_coordination,recovery_budget_exhaustion,delayed_observation_shift,2,0.510076,0.532477,0.446342,0.70756,0.842992,0.315337,0.424224,0.439275
mobile_base_arm_coordination,recovery_budget_exhaustion,delayed_observation_shift,3,0.510076,0.532477,0.446342,0.70756,0.842992,0.315337,0.424224,0.439275
mobile_base_arm_coordination,recovery_budget_exhaustion,delayed_observation_shift,4,0.510076,0.532477,0.446342,0.70756,0.842992,0.315337,0.424224,0.439275
mobile_base_arm_coordination,recovery_budget_exhaustion,delayed_observation_shift,5,0.510076,0.532477,0.446342,0.70756,0.842992,0.315337,0.424224,0.439275
mobile_base_arm_coordination,recovery_budget_exhaustion,delayed_observation_shift,6,0.510076,0.532477,0.446342,0.70756,0.842992,0.315337,0.424224,0.439275
mobile_base_arm_coordination,recovery_budget_exhaustion,delayed_observation_shift,7,0.510076,0.532477,0.446342,0.70756,0.842992,0.315337,0.424224,0.439275
mobile_base_arm_coordination,recovery_budget_exhaustion,delayed_observation_shift,8,0.510076,0.532477,0.446342,0.70756,0.842992,0.315337,0.424224,0.439275
mobile_base_arm_coordination,recovery_budget_exhaustion,delayed_observation_shift,9,0.510076,0.532477,0.446342,0.70756,0.842992,0.315337,0.424224,0.439275
mobile_base_arm_coordination,recovery_budget_exhaustion,false_halt_shift,0,0.514145,0.493912,0.418118,0.58408,0.780576,0.233914,0.579744,0.399548
mobile_base_arm_coordination,recovery_budget_exhaustion,false_halt_shift,1,0.514145,0.493912,0.418118,0.58408,0.780576,0.233914,0.579744,0.399548
mobile_base_arm_coordination,recovery_budget_exhaustion,false_halt_shift,2,0.514145,0.493912,0.418118,0.58408,0.780576,0.233914,0.579744,0.399548
mobile_base_arm_coordination,recovery_budget_exhaustion,false_halt_shift,3,0.514145,0.493912,0.418118,0.58408,0.780576,0.233914,0.579744,0.399548
mobile_base_arm_coordination,recovery_budget_exhaustion,false_halt_shift,4,0.514145,0.493912,0.418118,0.58408,0.780576,0.233914,0.579744,0.399548
mobile_base_arm_coordination,recovery_budget_exhaustion,false_halt_shift,5,0.514145,0.493912,0.418118,0.58408,0.780576,0.233914,0.579744,0.399548
mobile_base_arm_coordination,recovery_budget_exhaustion,false_halt_shift,6,0.514145,0.493912,0.418118,0.58408,0.780576,0.233914,0.579744,0.399548
mobile_base_arm_coordination,recovery_budget_exhaustion,false_halt_shift,7,0.514145,0.493912,0.418118,0.58408,0.780576,0.233914,0.579744,0.399548
mobile_base_arm_coordination,recovery_budget_exhaustion,false_halt_shift,8,0.514145,0.493912,0.418118,0.58408,0.780576,0.233914,0.579744,0.399548
mobile_base_arm_coordination,recovery_budget_exhaustion,false_halt_shift,9,0.514145,0.493912,0.418118,0.58408,0.780576,0.233914,0.579744,0.399548
mobile_base_arm_coordination,recovery_budget_exhaustion,budget_exhaustion_shift,0,0.572549,0.563608,0.468115,0.71008,1.0,0.273554,0.459648,0.468167
mobile_base_arm_coordination,recovery_budget_exhaustion,budget_exhaustion_shift,1,0.572549,0.563608,0.468115,0.71008,1.0,0.273554,0.459648,0.468167
mobile_base_arm_coordination,recovery_budget_exhaustion,budget_exhaustion_shift,2,0.572549,0.563608,0.468115,0.71008,1.0,0.273554,0.459648,0.468167
mobile_base_arm_coordination,recovery_budget_exhaustion,budget_exhaustion_shift,3,0.572549,0.563608,0.468115,0.71008,1.0,0.273554,0.459648,0.468167
mobile_base_arm_coordination,recovery_budget_exhaustion,budget_exhaustion_shift,4,0.572549,0.563608,0.468115,0.71008,1.0,0.273554,0.459648,0.468167
mobile_base_arm_coordination,recovery_budget_exhaustion,budget_exhaustion_shift,5,0.572549,0.563608,0.468115,0.71008,1.0,0.273554,0.459648,0.468167
mobile_base_arm_coordination,recovery_budget_exhaustion,budget_exhaustion_shift,6,0.572549,0.563608,0.468115,0.71008,1.0,0.273554,0.459648,0.468167
mobile_base_arm_coordination,recovery_budget_exhaustion,budget_exhaustion_shift,7,0.572549,0.563608,0.468115,0.71008,1.0,0.273554,0.459648,0.468167
mobile_base_arm_coordination,recovery_budget_exhaustion,budget_exhaustion_shift,8,0.572549,0.563608,0.468115,0.71008,1.0,0.273554,0.459648,0.468167
mobile_base_arm_coordination,recovery_budget_exhaustion,budget_exhaustion_shift,9,0.572549,0.563608,0.468115,0.71008,1.0,0.273554,0.459648,0.468167
mobile_base_arm_coordination,recovery_budget_exhaustion,cross_level_cascade_shift,0,0.628799,0.6189,0.526579,0.82348,0.963312,0.28641,0.482976,0.539827
mobile_base_arm_coordination,recovery_budget_exhaustion,cross_level_cascade_shift,1,0.628799,0.6189,0.526579,0.82348,0.963312,0.28641,0.482976,0.539827
mobile_base_arm_coordination,recovery_budget_exhaustion,cross_level_cascade_shift,2,0.628799,0.6189,0.526579,0.82348,0.963312,0.28641,0.482976,0.539827
mobile_base_arm_coordination,recovery_budget_exhaustion,cross_level_cascade_shift,3,0.628799,0.6189,0.526579,0.82348,0.963312,0.28641,0.482976,0.539827
mobile_base_arm_coordination,recovery_budget_exhaustion,cross_level_cascade_shift,4,0.628799,0.6189,0.526579,0.82348,0.963312,0.28641,0.482976,0.539827
mobile_base_arm_coordination,recovery_budget_exhaustion,cross_level_cascade_shift,5,0.628799,0.6189,0.526579,0.82348,0.963312,0.28641,0.482976,0.539827
mobile_base_arm_coordination,recovery_budget_exhaustion,cross_level_cascade_shift,6,0.628799,0.6189,0.526579,0.82348,0.963312,0.28641,0.482976,0.539827
mobile_base_arm_coordination,recovery_budget_exhaustion,cross_level_cascade_shift,7,0.628799,0.6189,0.526579,0.82348,0.963312,0.28641,0.482976,0.539827
mobile_base_arm_coordination,recovery_budget_exhaustion,cross_level_cascade_shift,8,0.628799,0.6189,0.526579,0.82348,0.963312,0.28641,0.482976,0.539827
mobile_base_arm_coordination,recovery_budget_exhaustion,cross_level_cascade_shift,9,0.628799,0.6189,0.526579,0.82348,0.963312,0.28641,0.482976,0.539827
mobile_base_arm_coordination,recovery_budget_exhaustion,combined_extreme,0,0.668772,0.653284,0.561658,0.8512,1.0,0.319622,0.5616,0.556554
mobile_base_arm_coordination,recovery_budget_exhaustion,combined_extreme,1,0.668772,0.653284,0.561658,0.8512,1.0,0.319622,0.5616,0.556554
mobile_base_arm_coordination,recovery_budget_exhaustion,combined_extreme,2,0.668772,0.653284,0.561658,0.8512,1.0,0.319622,0.5616,0.556554
mobile_base_arm_coordination,recovery_budget_exhaustion,combined_extreme,3,0.668772,0.653284,0.561658,0.8512,1.0,0.319622,0.5616,0.556554
mobile_base_arm_coordination,recovery_budget_exhaustion,combined_extreme,4,0.668772,0.653284,0.561658,0.8512,1.0,0.319622,0.5616,0.556554
mobile_base_arm_coordination,recovery_budget_exhaustion,combined_extreme,5,0.668772,0.653284,0.561658,0.8512,1.0,0.319622,0.5616,0.556554
mobile_base_arm_coordination,recovery_budget_exhaustion,combined_extreme,6,0.668772,0.653284,0.561658,0.8512,1.0,0.319622,0.5616,0.556554
mobile_base_arm_coordination,recovery_budget_exhaustion,combined_extreme,7,0.668772,0.653284,0.561658,0.8512,1.0,0.319622,0.5616,0.556554
mobile_base_arm_coordination,recovery_budget_exhaustion,combined_extreme,8,0.668772,0.653284,0.561658,0.8512,1.0,0.319622,0.5616,0.556554
mobile_base_arm_coordination,recovery_budget_exhaustion,combined_extreme,9,0.668772,0.653284,0.561658,0.8512,1.0,0.319622,0.5616,0.556554
mobile_base_arm_coordination,compositional_failure_chain,nominal,0,0.46433,0.432284,0.389861,0.567744,0.46956,0.19656,0.33536,0.355622
mobile_base_arm_coordination,compositional_failure_chain,nominal,1,0.46433,0.432284,0.389861,0.567744,0.46956,0.19656,0.33536,0.355622
mobile_base_arm_coordination,compositional_failure_chain,nominal,2,0.46433,0.432284,0.389861,0.567744,0.46956,0.19656,0.33536,0.355622
mobile_base_arm_coordination,compositional_failure_chain,nominal,3,0.46433,0.432284,0.389861,0.567744,0.46956,0.19656,0.33536,0.355622
mobile_base_arm_coordination,compositional_failure_chain,nominal,4,0.46433,0.432284,0.389861,0.567744,0.46956,0.19656,0.33536,0.355622
mobile_base_arm_coordination,compositional_failure_chain,nominal,5,0.46433,0.432284,0.389861,0.567744,0.46956,0.19656,0.33536,0.355622
mobile_base_arm_coordination,compositional_failure_chain,nominal,6,0.46433,0.432284,0.389861,0.567744,0.46956,0.19656,0.33536,0.355622
mobile_base_arm_coordination,compositional_failure_chain,nominal,7,0.46433,0.432284,0.389861,0.567744,0.46956,0.19656,0.33536,0.355622
mobile_base_arm_coordination,compositional_failure_chain,nominal,8,0.46433,0.432284,0.389861,0.567744,0.46956,0.19656,0.33536,0.355622
mobile_base_arm_coordination,compositional_failure_chain,nominal,9,0.46433,0.432284,0.389861,0.567744,0.46956,0.19656,0.33536,0.355622
mobile_base_arm_coordination,compositional_failure_chain,local_anomaly_shift,0,0.799181,0.544896,0.474445,0.68352,0.637776,0.248452,0.420864,0.451423
mobile_base_arm_coordination,compositional_failure_chain,local_anomaly_shift,1,0.799181,0.544896,0.474445,0.68352,0.637776,0.248452,0.420864,0.451423
mobile_base_arm_coordination,compositional_failure_chain,local_anomaly_shift,2,0.799181,0.544896,0.474445,0.68352,0.637776,0.248452,0.420864,0.451423
mobile_base_arm_coordination,compositional_failure_chain,local_anomaly_shift,3,0.799181,0.544896,0.474445,0.68352,0.637776,0.248452,0.420864,0.451423
mobile_base_arm_coordination,compositional_failure_chain,local_anomaly_shift,4,0.799181,0.544896,0.474445,0.68352,0.637776,0.248452,0.420864,0.451423
mobile_base_arm_coordination,compositional_failure_chain,local_anomaly_shift,5,0.799181,0.544896,0.474445,0.68352,0.637776,0.248452,0.420864,0.451423
mobile_base_arm_coordination,compositional_failure_chain,local_anomaly_shift,6,0.799181,0.544896,0.474445,0.68352,0.637776,0.248452,0.420864,0.451423
mobile_base_arm_coordination,compositional_failure_chain,local_anomaly_shift,7,0.799181,0.544896,0.474445,0.68352,0.637776,0.248452,0.420864,0.451423
mobile_base_arm_coordination,compositional_failure_chain,local_anomaly_shift,8,0.799181,0.544896,0.474445,0.68352,0.637776,0.248452,0.420864,0.451423
mobile_base_arm_coordination,compositional_failure_chain,local_anomaly_shift,9,0.799181,0.544896,0.474445,0.68352,0.637776,0.248452,0.420864,0.451423
mobile_base_arm_coordination,compositional_failure_chain,subgoal_corruption_shift,0,0.608988,0.800997,0.564265,0.797568,0.696256,0.278104,0.45056,0.514564
mobile_base_arm_coordination,compositional_failure_chain,subgoal_corruption_shift,1,0.608988,0.800997,0.564265,0.797568,0.696256,0.278104,0.45056,0.514564
mobile_base_arm_coordination,compositional_failure_chain,subgoal_corruption_shift,2,0.608988,0.800997,0.564265,0.797568,0.696256,0.278104,0.45056,0.514564
mobile_base_arm_coordination,compositional_failure_chain,subgoal_corruption_shift,3,0.608988,0.800997,0.564265,0.797568,0.696256,0.278104,0.45056,0.514564
mobile_base_arm_coordination,compositional_failure_chain,subgoal_corruption_shift,4,0.608988,0.800997,0.564265,0.797568,0.696256,0.278104,0.45056,0.514564
mobile_base_arm_coordination,compositional_failure_chain,subgoal_corruption_shift,5,0.608988,0.800997,0.564265,0.797568,0.696256,0.278104,0.45056,0.514564
mobile_base_arm_coordination,compositional_failure_chain,subgoal_corruption_shift,6,0.608988,0.800997,0.564265,0.797568,0.696256,0.278104,0.45056,0.514564
mobile_base_arm_coordination,compositional_failure_chain,subgoal_corruption_shift,7,0.608988,0.800997,0.564265,0.797568,0.696256,0.278104,0.45056,0.514564
mobile_base_arm_coordination,compositional_failure_chain,subgoal_corruption_shift,8,0.608988,0.800997,0.564265,0.797568,0.696256,0.278104,0.45056,0.514564
mobile_base_arm_coordination,compositional_failure_chain,subgoal_corruption_shift,9,0.608988,0.800997,0.564265,0.797568,0.696256,0.278104,0.45056,0.514564
mobile_base_arm_coordination,compositional_failure_chain,delayed_observation_shift,0,0.660099,0.693834,0.610001,0.970368,0.771248,0.396714,0.502784,0.559077
mobile_base_arm_coordination,compositional_failure_chain,delayed_observation_shift,1,0.660099,0.693834,0.610001,0.970368,0.771248,0.396714,0.502784,0.559077
mobile_base_arm_coordination,compositional_failure_chain,delayed_observation_shift,2,0.660099,0.693834,0.610001,0.970368,0.771248,0.396714,0.502784,0.559077
mobile_base_arm_coordination,compositional_failure_chain,delayed_observation_shift,3,0.660099,0.693834,0.610001,0.970368,0.771248,0.396714,0.502784,0.559077
mobile_base_arm_coordination,compositional_failure_chain,delayed_observation_shift,4,0.660099,0.693834,0.610001,0.970368,0.771248,0.396714,0.502784,0.559077
mobile_base_arm_coordination,compositional_failure_chain,delayed_observation_shift,5,0.660099,0.693834,0.610001,0.970368,0.771248,0.396714,0.502784,0.559077
mobile_base_arm_coordination,compositional_failure_chain,delayed_observation_shift,6,0.660099,0.693834,0.610001,0.970368,0.771248,0.396714,0.502784,0.559077
mobile_base_arm_coordination,compositional_failure_chain,delayed_observation_shift,7,0.660099,0.693834,0.610001,0.970368,0.771248,0.396714,0.502784,0.559077
mobile_base_arm_coordination,compositional_failure_chain,delayed_observation_shift,8,0.660099,0.693834,0.610001,0.970368,0.771248,0.396714,0.502784,0.559077
mobile_base_arm_coordination,compositional_failure_chain,delayed_observation_shift,9,0.660099,0.693834,0.610001,0.970368,0.771248,0.396714,0.502784,0.559077
mobile_base_arm_coordination,compositional_failure_chain,false_halt_shift,0,0.665364,0.643583,0.571428,0.801024,0.714144,0.294278,0.687104,0.508516
mobile_base_arm_coordination,compositional_failure_chain,false_halt_shift,1,0.665364,0.643583,0.571428,0.801024,0.714144,0.294278,0.687104,0.508516
mobile_base_arm_coordination,compositional_failure_chain,false_halt_shift,2,0.665364,0.643583,0.571428,0.801024,0.714144,0.294278,0.687104,0.508516
mobile_base_arm_coordination,compositional_failure_chain,false_halt_shift,3,0.665364,0.643583,0.571428,0.801024,0.714144,0.294278,0.687104,0.508516
mobile_base_arm_coordination,compositional_failure_chain,false_halt_shift,4,0.665364,0.643583,0.571428,0.801024,0.714144,0.294278,0.687104,0.508516
mobile_base_arm_coordination,compositional_failure_chain,false_halt_shift,5,0.665364,0.643583,0.571428,0.801024,0.714144,0.294278,0.687104,0.508516
mobile_base_arm_coordination,compositional_failure_chain,false_halt_shift,6,0.665364,0.643583,0.571428,0.801024,0.714144,0.294278,0.687104,0.508516
mobile_base_arm_coordination,compositional_failure_chain,false_halt_shift,7,0.665364,0.643583,0.571428,0.801024,0.714144,0.294278,0.687104,0.508516
mobile_base_arm_coordination,compositional_failure_chain,false_halt_shift,8,0.665364,0.643583,0.571428,0.801024,0.714144,0.294278,0.687104,0.508516
mobile_base_arm_coordination,compositional_failure_chain,false_halt_shift,9,0.665364,0.643583,0.571428,0.801024,0.714144,0.294278,0.687104,0.508516
mobile_base_arm_coordination,compositional_failure_chain,budget_exhaustion_shift,0,0.740946,0.734399,0.639757,0.973824,0.951504,0.344148,0.544768,0.595849
mobile_base_arm_coordination,compositional_failure_chain,budget_exhaustion_shift,1,0.740946,0.734399,0.639757,0.973824,0.951504,0.344148,0.544768,0.595849
mobile_base_arm_coordination,compositional_failure_chain,budget_exhaustion_shift,2,0.740946,0.734399,0.639757,0.973824,0.951504,0.344148,0.544768,0.595849
mobile_base_arm_coordination,compositional_failure_chain,budget_exhaustion_shift,3,0.740946,0.734399,0.639757,0.973824,0.951504,0.344148,0.544768,0.595849
mobile_base_arm_coordination,compositional_failure_chain,budget_exhaustion_shift,4,0.740946,0.734399,0.639757,0.973824,0.951504,0.344148,0.544768,0.595849
mobile_base_arm_coordination,compositional_failure_chain,budget_exhaustion_shift,5,0.740946,0.734399,0.639757,0.973824,0.951504,0.344148,0.544768,0.595849
mobile_base_arm_coordination,compositional_failure_chain,budget_exhaustion_shift,6,0.740946,0.734399,0.639757,0.973824,0.951504,0.344148,0.544768,0.595849
mobile_base_arm_coordination,compositional_failure_chain,budget_exhaustion_shift,7,0.740946,0.734399,0.639757,0.973824,0.951504,0.344148,0.544768,0.595849
mobile_base_arm_coordination,compositional_failure_chain,budget_exhaustion_shift,8,0.740946,0.734399,0.639757,0.973824,0.951504,0.344148,0.544768,0.595849
mobile_base_arm_coordination,compositional_failure_chain,budget_exhaustion_shift,9,0.740946,0.734399,0.639757,0.973824,0.951504,0.344148,0.544768,0.595849
mobile_base_arm_coordination,compositional_failure_chain,cross_level_cascade_shift,0,0.81374,0.806446,0.719658,1.0,0.881328,0.360323,0.572416,0.687053
mobile_base_arm_coordination,compositional_failure_chain,cross_level_cascade_shift,1,0.81374,0.806446,0.719658,1.0,0.881328,0.360323,0.572416,0.687053
mobile_base_arm_coordination,compositional_failure_chain,cross_level_cascade_shift,2,0.81374,0.806446,0.719658,1.0,0.881328,0.360323,0.572416,0.687053
mobile_base_arm_coordination,compositional_failure_chain,cross_level_cascade_shift,3,0.81374,0.806446,0.719658,1.0,0.881328,0.360323,0.572416,0.687053
mobile_base_arm_coordination,compositional_failure_chain,cross_level_cascade_shift,4,0.81374,0.806446,0.719658,1.0,0.881328,0.360323,0.572416,0.687053
mobile_base_arm_coordination,compositional_failure_chain,cross_level_cascade_shift,5,0.81374,0.806446,0.719658,1.0,0.881328,0.360323,0.572416,0.687053
mobile_base_arm_coordination,compositional_failure_chain,cross_level_cascade_shift,6,0.81374,0.806446,0.719658,1.0,0.881328,0.360323,0.572416,0.687053
mobile_base_arm_coordination,compositional_failure_chain,cross_level_cascade_shift,7,0.81374,0.806446,0.719658,1.0,0.881328,0.360323,0.572416,0.687053
mobile_base_arm_coordination,compositional_failure_chain,cross_level_cascade_shift,8,0.81374,0.806446,0.719658,1.0,0.881328,0.360323,0.572416,0.687053
mobile_base_arm_coordination,compositional_failure_chain,cross_level_cascade_shift,9,0.81374,0.806446,0.719658,1.0,0.881328,0.360323,0.572416,0.687053
mobile_base_arm_coordination,compositional_failure_chain,combined_extreme,0,0.865469,0.851249,0.767599,1.0,0.968016,0.402106,0.6656,0.708342
mobile_base_arm_coordination,compositional_failure_chain,combined_extreme,1,0.865469,0.851249,0.767599,1.0,0.968016,0.402106,0.6656,0.708342
mobile_base_arm_coordination,compositional_failure_chain,combined_extreme,2,0.865469,0.851249,0.767599,1.0,0.968016,0.402106,0.6656,0.708342
mobile_base_arm_coordination,compositional_failure_chain,combined_extreme,3,0.865469,0.851249,0.767599,1.0,0.968016,0.402106,0.6656,0.708342
mobile_base_arm_coordination,compositional_failure_chain,combined_extreme,4,0.865469,0.851249,0.767599,1.0,0.968016,0.402106,0.6656,0.708342
mobile_base_arm_coordination,compositional_failure_chain,combined_extreme,5,0.865469,0.851249,0.767599,1.0,0.968016,0.402106,0.6656,0.708342
mobile_base_arm_coordination,compositional_failure_chain,combined_extreme,6,0.865469,0.851249,0.767599,1.0,0.968016,0.402106,0.6656,0.708342
mobile_base_arm_coordination,compositional_failure_chain,combined_extreme,7,0.865469,0.851249,0.767599,1.0,0.968016,0.402106,0.6656,0.708342
mobile_base_arm_coordination,compositional_failure_chain,combined_extreme,8,0.865469,0.851249,0.767599,1.0,0.968016,0.402106,0.6656,0.708342
mobile_base_arm_coordination,compositional_failure_chain,combined_extreme,9,0.865469,0.851249,0.767599,1.0,0.968016,0.402106,0.6656,0.708342
