method,split,stress_level,seed,success,containment_rate,cascade_rate,state_corruption,subgoal_corruption,damage_rate,false_halt,missed_failure,recovery_success,escalation_precision,containment_latency,ece,regret,utility,groups
anomaly_transformer_attribution,stress_00,0.05,0,0.6875,0.559028,0.100694,0.045139,0.048611,0.024306,0.041667,0.194444,0.378472,0.5625,0.599052,0.011588,0.246528,0.453056,48
anomaly_transformer_attribution,stress_00,0.05,1,0.704861,0.555556,0.076389,0.055556,0.013889,0.024306,0.055556,0.194444,0.40625,0.486111,0.599267,0.011624,0.222222,0.488062,48
anomaly_transformer_attribution,stress_00,0.05,2,0.673611,0.465278,0.097222,0.038194,0.055556,0.020833,0.045139,0.194444,0.378472,0.552083,0.599396,0.011196,0.270833,0.433696,48
anomaly_transformer_attribution,stress_00,0.05,3,0.711806,0.472222,0.114583,0.013889,0.069444,0.006944,0.034722,0.197917,0.458333,0.506944,0.598089,0.01156,0.243055,0.490009,48
anomaly_transformer_attribution,stress_00,0.05,4,0.6875,0.489583,0.131944,0.038194,0.038194,0.013889,0.048611,0.236111,0.375,0.625,0.59733,0.011181,0.225694,0.426302,48
anomaly_transformer_attribution,stress_00,0.05,5,0.666667,0.506944,0.097222,0.069444,0.027778,0.027778,0.052083,0.142361,0.430556,0.607639,0.598631,0.011335,0.211805,0.446715,48
anomaly_transformer_attribution,stress_00,0.05,6,0.673611,0.461806,0.100694,0.041667,0.065972,0.020833,0.045139,0.173611,0.371528,0.572917,0.598392,0.011068,0.270833,0.434635,48
anomaly_transformer_attribution,stress_00,0.05,7,0.666667,0.420139,0.09375,0.048611,0.038194,0.024306,0.055556,0.1875,0.423611,0.53125,0.599653,0.011117,0.274305,0.423746,48
anomaly_transformer_attribution,stress_00,0.05,8,0.732639,0.496528,0.111111,0.055556,0.052083,0.024306,0.072917,0.149306,0.413194,0.597222,0.597873,0.011645,0.208333,0.489016,48
anomaly_transformer_attribution,stress_00,0.05,9,0.708333,0.503472,0.09375,0.041667,0.038194,0.027778,0.0625,0.225694,0.392361,0.576389,0.598841,0.011242,0.222223,0.453454,48
anomaly_transformer_attribution,stress_01,0.15,0,0.663194,0.472222,0.111111,0.052083,0.065972,0.024306,0.059028,0.229167,0.350694,0.569444,0.619,0.018951,0.291667,0.372796,48
anomaly_transformer_attribution,stress_01,0.15,1,0.677083,0.472222,0.118056,0.020833,0.072917,0.013889,0.041667,0.229167,0.402778,0.513889,0.617208,0.019247,0.277778,0.416176,48
anomaly_transformer_attribution,stress_01,0.15,2,0.663194,0.46875,0.125,0.048611,0.045139,0.020833,0.041667,0.253472,0.371528,0.597222,0.616914,0.019114,0.246528,0.378287,48
anomaly_transformer_attribution,stress_01,0.15,3,0.645833,0.506944,0.09375,0.072917,0.041667,0.017361,0.055556,0.166667,0.402778,0.597222,0.61862,0.019338,0.25,0.41218,48
anomaly_transformer_attribution,stress_01,0.15,4,0.659722,0.465278,0.118056,0.052083,0.065972,0.027778,0.041667,0.194444,0.364583,0.579861,0.617832,0.019064,0.288195,0.385819,48
anomaly_transformer_attribution,stress_01,0.15,5,0.652778,0.416667,0.09375,0.0625,0.038194,0.03125,0.048611,0.190972,0.413194,0.538194,0.618652,0.018841,0.28125,0.392444,48
anomaly_transformer_attribution,stress_01,0.15,6,0.725694,0.489583,0.121528,0.055556,0.052083,0.03125,0.059028,0.197917,0.420139,0.572917,0.61644,0.019239,0.201389,0.4476,48
anomaly_transformer_attribution,stress_01,0.15,7,0.684028,0.5,0.111111,0.034722,0.045139,0.027778,0.059028,0.263889,0.378472,0.583333,0.617662,0.019228,0.239583,0.398579,48
anomaly_transformer_attribution,stress_01,0.15,8,0.677083,0.440972,0.125,0.069444,0.041667,0.017361,0.041667,0.152778,0.375,0.534722,0.618036,0.020051,0.28125,0.426958,48
anomaly_transformer_attribution,stress_01,0.15,9,0.704861,0.440972,0.125,0.034722,0.034722,0.020833,0.072917,0.194444,0.364583,0.590278,0.618692,0.019124,0.225695,0.441704,48
anomaly_transformer_attribution,stress_02,0.25,0,0.677083,0.4375,0.125,0.0625,0.038194,0.027778,0.045139,0.263889,0.381944,0.607639,0.636517,0.028103,0.225695,0.368681,48
anomaly_transformer_attribution,stress_02,0.25,1,0.645833,0.520833,0.100694,0.048611,0.069444,0.017361,0.041667,0.194444,0.368056,0.59375,0.637251,0.028307,0.267361,0.397111,48
anomaly_transformer_attribution,stress_02,0.25,2,0.65625,0.465278,0.142361,0.052083,0.072917,0.034722,0.041667,0.201389,0.368056,0.565972,0.636852,0.028363,0.291667,0.349849,48
anomaly_transformer_attribution,stress_02,0.25,3,0.677083,0.416667,0.097222,0.065972,0.034722,0.034722,0.041667,0.194444,0.402778,0.520833,0.638355,0.027659,0.25,0.407209,48
anomaly_transformer_attribution,stress_02,0.25,4,0.708333,0.482639,0.128472,0.048611,0.052083,0.038194,0.055556,0.190972,0.371528,0.579861,0.635729,0.028267,0.229167,0.419851,48
anomaly_transformer_attribution,stress_02,0.25,5,0.645833,0.506944,0.142361,0.045139,0.048611,0.024306,0.059028,0.270833,0.371528,0.565972,0.637254,0.028097,0.277778,0.330301,48
anomaly_transformer_attribution,stress_02,0.25,6,0.684028,0.4375,0.121528,0.083333,0.041667,0.024306,0.048611,0.194444,0.381944,0.520833,0.636934,0.029095,0.270833,0.39521,48
anomaly_transformer_attribution,stress_02,0.25,7,0.663194,0.465278,0.125,0.041667,0.038194,0.027778,0.065972,0.194444,0.371528,0.576389,0.638228,0.028116,0.267362,0.389454,48
anomaly_transformer_attribution,stress_02,0.25,8,0.625,0.385417,0.159722,0.059028,0.038194,0.027778,0.052083,0.184028,0.326389,0.520833,0.637904,0.028034,0.284722,0.317433,48
anomaly_transformer_attribution,stress_02,0.25,9,0.621528,0.454861,0.128472,0.024306,0.055556,0.017361,0.045139,0.236111,0.399306,0.586806,0.63651,0.028202,0.284722,0.349483,48
anomaly_transformer_attribution,stress_03,0.35,0,0.690972,0.458333,0.163194,0.055556,0.0625,0.041667,0.0625,0.211806,0.392361,0.5625,0.657064,0.037947,0.25,0.350552,48
anomaly_transformer_attribution,stress_03,0.35,1,0.690972,0.423611,0.111111,0.079861,0.045139,0.034722,0.072917,0.25,0.385417,0.527778,0.657385,0.037442,0.232639,0.357249,48
anomaly_transformer_attribution,stress_03,0.35,2,0.673611,0.447917,0.145833,0.045139,0.041667,0.045139,0.059028,0.229167,0.378472,0.579861,0.655479,0.037951,0.260417,0.347943,48
anomaly_transformer_attribution,stress_03,0.35,3,0.614583,0.517361,0.152778,0.059028,0.069444,0.013889,0.055556,0.25,0.385417,0.53125,0.656823,0.037569,0.319445,0.294668,48
anomaly_transformer_attribution,stress_03,0.35,4,0.666667,0.447917,0.142361,0.083333,0.052083,0.024306,0.041667,0.236111,0.392361,0.510417,0.655704,0.038514,0.274305,0.342033,48
anomaly_transformer_attribution,stress_03,0.35,5,0.684028,0.472222,0.131944,0.045139,0.055556,0.045139,0.076389,0.204861,0.371528,0.559028,0.65716,0.037744,0.253472,0.365096,48
anomaly_transformer_attribution,stress_03,0.35,6,0.631944,0.402778,0.166667,0.065972,0.03125,0.041667,0.048611,0.215278,0.3125,0.53125,0.65716,0.037857,0.277778,0.289893,48
anomaly_transformer_attribution,stress_03,0.35,7,0.611111,0.454861,0.125,0.03125,0.059028,0.017361,0.048611,0.232639,0.399306,0.590278,0.655194,0.037995,0.284722,0.332688,48
anomaly_transformer_attribution,stress_03,0.35,8,0.635417,0.461806,0.131944,0.0625,0.059028,0.013889,0.059028,0.263889,0.381944,0.579861,0.656459,0.037584,0.291666,0.319433,48
anomaly_transformer_attribution,stress_03,0.35,9,0.711806,0.472222,0.131944,0.048611,0.069444,0.034722,0.055556,0.225694,0.364583,0.576389,0.655698,0.037965,0.236111,0.395561,48
anomaly_transformer_attribution,stress_04,0.45,0,0.628472,0.413194,0.149306,0.055556,0.038194,0.055556,0.045139,0.246528,0.357639,0.5625,0.674957,0.047896,0.298611,0.274456,48
anomaly_transformer_attribution,stress_04,0.45,1,0.618056,0.5,0.152778,0.069444,0.065972,0.020833,0.059028,0.270833,0.40625,0.506944,0.676008,0.047611,0.315972,0.270835,48
anomaly_transformer_attribution,stress_04,0.45,2,0.673611,0.472222,0.145833,0.104167,0.055556,0.024306,0.052083,0.246528,0.392361,0.513889,0.674834,0.047961,0.263889,0.323867,48
anomaly_transformer_attribution,stress_04,0.45,3,0.694444,0.458333,0.135417,0.059028,0.052083,0.055556,0.065972,0.211806,0.375,0.552083,0.676042,0.047666,0.229167,0.352964,48
anomaly_transformer_attribution,stress_04,0.45,4,0.628472,0.420139,0.180556,0.079861,0.048611,0.038194,0.045139,0.229167,0.305556,0.559028,0.675455,0.047606,0.284722,0.26027,48
anomaly_transformer_attribution,stress_04,0.45,5,0.607639,0.447917,0.145833,0.045139,0.072917,0.03125,0.048611,0.232639,0.361111,0.572917,0.675331,0.048024,0.284722,0.280074,48
anomaly_transformer_attribution,stress_04,0.45,6,0.600694,0.444444,0.128472,0.069444,0.045139,0.020833,0.048611,0.284722,0.395833,0.545139,0.676045,0.047439,0.326389,0.271371,48
anomaly_transformer_attribution,stress_04,0.45,7,0.697917,0.479167,0.138889,0.055556,0.065972,0.03125,0.065972,0.211806,0.368056,0.579861,0.674151,0.047698,0.236111,0.378421,48
anomaly_transformer_attribution,stress_04,0.45,8,0.631944,0.427083,0.145833,0.055556,0.065972,0.027778,0.055556,0.222222,0.385417,0.489583,0.675607,0.047651,0.277778,0.303336,48
anomaly_transformer_attribution,stress_04,0.45,9,0.604167,0.479167,0.166667,0.055556,0.0625,0.03125,0.0625,0.284722,0.402778,0.527778,0.67515,0.048412,0.333333,0.237078,48
anomaly_transformer_attribution,stress_05,0.55,0,0.677083,0.475694,0.142361,0.090278,0.059028,0.027778,0.0625,0.263889,0.395833,0.513889,0.693612,0.057777,0.260417,0.316373,48
anomaly_transformer_attribution,stress_05,0.55,1,0.659722,0.451389,0.152778,0.059028,0.076389,0.059028,0.072917,0.204861,0.375,0.520833,0.695659,0.057616,0.277778,0.287207,48
anomaly_transformer_attribution,stress_05,0.55,2,0.607639,0.447917,0.180556,0.086806,0.055556,0.041667,0.048611,0.256944,0.315972,0.552083,0.695019,0.057778,0.305555,0.214343,48
anomaly_transformer_attribution,stress_05,0.55,3,0.625,0.479167,0.138889,0.059028,0.072917,0.027778,0.059028,0.236111,0.340278,0.569444,0.694861,0.057918,0.270833,0.289857,48
anomaly_transformer_attribution,stress_05,0.55,4,0.597222,0.409722,0.121528,0.076389,0.076389,0.027778,0.045139,0.302083,0.378472,0.53125,0.694568,0.057103,0.336806,0.231519,48
anomaly_transformer_attribution,stress_05,0.55,5,0.684028,0.482639,0.138889,0.055556,0.072917,0.048611,0.069444,0.243056,0.354167,0.569444,0.693629,0.057723,0.229166,0.322632,48
anomaly_transformer_attribution,stress_05,0.55,6,0.635417,0.392361,0.149306,0.076389,0.069444,0.041667,0.048611,0.263889,0.378472,0.493056,0.695384,0.057726,0.288194,0.253552,48
anomaly_transformer_attribution,stress_05,0.55,7,0.604167,0.472222,0.159722,0.045139,0.083333,0.041667,0.079861,0.322917,0.354167,0.520833,0.6948,0.057968,0.322916,0.193341,48
anomaly_transformer_attribution,stress_05,0.55,8,0.649306,0.420139,0.163194,0.090278,0.072917,0.041667,0.045139,0.232639,0.368056,0.527778,0.695,0.057473,0.28125,0.269356,48
anomaly_transformer_attribution,stress_05,0.55,9,0.604167,0.465278,0.15625,0.041667,0.069444,0.045139,0.076389,0.256944,0.381944,0.572917,0.693788,0.057671,0.333333,0.235555,48
anomaly_transformer_attribution,stress_06,0.65,0,0.59375,0.465278,0.173611,0.09375,0.069444,0.041667,0.065972,0.260417,0.291667,0.541667,0.714563,0.067687,0.322917,0.181539,48
anomaly_transformer_attribution,stress_06,0.65,1,0.621528,0.454861,0.145833,0.065972,0.072917,0.024306,0.079861,0.25,0.315972,0.559028,0.714585,0.067947,0.277778,0.258165,48
anomaly_transformer_attribution,stress_06,0.65,2,0.569444,0.444444,0.118056,0.065972,0.086806,0.038194,0.041667,0.3125,0.375,0.548611,0.714226,0.066828,0.364584,0.193127,48
anomaly_transformer_attribution,stress_06,0.65,3,0.645833,0.479167,0.149306,0.0625,0.090278,0.052083,0.083333,0.277778,0.371528,0.576389,0.713247,0.067757,0.253473,0.238107,48
anomaly_transformer_attribution,stress_06,0.65,4,0.652778,0.413194,0.159722,0.086806,0.069444,0.034722,0.059028,0.263889,0.357639,0.489583,0.715912,0.067682,0.277778,0.258451,48
anomaly_transformer_attribution,stress_06,0.65,5,0.586806,0.451389,0.1875,0.052083,0.076389,0.045139,0.090278,0.333333,0.350694,0.513889,0.71449,0.06753,0.340277,0.138937,48
anomaly_transformer_attribution,stress_06,0.65,6,0.631944,0.440972,0.180556,0.09375,0.076389,0.052083,0.048611,0.229167,0.357639,0.527778,0.714192,0.067533,0.295139,0.224857,48
anomaly_transformer_attribution,stress_06,0.65,7,0.59375,0.465278,0.166667,0.0625,0.086806,0.052083,0.079861,0.267361,0.347222,0.576389,0.713595,0.067385,0.361111,0.179998,48
anomaly_transformer_attribution,stress_06,0.65,8,0.621528,0.465278,0.152778,0.086806,0.100694,0.017361,0.09375,0.246528,0.40625,0.517361,0.714932,0.067699,0.3125,0.238244,48
anomaly_transformer_attribution,stress_06,0.65,9,0.631944,0.475694,0.149306,0.072917,0.104167,0.045139,0.045139,0.329861,0.3125,0.506944,0.716039,0.067551,0.267362,0.204555,48
anomaly_transformer_attribution,stress_07,0.75,0,0.572917,0.4375,0.131944,0.059028,0.097222,0.038194,0.055556,0.340278,0.364583,0.545139,0.731502,0.076247,0.361111,0.163282,48
anomaly_transformer_attribution,stress_07,0.75,1,0.638889,0.486111,0.152778,0.0625,0.086806,0.059028,0.083333,0.305556,0.336806,0.579861,0.730997,0.077282,0.267361,0.205735,48
anomaly_transformer_attribution,stress_07,0.75,2,0.611111,0.420139,0.159722,0.086806,0.069444,0.038194,0.072917,0.277778,0.371528,0.510417,0.733022,0.07696,0.315972,0.200078,48
anomaly_transformer_attribution,stress_07,0.75,3,0.572917,0.440972,0.208333,0.048611,0.090278,0.041667,0.111111,0.357639,0.322917,0.489583,0.731283,0.076626,0.347222,0.083778,48
anomaly_transformer_attribution,stress_07,0.75,4,0.611111,0.454861,0.194444,0.104167,0.083333,0.045139,0.065972,0.260417,0.340278,0.534722,0.731568,0.07714,0.305556,0.169204,48
anomaly_transformer_attribution,stress_07,0.75,5,0.628472,0.451389,0.166667,0.072917,0.09375,0.052083,0.069444,0.284722,0.326389,0.569444,0.730493,0.076653,0.315972,0.196182,48
anomaly_transformer_attribution,stress_07,0.75,6,0.621528,0.430556,0.166667,0.090278,0.107639,0.020833,0.104167,0.270833,0.395833,0.496528,0.7322,0.077124,0.309028,0.196732,48
anomaly_transformer_attribution,stress_07,0.75,7,0.638889,0.458333,0.15625,0.076389,0.114583,0.052083,0.059028,0.336806,0.274306,0.461806,0.734203,0.077,0.256944,0.174239,48
anomaly_transformer_attribution,stress_07,0.75,8,0.607639,0.493056,0.142361,0.0625,0.076389,0.038194,0.052083,0.319444,0.371528,0.545139,0.73095,0.07686,0.315972,0.216713,48
anomaly_transformer_attribution,stress_07,0.75,9,0.65625,0.4375,0.204861,0.09375,0.045139,0.048611,0.072917,0.305556,0.368056,0.517361,0.732807,0.076699,0.256944,0.202868,48
anomaly_transformer_attribution,stress_08,0.85,0,0.618056,0.4375,0.184028,0.097222,0.069444,0.041667,0.086806,0.284722,0.364583,0.510417,0.74833,0.085994,0.291666,0.171847,48
anomaly_transformer_attribution,stress_08,0.85,1,0.559028,0.409722,0.229167,0.059028,0.100694,0.052083,0.114583,0.385417,0.309028,0.489583,0.746118,0.08566,0.350694,0.01426,48
anomaly_transformer_attribution,stress_08,0.85,2,0.607639,0.416667,0.204861,0.104167,0.083333,0.048611,0.065972,0.277778,0.364583,0.489583,0.747408,0.08632,0.309028,0.140485,48
anomaly_transformer_attribution,stress_08,0.85,3,0.649306,0.430556,0.159722,0.086806,0.097222,0.052083,0.065972,0.336806,0.3125,0.548611,0.745401,0.085663,0.284722,0.182951,48
anomaly_transformer_attribution,stress_08,0.85,4,0.642361,0.427083,0.190972,0.09375,0.111111,0.017361,0.09375,0.326389,0.413194,0.493056,0.746806,0.086148,0.291667,0.179635,48
anomaly_transformer_attribution,stress_08,0.85,5,0.65625,0.447917,0.177083,0.072917,0.118056,0.041667,0.059028,0.350694,0.263889,0.46875,0.748333,0.08598,0.243056,0.179282,48
anomaly_transformer_attribution,stress_08,0.85,6,0.579861,0.472222,0.159722,0.065972,0.086806,0.048611,0.072917,0.336806,0.34375,0.510417,0.746217,0.085825,0.340278,0.134969,48
anomaly_transformer_attribution,stress_08,0.85,7,0.631944,0.416667,0.194444,0.097222,0.055556,0.048611,0.083333,0.291667,0.399306,0.489583,0.747681,0.085631,0.256945,0.176196,48
anomaly_transformer_attribution,stress_08,0.85,8,0.600694,0.434028,0.184028,0.090278,0.107639,0.045139,0.0625,0.385417,0.34375,0.486111,0.747115,0.085897,0.284723,0.09873,48
anomaly_transformer_attribution,stress_08,0.85,9,0.59375,0.430556,0.15625,0.079861,0.086806,0.052083,0.0625,0.375,0.385417,0.503472,0.744229,0.085933,0.277778,0.125399,48
anomaly_transformer_attribution,stress_09,0.95,0,0.611111,0.395833,0.211806,0.104167,0.100694,0.045139,0.072917,0.288194,0.371528,0.46875,0.76176,0.09527,0.298611,0.122163,48
anomaly_transformer_attribution,stress_09,0.95,1,0.611111,0.427083,0.166667,0.100694,0.104167,0.052083,0.065972,0.354167,0.322917,0.5,0.760591,0.094867,0.322917,0.11723,48
anomaly_transformer_attribution,stress_09,0.95,2,0.600694,0.409722,0.1875,0.100694,0.107639,0.03125,0.090278,0.364583,0.402778,0.496528,0.760806,0.095385,0.322917,0.102238,48
anomaly_transformer_attribution,stress_09,0.95,3,0.649306,0.434028,0.184028,0.097222,0.100694,0.045139,0.072917,0.378472,0.28125,0.451389,0.763312,0.094839,0.243055,0.13658,48
anomaly_transformer_attribution,stress_09,0.95,4,0.576389,0.489583,0.15625,0.069444,0.097222,0.0625,0.086806,0.368056,0.350694,0.496528,0.761842,0.09476,0.340278,0.090737,48
anomaly_transformer_attribution,stress_09,0.95,5,0.638889,0.420139,0.1875,0.100694,0.059028,0.048611,0.076389,0.295139,0.385417,0.5,0.761371,0.094581,0.21875,0.18263,48
anomaly_transformer_attribution,stress_09,0.95,6,0.604167,0.4375,0.173611,0.086806,0.121528,0.055556,0.052083,0.364583,0.329861,0.475694,0.761104,0.094864,0.277777,0.103655,48
anomaly_transformer_attribution,stress_09,0.95,7,0.569444,0.440972,0.180556,0.086806,0.083333,0.065972,0.055556,0.388889,0.378472,0.503472,0.759321,0.094974,0.302084,0.063726,48
anomaly_transformer_attribution,stress_09,0.95,8,0.548611,0.413194,0.173611,0.09375,0.097222,0.052083,0.072917,0.298611,0.364583,0.486111,0.762855,0.094777,0.350695,0.080434,48
anomaly_transformer_attribution,stress_09,0.95,9,0.635417,0.479167,0.131944,0.125,0.107639,0.052083,0.055556,0.28125,0.392361,0.541667,0.761431,0.094793,0.229166,0.198434,48
causal_event_graph_containment,stress_00,0.05,0,0.725694,0.545139,0.100694,0.017361,0.020833,0.006944,0.017361,0.166667,0.4375,0.611111,0.559263,0.003213,0.208334,0.571686,48
causal_event_graph_containment,stress_00,0.05,1,0.743056,0.503472,0.065972,0.013889,0.027778,0.006944,0.024306,0.131944,0.503472,0.545139,0.558658,0.003192,0.184027,0.61973,48
causal_event_graph_containment,stress_00,0.05,2,0.753472,0.524306,0.090278,0.017361,0.041667,0.006944,0.017361,0.149306,0.472222,0.625,0.559448,0.003085,0.190972,0.605135,48
causal_event_graph_containment,stress_00,0.05,3,0.71875,0.565972,0.041667,0.041667,0.034722,0.006944,0.03125,0.149306,0.458333,0.638889,0.560131,0.003296,0.236111,0.588384,48
causal_event_graph_containment,stress_00,0.05,4,0.715278,0.513889,0.121528,0.020833,0.017361,0.003472,0.003472,0.180556,0.479167,0.65625,0.558127,0.003322,0.197916,0.553124,48
causal_event_graph_containment,stress_00,0.05,5,0.739583,0.545139,0.086806,0.017361,0.027778,0.0,0.027778,0.111111,0.458333,0.618056,0.560038,0.003146,0.138889,0.620902,48
causal_event_graph_containment,stress_00,0.05,6,0.711806,0.541667,0.09375,0.017361,0.020833,0.013889,0.027778,0.163194,0.402778,0.625,0.559041,0.003268,0.232638,0.54964,48
causal_event_graph_containment,stress_00,0.05,7,0.767361,0.482639,0.076389,0.027778,0.020833,0.010417,0.024306,0.211806,0.465278,0.59375,0.559056,0.003205,0.173611,0.590014,48
causal_event_graph_containment,stress_00,0.05,8,0.743056,0.513889,0.083333,0.017361,0.041667,0.0,0.038194,0.197917,0.475694,0.631944,0.558121,0.003063,0.197916,0.574417,48
causal_event_graph_containment,stress_00,0.05,9,0.763889,0.53125,0.069444,0.010417,0.024306,0.013889,0.010417,0.159722,0.409722,0.583333,0.559571,0.003205,0.166667,0.625754,48
causal_event_graph_containment,stress_01,0.15,0,0.75,0.5,0.09375,0.027778,0.052083,0.006944,0.024306,0.173611,0.465278,0.604167,0.578998,0.003281,0.204861,0.568192,48
causal_event_graph_containment,stress_01,0.15,1,0.715278,0.565972,0.052083,0.045139,0.041667,0.006944,0.024306,0.166667,0.447917,0.635417,0.579112,0.003464,0.239583,0.564908,48
causal_event_graph_containment,stress_01,0.15,2,0.715278,0.541667,0.135417,0.03125,0.041667,0.003472,0.010417,0.190972,0.475694,0.625,0.577803,0.003327,0.194444,0.518466,48
causal_event_graph_containment,stress_01,0.15,3,0.729167,0.545139,0.104167,0.017361,0.038194,0.0,0.027778,0.138889,0.416667,0.628472,0.57829,0.003356,0.166666,0.577101,48
causal_event_graph_containment,stress_01,0.15,4,0.708333,0.517361,0.100694,0.020833,0.024306,0.013889,0.034722,0.159722,0.413194,0.635417,0.578389,0.003454,0.239584,0.532822,48
causal_event_graph_containment,stress_01,0.15,5,0.704861,0.475694,0.072917,0.041667,0.027778,0.013889,0.020833,0.21875,0.475694,0.579861,0.578899,0.003376,0.229167,0.510285,48
causal_event_graph_containment,stress_01,0.15,6,0.71875,0.493056,0.090278,0.020833,0.034722,0.0,0.038194,0.215278,0.472222,0.65625,0.577481,0.003151,0.208333,0.535012,48
causal_event_graph_containment,stress_01,0.15,7,0.743056,0.493056,0.076389,0.010417,0.034722,0.006944,0.017361,0.190972,0.430556,0.600694,0.579287,0.003344,0.180555,0.581091,48
causal_event_graph_containment,stress_01,0.15,8,0.732639,0.534722,0.104167,0.010417,0.024306,0.0,0.03125,0.159722,0.461806,0.65625,0.576454,0.003266,0.225694,0.583098,48
causal_event_graph_containment,stress_01,0.15,9,0.736111,0.576389,0.086806,0.017361,0.03125,0.003472,0.027778,0.152778,0.427083,0.552083,0.577354,0.003247,0.194445,0.588911,48
causal_event_graph_containment,stress_02,0.25,0,0.715278,0.5625,0.142361,0.027778,0.045139,0.003472,0.013889,0.190972,0.496528,0.621528,0.597567,0.004931,0.1875,0.513516,48
causal_event_graph_containment,stress_02,0.25,1,0.704861,0.506944,0.100694,0.027778,0.038194,0.010417,0.027778,0.173611,0.385417,0.604167,0.597791,0.004937,0.208333,0.512338,48
causal_event_graph_containment,stress_02,0.25,2,0.722222,0.524306,0.09375,0.020833,0.020833,0.024306,0.017361,0.163194,0.420139,0.597222,0.597476,0.005065,0.225695,0.544528,48
causal_event_graph_containment,stress_02,0.25,3,0.697917,0.5,0.083333,0.034722,0.027778,0.013889,0.020833,0.211806,0.454861,0.586806,0.597783,0.004983,0.229166,0.50244,48
causal_event_graph_containment,stress_02,0.25,4,0.715278,0.475694,0.090278,0.027778,0.045139,0.006944,0.034722,0.215278,0.447917,0.635417,0.59727,0.004919,0.222222,0.509923,48
causal_event_graph_containment,stress_02,0.25,5,0.739583,0.506944,0.107639,0.024306,0.038194,0.013889,0.020833,0.194444,0.40625,0.600694,0.598439,0.00513,0.184028,0.535662,48
causal_event_graph_containment,stress_02,0.25,6,0.694444,0.545139,0.100694,0.010417,0.041667,0.010417,0.024306,0.177083,0.444444,0.631944,0.595976,0.004898,0.260417,0.519196,48
causal_event_graph_containment,stress_02,0.25,7,0.722222,0.559028,0.090278,0.020833,0.027778,0.010417,0.027778,0.173611,0.447917,0.555556,0.596048,0.005003,0.208334,0.55274,48
causal_event_graph_containment,stress_02,0.25,8,0.743056,0.520833,0.0625,0.055556,0.020833,0.017361,0.027778,0.215278,0.378472,0.628472,0.598493,0.005129,0.166666,0.54262,48
causal_event_graph_containment,stress_02,0.25,9,0.684028,0.513889,0.111111,0.03125,0.03125,0.0,0.034722,0.166667,0.416667,0.555556,0.595891,0.005066,0.222222,0.498573,48
causal_event_graph_containment,stress_03,0.35,0,0.722222,0.506944,0.100694,0.03125,0.020833,0.024306,0.017361,0.194444,0.444444,0.59375,0.61723,0.009323,0.21875,0.516849,48
causal_event_graph_containment,stress_03,0.35,1,0.680556,0.513889,0.100694,0.038194,0.03125,0.013889,0.024306,0.239583,0.451389,0.565972,0.617319,0.009186,0.243055,0.453806,48
causal_event_graph_containment,stress_03,0.35,2,0.704861,0.479167,0.097222,0.03125,0.045139,0.006944,0.038194,0.21875,0.430556,0.631944,0.616376,0.009292,0.229167,0.486179,48
causal_event_graph_containment,stress_03,0.35,3,0.708333,0.496528,0.097222,0.041667,0.038194,0.013889,0.03125,0.229167,0.395833,0.600694,0.617529,0.009622,0.225695,0.476085,48
causal_event_graph_containment,stress_03,0.35,4,0.6875,0.524306,0.097222,0.034722,0.045139,0.013889,0.034722,0.180556,0.413194,0.611111,0.616033,0.009163,0.253472,0.481456,48
causal_event_graph_containment,stress_03,0.35,5,0.722222,0.53125,0.100694,0.03125,0.03125,0.013889,0.03125,0.232639,0.451389,0.555556,0.615463,0.009396,0.215278,0.50099,48
causal_event_graph_containment,stress_03,0.35,6,0.729167,0.517361,0.065972,0.055556,0.024306,0.017361,0.034722,0.222222,0.368056,0.607639,0.617787,0.009389,0.180555,0.513721,48
causal_event_graph_containment,stress_03,0.35,7,0.71875,0.517361,0.09375,0.038194,0.03125,0.0,0.045139,0.1875,0.395833,0.524306,0.614725,0.009538,0.177083,0.520741,48
causal_event_graph_containment,stress_03,0.35,8,0.725694,0.534722,0.145833,0.027778,0.020833,0.013889,0.052083,0.246528,0.427083,0.631944,0.616864,0.009485,0.201389,0.469255,48
causal_event_graph_containment,stress_03,0.35,9,0.704861,0.520833,0.111111,0.024306,0.024306,0.010417,0.024306,0.215278,0.423611,0.604167,0.617251,0.009519,0.243056,0.497546,48
causal_event_graph_containment,stress_04,0.45,0,0.690972,0.510417,0.107639,0.034722,0.03125,0.010417,0.034722,0.225694,0.4375,0.604167,0.635612,0.016024,0.236111,0.464402,48
causal_event_graph_containment,stress_04,0.45,1,0.690972,0.493056,0.111111,0.041667,0.027778,0.017361,0.03125,0.253472,0.399306,0.600694,0.635976,0.016422,0.243056,0.43683,48
causal_event_graph_containment,stress_04,0.45,2,0.694444,0.527778,0.09375,0.059028,0.0625,0.017361,0.027778,0.201389,0.399306,0.600694,0.63539,0.016047,0.243056,0.454963,48
causal_event_graph_containment,stress_04,0.45,3,0.708333,0.513889,0.128472,0.038194,0.027778,0.017361,0.03125,0.25,0.451389,0.538194,0.635024,0.015981,0.215278,0.450276,48
causal_event_graph_containment,stress_04,0.45,4,0.704861,0.538194,0.072917,0.052083,0.027778,0.024306,0.03125,0.239583,0.381944,0.583333,0.636817,0.016124,0.208333,0.470573,48
causal_event_graph_containment,stress_04,0.45,5,0.694444,0.510417,0.09375,0.041667,0.045139,0.010417,0.038194,0.204861,0.375,0.517361,0.633992,0.016561,0.197917,0.466566,48
causal_event_graph_containment,stress_04,0.45,6,0.725694,0.493056,0.145833,0.024306,0.027778,0.010417,0.055556,0.246528,0.430556,0.621528,0.636186,0.016361,0.201389,0.462229,48
causal_event_graph_containment,stress_04,0.45,7,0.684028,0.538194,0.128472,0.038194,0.03125,0.006944,0.027778,0.229167,0.409722,0.604167,0.636639,0.016366,0.25,0.448572,48
causal_event_graph_containment,stress_04,0.45,8,0.6875,0.510417,0.121528,0.041667,0.017361,0.010417,0.045139,0.225694,0.447917,0.607639,0.635638,0.016323,0.222222,0.451222,48
causal_event_graph_containment,stress_04,0.45,9,0.711806,0.541667,0.100694,0.041667,0.020833,0.010417,0.020833,0.1875,0.413194,0.597222,0.635681,0.016041,0.225694,0.515541,48
causal_event_graph_containment,stress_05,0.55,0,0.673611,0.524306,0.111111,0.069444,0.065972,0.024306,0.03125,0.204861,0.40625,0.572917,0.654432,0.023965,0.263889,0.401382,48
causal_event_graph_containment,stress_05,0.55,1,0.684028,0.517361,0.128472,0.038194,0.041667,0.017361,0.027778,0.239583,0.447917,0.548611,0.654165,0.024174,0.253472,0.423125,48
causal_event_graph_containment,stress_05,0.55,2,0.677083,0.548611,0.083333,0.048611,0.041667,0.020833,0.020833,0.253472,0.413194,0.586806,0.656116,0.024252,0.236111,0.433738,48
causal_event_graph_containment,stress_05,0.55,3,0.711806,0.545139,0.107639,0.041667,0.052083,0.010417,0.048611,0.222222,0.371528,0.541667,0.65381,0.024557,0.184027,0.460561,48
causal_event_graph_containment,stress_05,0.55,4,0.704861,0.503472,0.128472,0.027778,0.03125,0.010417,0.048611,0.253472,0.427083,0.625,0.656072,0.024205,0.229167,0.446134,48
causal_event_graph_containment,stress_05,0.55,5,0.631944,0.569444,0.125,0.045139,0.034722,0.013889,0.024306,0.243056,0.381944,0.621528,0.655923,0.024219,0.28125,0.379879,48
causal_event_graph_containment,stress_05,0.55,6,0.663194,0.503472,0.138889,0.055556,0.027778,0.013889,0.041667,0.243056,0.416667,0.579861,0.654878,0.024245,0.260417,0.386346,48
causal_event_graph_containment,stress_05,0.55,7,0.729167,0.548611,0.125,0.052083,0.03125,0.013889,0.020833,0.225694,0.395833,0.579861,0.654769,0.023877,0.197916,0.481686,48
causal_event_graph_containment,stress_05,0.55,8,0.694444,0.486111,0.128472,0.03125,0.052083,0.013889,0.017361,0.225694,0.413194,0.607639,0.656099,0.024032,0.236112,0.443626,48
causal_event_graph_containment,stress_05,0.55,9,0.701389,0.493056,0.135417,0.045139,0.0625,0.013889,0.052083,0.256944,0.46875,0.548611,0.654983,0.024487,0.236111,0.40658,48
causal_event_graph_containment,stress_06,0.65,0,0.677083,0.538194,0.086806,0.052083,0.041667,0.027778,0.024306,0.260417,0.402778,0.579861,0.675612,0.033295,0.239584,0.412129,48
causal_event_graph_containment,stress_06,0.65,1,0.715278,0.527778,0.107639,0.041667,0.059028,0.006944,0.055556,0.246528,0.381944,0.565972,0.673639,0.033359,0.184028,0.446696,48
causal_event_graph_containment,stress_06,0.65,2,0.6875,0.5,0.149306,0.048611,0.041667,0.017361,0.055556,0.246528,0.434028,0.638889,0.67624,0.032935,0.246528,0.389844,48
causal_event_graph_containment,stress_06,0.65,3,0.604167,0.559028,0.149306,0.052083,0.034722,0.024306,0.020833,0.263889,0.385417,0.621528,0.674837,0.033148,0.295139,0.310076,48
causal_event_graph_containment,stress_06,0.65,4,0.677083,0.5,0.152778,0.055556,0.027778,0.017361,0.045139,0.253472,0.402778,0.586806,0.673837,0.033074,0.253473,0.377253,48
causal_event_graph_containment,stress_06,0.65,5,0.729167,0.517361,0.138889,0.055556,0.048611,0.013889,0.024306,0.267361,0.392361,0.565972,0.674127,0.032838,0.197916,0.434985,48
causal_event_graph_containment,stress_06,0.65,6,0.684028,0.506944,0.118056,0.024306,0.0625,0.010417,0.024306,0.253472,0.395833,0.586806,0.674978,0.032851,0.243055,0.423187,48
causal_event_graph_containment,stress_06,0.65,7,0.694444,0.506944,0.131944,0.048611,0.059028,0.024306,0.052083,0.256944,0.465278,0.541667,0.674648,0.03333,0.260417,0.388036,48
causal_event_graph_containment,stress_06,0.65,8,0.666667,0.454861,0.121528,0.03125,0.048611,0.024306,0.048611,0.263889,0.375,0.538194,0.674455,0.032612,0.267361,0.367367,48
causal_event_graph_containment,stress_06,0.65,9,0.684028,0.510417,0.121528,0.069444,0.052083,0.027778,0.03125,0.263889,0.434028,0.611111,0.675336,0.033098,0.215278,0.379364,48
causal_event_graph_containment,stress_07,0.75,0,0.659722,0.5,0.15625,0.041667,0.045139,0.024306,0.048611,0.260417,0.451389,0.579861,0.69359,0.041762,0.274306,0.34489,48
causal_event_graph_containment,stress_07,0.75,1,0.576389,0.527778,0.142361,0.0625,0.03125,0.024306,0.034722,0.288194,0.402778,0.607639,0.691096,0.041961,0.329861,0.259654,48
causal_event_graph_containment,stress_07,0.75,2,0.649306,0.472222,0.15625,0.052083,0.03125,0.010417,0.059028,0.274306,0.402778,0.590278,0.692048,0.041825,0.277777,0.333177,48
causal_event_graph_containment,stress_07,0.75,3,0.690972,0.493056,0.114583,0.055556,0.052083,0.020833,0.027778,0.274306,0.371528,0.534722,0.691617,0.041949,0.229167,0.389748,48
causal_event_graph_containment,stress_07,0.75,4,0.666667,0.503472,0.125,0.038194,0.059028,0.013889,0.03125,0.25,0.388889,0.597222,0.69197,0.041942,0.25,0.386994,48
causal_event_graph_containment,stress_07,0.75,5,0.65625,0.493056,0.138889,0.041667,0.0625,0.027778,0.041667,0.270833,0.444444,0.545139,0.69193,0.041941,0.288194,0.336358,48
causal_event_graph_containment,stress_07,0.75,6,0.670139,0.451389,0.107639,0.041667,0.0625,0.03125,0.045139,0.298611,0.381944,0.524306,0.691415,0.04154,0.260417,0.34215,48
causal_event_graph_containment,stress_07,0.75,7,0.684028,0.503472,0.125,0.065972,0.052083,0.027778,0.038194,0.28125,0.413194,0.604167,0.692869,0.041769,0.211805,0.362417,48
causal_event_graph_containment,stress_07,0.75,8,0.631944,0.451389,0.114583,0.045139,0.041667,0.027778,0.055556,0.208333,0.444444,0.604167,0.692648,0.04188,0.291667,0.355478,48
causal_event_graph_containment,stress_07,0.75,9,0.614583,0.458333,0.125,0.083333,0.055556,0.017361,0.041667,0.267361,0.434028,0.541667,0.69302,0.041617,0.298611,0.291884,48
causal_event_graph_containment,stress_08,0.85,0,0.621528,0.46875,0.177083,0.059028,0.038194,0.03125,0.0625,0.322917,0.392361,0.548611,0.707367,0.050962,0.288194,0.234055,48
causal_event_graph_containment,stress_08,0.85,1,0.673611,0.496528,0.118056,0.059028,0.048611,0.027778,0.024306,0.302083,0.364583,0.548611,0.705976,0.051156,0.236111,0.34913,48
causal_event_graph_containment,stress_08,0.85,2,0.649306,0.520833,0.135417,0.041667,0.052083,0.017361,0.034722,0.305556,0.388889,0.590278,0.707631,0.051184,0.267361,0.332365,48
causal_event_graph_containment,stress_08,0.85,3,0.663194,0.486111,0.145833,0.045139,0.076389,0.027778,0.045139,0.28125,0.416667,0.541667,0.70741,0.050981,0.270834,0.318704,48
causal_event_graph_containment,stress_08,0.85,4,0.694444,0.472222,0.118056,0.03125,0.065972,0.024306,0.052083,0.309028,0.399306,0.538194,0.707324,0.05071,0.239584,0.364494,48
causal_event_graph_containment,stress_08,0.85,5,0.680556,0.486111,0.118056,0.069444,0.052083,0.034722,0.052083,0.291667,0.388889,0.569444,0.708683,0.050946,0.21875,0.33525,48
causal_event_graph_containment,stress_08,0.85,6,0.625,0.444444,0.104167,0.045139,0.045139,0.024306,0.055556,0.246528,0.427083,0.597222,0.707946,0.050821,0.295139,0.334377,48
causal_event_graph_containment,stress_08,0.85,7,0.638889,0.465278,0.145833,0.072917,0.059028,0.017361,0.045139,0.295139,0.430556,0.569444,0.707803,0.050629,0.25,0.291857,48
causal_event_graph_containment,stress_08,0.85,8,0.649306,0.486111,0.138889,0.055556,0.069444,0.045139,0.038194,0.333333,0.385417,0.559028,0.706631,0.050773,0.236111,0.266225,48
causal_event_graph_containment,stress_08,0.85,9,0.635417,0.440972,0.149306,0.034722,0.059028,0.010417,0.03125,0.222222,0.440972,0.604167,0.707264,0.050523,0.236111,0.353521,48
causal_event_graph_containment,stress_09,0.95,0,0.659722,0.527778,0.142361,0.045139,0.059028,0.013889,0.045139,0.305556,0.416667,0.600694,0.721526,0.060173,0.25,0.332916,48
causal_event_graph_containment,stress_09,0.95,1,0.645833,0.513889,0.159722,0.034722,0.083333,0.038194,0.038194,0.302083,0.409722,0.5625,0.721451,0.060099,0.288195,0.278307,48
causal_event_graph_containment,stress_09,0.95,2,0.670139,0.447917,0.145833,0.041667,0.052083,0.03125,0.052083,0.3125,0.381944,0.513889,0.722279,0.059589,0.253472,0.307249,48
causal_event_graph_containment,stress_09,0.95,3,0.704861,0.475694,0.121528,0.083333,0.0625,0.041667,0.055556,0.291667,0.385417,0.569444,0.72359,0.060075,0.1875,0.332138,48
causal_event_graph_containment,stress_09,0.95,4,0.635417,0.458333,0.114583,0.038194,0.045139,0.024306,0.055556,0.277778,0.4375,0.604167,0.722597,0.059649,0.28125,0.327433,48
causal_event_graph_containment,stress_09,0.95,5,0.642361,0.496528,0.128472,0.0625,0.059028,0.020833,0.055556,0.329861,0.409722,0.53125,0.723006,0.059536,0.215278,0.284895,48
causal_event_graph_containment,stress_09,0.95,6,0.631944,0.482639,0.142361,0.048611,0.072917,0.041667,0.03125,0.336806,0.385417,0.555556,0.721599,0.059901,0.25,0.250632,48
causal_event_graph_containment,stress_09,0.95,7,0.621528,0.447917,0.159722,0.045139,0.059028,0.013889,0.041667,0.267361,0.440972,0.569444,0.721377,0.05954,0.25,0.295129,48
causal_event_graph_containment,stress_09,0.95,8,0.6875,0.517361,0.149306,0.041667,0.09375,0.03125,0.055556,0.305556,0.388889,0.583333,0.721843,0.059882,0.211806,0.31569,48
causal_event_graph_containment,stress_09,0.95,9,0.680556,0.493056,0.145833,0.052083,0.055556,0.017361,0.045139,0.315972,0.420139,0.583333,0.719933,0.060142,0.184027,0.337099,48
failure_aware_hierarchical_controller,stress_00,0.05,0,0.722222,0.458333,0.100694,0.045139,0.052083,0.003472,0.041667,0.208333,0.388889,0.565972,0.59597,0.00687,0.211806,0.494778,48
failure_aware_hierarchical_controller,stress_00,0.05,1,0.746528,0.465278,0.107639,0.041667,0.041667,0.027778,0.038194,0.194444,0.399306,0.541667,0.595545,0.006404,0.180555,0.504375,48
failure_aware_hierarchical_controller,stress_00,0.05,2,0.690972,0.520833,0.104167,0.034722,0.045139,0.013889,0.038194,0.163194,0.423611,0.541667,0.597214,0.00663,0.253472,0.489367,48
failure_aware_hierarchical_controller,stress_00,0.05,3,0.666667,0.472222,0.079861,0.024306,0.052083,0.020833,0.027778,0.1875,0.444444,0.569444,0.595872,0.00627,0.288194,0.46641,48
failure_aware_hierarchical_controller,stress_00,0.05,4,0.677083,0.555556,0.114583,0.041667,0.048611,0.017361,0.072917,0.170139,0.357639,0.579861,0.597182,0.007002,0.236111,0.442161,48
failure_aware_hierarchical_controller,stress_00,0.05,5,0.690972,0.538194,0.142361,0.048611,0.027778,0.013889,0.083333,0.194444,0.447917,0.611111,0.597404,0.006977,0.1875,0.438323,48
failure_aware_hierarchical_controller,stress_00,0.05,6,0.729167,0.482639,0.114583,0.03125,0.038194,0.020833,0.0625,0.21875,0.409722,0.559028,0.59765,0.007048,0.215277,0.478283,48
failure_aware_hierarchical_controller,stress_00,0.05,7,0.694444,0.520833,0.131944,0.059028,0.038194,0.017361,0.052083,0.236111,0.381944,0.555556,0.596451,0.006815,0.246528,0.420146,48
failure_aware_hierarchical_controller,stress_00,0.05,8,0.697917,0.440972,0.09375,0.041667,0.065972,0.013889,0.052083,0.208333,0.399306,0.583333,0.596215,0.00695,0.243055,0.454339,48
failure_aware_hierarchical_controller,stress_00,0.05,9,0.704861,0.430556,0.107639,0.034722,0.045139,0.017361,0.059028,0.138889,0.465278,0.552083,0.595885,0.007065,0.225695,0.493497,48
failure_aware_hierarchical_controller,stress_01,0.15,0,0.666667,0.475694,0.114583,0.048611,0.048611,0.010417,0.048611,0.173611,0.40625,0.527778,0.616615,0.013094,0.288194,0.434005,48
failure_aware_hierarchical_controller,stress_01,0.15,1,0.670139,0.454861,0.114583,0.03125,0.045139,0.027778,0.027778,0.194444,0.427083,0.559028,0.614412,0.012679,0.284722,0.430728,48
failure_aware_hierarchical_controller,stress_01,0.15,2,0.663194,0.520833,0.111111,0.055556,0.052083,0.013889,0.076389,0.197917,0.361111,0.586806,0.617181,0.013738,0.246528,0.404218,48
failure_aware_hierarchical_controller,stress_01,0.15,3,0.694444,0.548611,0.145833,0.045139,0.041667,0.024306,0.083333,0.222222,0.430556,0.59375,0.616306,0.013447,0.201389,0.407398,48
failure_aware_hierarchical_controller,stress_01,0.15,4,0.708333,0.479167,0.104167,0.048611,0.048611,0.017361,0.048611,0.260417,0.388889,0.545139,0.617252,0.013378,0.239584,0.434674,48
failure_aware_hierarchical_controller,stress_01,0.15,5,0.701389,0.5,0.128472,0.069444,0.052083,0.020833,0.065972,0.253472,0.381944,0.569444,0.615565,0.013195,0.232639,0.394696,48
failure_aware_hierarchical_controller,stress_01,0.15,6,0.6875,0.454861,0.104167,0.034722,0.065972,0.013889,0.052083,0.232639,0.392361,0.576389,0.615802,0.01326,0.239583,0.427466,48
failure_aware_hierarchical_controller,stress_01,0.15,7,0.684028,0.40625,0.114583,0.024306,0.059028,0.024306,0.052083,0.170139,0.454861,0.576389,0.615383,0.013477,0.239583,0.44348,48
failure_aware_hierarchical_controller,stress_01,0.15,8,0.694444,0.423611,0.125,0.055556,0.041667,0.010417,0.0625,0.211806,0.444444,0.552083,0.615266,0.012861,0.263889,0.429521,48
failure_aware_hierarchical_controller,stress_01,0.15,9,0.670139,0.479167,0.111111,0.059028,0.045139,0.027778,0.041667,0.246528,0.40625,0.565972,0.614857,0.013311,0.260417,0.389084,48
failure_aware_hierarchical_controller,stress_02,0.25,0,0.635417,0.486111,0.142361,0.055556,0.052083,0.020833,0.083333,0.1875,0.354167,0.576389,0.636379,0.021792,0.267361,0.343608,48
failure_aware_hierarchical_controller,stress_02,0.25,1,0.690972,0.5625,0.152778,0.0625,0.048611,0.024306,0.076389,0.246528,0.40625,0.565972,0.635894,0.021432,0.222222,0.374135,48
failure_aware_hierarchical_controller,stress_02,0.25,2,0.697917,0.496528,0.131944,0.045139,0.052083,0.017361,0.055556,0.270833,0.381944,0.520833,0.636687,0.021431,0.25,0.396417,48
failure_aware_hierarchical_controller,stress_02,0.25,3,0.708333,0.510417,0.128472,0.090278,0.041667,0.027778,0.055556,0.28125,0.364583,0.583333,0.635185,0.021305,0.21875,0.376762,48
failure_aware_hierarchical_controller,stress_02,0.25,4,0.659722,0.444444,0.121528,0.045139,0.072917,0.010417,0.041667,0.260417,0.423611,0.534722,0.635676,0.021198,0.277778,0.371483,48
failure_aware_hierarchical_controller,stress_02,0.25,5,0.690972,0.447917,0.104167,0.027778,0.065972,0.03125,0.048611,0.180556,0.434028,0.579861,0.634015,0.021574,0.232639,0.441064,48
failure_aware_hierarchical_controller,stress_02,0.25,6,0.677083,0.420139,0.125,0.059028,0.045139,0.017361,0.059028,0.222222,0.413194,0.555556,0.634537,0.020932,0.277778,0.392383,48
failure_aware_hierarchical_controller,stress_02,0.25,7,0.673611,0.465278,0.118056,0.055556,0.045139,0.034722,0.052083,0.236111,0.385417,0.579861,0.634177,0.021173,0.256945,0.377375,48
failure_aware_hierarchical_controller,stress_02,0.25,8,0.729167,0.458333,0.111111,0.065972,0.072917,0.020833,0.041667,0.232639,0.368056,0.545139,0.635259,0.021923,0.180555,0.435983,48
failure_aware_hierarchical_controller,stress_02,0.25,9,0.694444,0.451389,0.128472,0.048611,0.076389,0.024306,0.041667,0.229167,0.378472,0.590278,0.635629,0.021508,0.211806,0.398104,48
failure_aware_hierarchical_controller,stress_03,0.35,0,0.663194,0.489583,0.138889,0.048611,0.059028,0.020833,0.052083,0.284722,0.430556,0.513889,0.656031,0.030664,0.277778,0.342748,48
failure_aware_hierarchical_controller,stress_03,0.35,1,0.697917,0.482639,0.145833,0.104167,0.041667,0.034722,0.055556,0.295139,0.361111,0.586806,0.654321,0.030226,0.225694,0.327994,48
failure_aware_hierarchical_controller,stress_03,0.35,2,0.638889,0.444444,0.135417,0.052083,0.059028,0.017361,0.059028,0.284722,0.430556,0.506944,0.65537,0.030144,0.295139,0.314413,48
failure_aware_hierarchical_controller,stress_03,0.35,3,0.677083,0.4375,0.09375,0.03125,0.069444,0.027778,0.041667,0.215278,0.447917,0.541667,0.653252,0.030402,0.256945,0.415765,48
failure_aware_hierarchical_controller,stress_03,0.35,4,0.642361,0.458333,0.149306,0.055556,0.052083,0.017361,0.065972,0.25,0.427083,0.552083,0.653231,0.029884,0.298611,0.326942,48
failure_aware_hierarchical_controller,stress_03,0.35,5,0.635417,0.447917,0.114583,0.048611,0.059028,0.041667,0.059028,0.260417,0.364583,0.559028,0.653377,0.029835,0.302083,0.30963,48
failure_aware_hierarchical_controller,stress_03,0.35,6,0.711806,0.472222,0.111111,0.069444,0.083333,0.027778,0.048611,0.243056,0.368056,0.5625,0.654249,0.031102,0.197916,0.395611,48
failure_aware_hierarchical_controller,stress_03,0.35,7,0.666667,0.46875,0.135417,0.045139,0.069444,0.027778,0.052083,0.274306,0.354167,0.586806,0.655195,0.030358,0.229166,0.338625,48
failure_aware_hierarchical_controller,stress_03,0.35,8,0.649306,0.475694,0.170139,0.059028,0.065972,0.024306,0.048611,0.277778,0.409722,0.520833,0.65565,0.030218,0.277777,0.299205,48
failure_aware_hierarchical_controller,stress_03,0.35,9,0.684028,0.451389,0.135417,0.048611,0.045139,0.027778,0.059028,0.243056,0.399306,0.565972,0.653488,0.030722,0.263889,0.377283,48
failure_aware_hierarchical_controller,stress_04,0.45,0,0.628472,0.472222,0.131944,0.055556,0.069444,0.017361,0.0625,0.284722,0.423611,0.506944,0.674037,0.039821,0.298611,0.296998,48
failure_aware_hierarchical_controller,stress_04,0.45,1,0.659722,0.444444,0.09375,0.034722,0.09375,0.038194,0.041667,0.229167,0.413194,0.524306,0.672899,0.039886,0.274306,0.362082,48
failure_aware_hierarchical_controller,stress_04,0.45,2,0.614583,0.465278,0.166667,0.069444,0.045139,0.024306,0.079861,0.246528,0.409722,0.513889,0.672674,0.039625,0.322917,0.266697,48
failure_aware_hierarchical_controller,stress_04,0.45,3,0.586806,0.440972,0.121528,0.052083,0.059028,0.034722,0.059028,0.270833,0.378472,0.565972,0.672469,0.03937,0.336805,0.254437,48
failure_aware_hierarchical_controller,stress_04,0.45,4,0.684028,0.486111,0.111111,0.0625,0.09375,0.03125,0.045139,0.274306,0.350694,0.565972,0.673977,0.040737,0.229166,0.347155,48
failure_aware_hierarchical_controller,stress_04,0.45,5,0.680556,0.465278,0.142361,0.045139,0.079861,0.034722,0.0625,0.260417,0.361111,0.572917,0.674045,0.03997,0.211805,0.334061,48
failure_aware_hierarchical_controller,stress_04,0.45,6,0.631944,0.472222,0.159722,0.0625,0.065972,0.024306,0.048611,0.309028,0.392361,0.5,0.674491,0.039958,0.295139,0.26618,48
failure_aware_hierarchical_controller,stress_04,0.45,7,0.673611,0.458333,0.159722,0.052083,0.041667,0.041667,0.055556,0.243056,0.385417,0.559028,0.672889,0.040282,0.260417,0.334448,48
failure_aware_hierarchical_controller,stress_04,0.45,8,0.670139,0.458333,0.166667,0.045139,0.090278,0.017361,0.048611,0.302083,0.420139,0.583333,0.676099,0.040378,0.239583,0.312477,48
failure_aware_hierarchical_controller,stress_04,0.45,9,0.65625,0.496528,0.114583,0.055556,0.052083,0.024306,0.065972,0.291667,0.378472,0.541667,0.673879,0.040161,0.28125,0.332357,48
failure_aware_hierarchical_controller,stress_05,0.55,0,0.600694,0.489583,0.163194,0.083333,0.048611,0.041667,0.079861,0.263889,0.402778,0.486111,0.692851,0.049402,0.336806,0.216941,48
failure_aware_hierarchical_controller,stress_05,0.55,1,0.590278,0.472222,0.163194,0.048611,0.059028,0.034722,0.059028,0.277778,0.371528,0.548611,0.69236,0.049363,0.347222,0.229239,48
failure_aware_hierarchical_controller,stress_05,0.55,2,0.666667,0.482639,0.138889,0.097222,0.100694,0.038194,0.055556,0.291667,0.336806,0.5625,0.693397,0.05067,0.246527,0.26577,48
failure_aware_hierarchical_controller,stress_05,0.55,3,0.6875,0.479167,0.149306,0.048611,0.069444,0.038194,0.059028,0.270833,0.381944,0.5625,0.693629,0.049803,0.208333,0.331658,48
failure_aware_hierarchical_controller,stress_05,0.55,4,0.614583,0.458333,0.190972,0.065972,0.072917,0.020833,0.048611,0.336806,0.409722,0.496528,0.693864,0.04972,0.319445,0.211361,48
failure_aware_hierarchical_controller,stress_05,0.55,5,0.652778,0.454861,0.163194,0.059028,0.048611,0.041667,0.059028,0.288194,0.357639,0.527778,0.692098,0.050314,0.260416,0.275112,48
failure_aware_hierarchical_controller,stress_05,0.55,6,0.652778,0.458333,0.184028,0.059028,0.100694,0.017361,0.055556,0.298611,0.420139,0.53125,0.695434,0.050104,0.270833,0.26493,48
failure_aware_hierarchical_controller,stress_05,0.55,7,0.684028,0.479167,0.131944,0.0625,0.052083,0.03125,0.052083,0.309028,0.395833,0.545139,0.693038,0.049825,0.243055,0.332537,48
failure_aware_hierarchical_controller,stress_05,0.55,8,0.631944,0.486111,0.111111,0.059028,0.048611,0.034722,0.0625,0.322917,0.395833,0.520833,0.694008,0.049446,0.298612,0.281828,48
failure_aware_hierarchical_controller,stress_05,0.55,9,0.607639,0.416667,0.100694,0.097222,0.069444,0.052083,0.090278,0.267361,0.350694,0.510417,0.692216,0.050038,0.329861,0.218191,48
failure_aware_hierarchical_controller,stress_06,0.65,0,0.670139,0.447917,0.149306,0.090278,0.090278,0.045139,0.059028,0.309028,0.319444,0.559028,0.712057,0.060185,0.246528,0.24614,48
failure_aware_hierarchical_controller,stress_06,0.65,1,0.663194,0.496528,0.163194,0.041667,0.076389,0.048611,0.059028,0.288194,0.399306,0.559028,0.713547,0.059434,0.236112,0.279706,48
failure_aware_hierarchical_controller,stress_06,0.65,2,0.576389,0.451389,0.190972,0.069444,0.079861,0.034722,0.055556,0.329861,0.399306,0.520833,0.713362,0.05951,0.357639,0.149702,48
failure_aware_hierarchical_controller,stress_06,0.65,3,0.645833,0.46875,0.173611,0.041667,0.045139,0.027778,0.059028,0.309028,0.340278,0.520833,0.711056,0.060115,0.253473,0.274195,48
failure_aware_hierarchical_controller,stress_06,0.65,4,0.625,0.458333,0.184028,0.059028,0.107639,0.020833,0.0625,0.34375,0.392361,0.545139,0.715025,0.059599,0.305556,0.201629,48
failure_aware_hierarchical_controller,stress_06,0.65,5,0.659722,0.458333,0.149306,0.083333,0.059028,0.03125,0.059028,0.340278,0.381944,0.520833,0.712185,0.059803,0.267361,0.257934,48
failure_aware_hierarchical_controller,stress_06,0.65,6,0.649306,0.486111,0.111111,0.055556,0.055556,0.045139,0.059028,0.326389,0.395833,0.5,0.712998,0.059518,0.277777,0.282523,48
failure_aware_hierarchical_controller,stress_06,0.65,7,0.607639,0.409722,0.128472,0.111111,0.090278,0.052083,0.086806,0.277778,0.357639,0.503472,0.711879,0.05993,0.347222,0.176542,48
failure_aware_hierarchical_controller,stress_06,0.65,8,0.649306,0.395833,0.190972,0.079861,0.076389,0.052083,0.055556,0.326389,0.420139,0.527778,0.711774,0.060099,0.284722,0.198051,48
failure_aware_hierarchical_controller,stress_06,0.65,9,0.628472,0.444444,0.170139,0.09375,0.076389,0.034722,0.065972,0.291667,0.388889,0.534722,0.712392,0.059547,0.270834,0.215418,48
failure_aware_hierarchical_controller,stress_07,0.75,0,0.604167,0.472222,0.184028,0.0625,0.086806,0.03125,0.065972,0.329861,0.392361,0.5,0.730316,0.069028,0.329861,0.179095,48
failure_aware_hierarchical_controller,stress_07,0.75,1,0.645833,0.461806,0.159722,0.052083,0.059028,0.03125,0.069444,0.336806,0.361111,0.510417,0.729422,0.069428,0.260417,0.246761,48
failure_aware_hierarchical_controller,stress_07,0.75,2,0.625,0.472222,0.194444,0.059028,0.114583,0.024306,0.076389,0.368056,0.368056,0.53125,0.732721,0.068617,0.302083,0.167013,48
failure_aware_hierarchical_controller,stress_07,0.75,3,0.659722,0.440972,0.159722,0.090278,0.0625,0.024306,0.065972,0.34375,0.361111,0.53125,0.728856,0.069151,0.260417,0.242841,48
failure_aware_hierarchical_controller,stress_07,0.75,4,0.649306,0.479167,0.131944,0.076389,0.055556,0.045139,0.069444,0.322917,0.388889,0.513889,0.730387,0.068873,0.267361,0.251555,48
failure_aware_hierarchical_controller,stress_07,0.75,5,0.604167,0.423611,0.138889,0.111111,0.100694,0.055556,0.076389,0.277778,0.34375,0.5,0.729823,0.069098,0.340277,0.159853,48
failure_aware_hierarchical_controller,stress_07,0.75,6,0.670139,0.409722,0.184028,0.097222,0.072917,0.065972,0.069444,0.309028,0.395833,0.506944,0.729218,0.069521,0.260417,0.198389,48
failure_aware_hierarchical_controller,stress_07,0.75,7,0.614583,0.465278,0.170139,0.107639,0.104167,0.03125,0.059028,0.298611,0.381944,0.545139,0.72865,0.068997,0.28125,0.183865,48
failure_aware_hierarchical_controller,stress_07,0.75,8,0.569444,0.461806,0.170139,0.083333,0.079861,0.034722,0.079861,0.34375,0.3125,0.520833,0.728936,0.069112,0.354167,0.12316,48
failure_aware_hierarchical_controller,stress_07,0.75,9,0.649306,0.5,0.190972,0.045139,0.076389,0.020833,0.097222,0.326389,0.388889,0.559028,0.729293,0.069384,0.263888,0.238147,48
failure_aware_hierarchical_controller,stress_08,0.85,0,0.625,0.475694,0.180556,0.076389,0.114583,0.034722,0.072917,0.375,0.364583,0.520833,0.747557,0.077542,0.284722,0.150538,48
failure_aware_hierarchical_controller,stress_08,0.85,1,0.652778,0.420139,0.166667,0.09375,0.065972,0.034722,0.065972,0.350694,0.340278,0.524306,0.744093,0.077808,0.256944,0.207224,48
failure_aware_hierarchical_controller,stress_08,0.85,2,0.659722,0.496528,0.149306,0.079861,0.065972,0.045139,0.072917,0.340278,0.40625,0.493056,0.745597,0.077883,0.256945,0.234341,48
failure_aware_hierarchical_controller,stress_08,0.85,3,0.614583,0.427083,0.173611,0.114583,0.107639,0.059028,0.086806,0.284722,0.333333,0.482639,0.743628,0.078091,0.319445,0.128502,48
failure_aware_hierarchical_controller,stress_08,0.85,4,0.663194,0.409722,0.1875,0.104167,0.059028,0.0625,0.072917,0.333333,0.378472,0.486111,0.744369,0.078556,0.270834,0.177934,48
failure_aware_hierarchical_controller,stress_08,0.85,5,0.586806,0.434028,0.184028,0.097222,0.125,0.038194,0.069444,0.3125,0.361111,0.552083,0.744407,0.078138,0.3125,0.117869,48
failure_aware_hierarchical_controller,stress_08,0.85,6,0.572917,0.451389,0.194444,0.079861,0.097222,0.045139,0.090278,0.350694,0.326389,0.517361,0.744554,0.078249,0.347222,0.083551,48
failure_aware_hierarchical_controller,stress_08,0.85,7,0.642361,0.482639,0.197917,0.055556,0.079861,0.034722,0.09375,0.315972,0.371528,0.552083,0.745051,0.078461,0.246528,0.205149,48
failure_aware_hierarchical_controller,stress_08,0.85,8,0.59375,0.430556,0.177083,0.069444,0.072917,0.041667,0.072917,0.305556,0.399306,0.493056,0.743327,0.077888,0.291667,0.166099,48
failure_aware_hierarchical_controller,stress_08,0.85,9,0.586806,0.402778,0.159722,0.069444,0.100694,0.03125,0.107639,0.34375,0.322917,0.506944,0.744789,0.078081,0.284722,0.12733,48
failure_aware_hierarchical_controller,stress_09,0.95,0,0.663194,0.472222,0.166667,0.083333,0.052083,0.045139,0.072917,0.347222,0.402778,0.482639,0.760224,0.086852,0.246528,0.22237,48
failure_aware_hierarchical_controller,stress_09,0.95,1,0.586806,0.420139,0.173611,0.104167,0.111111,0.059028,0.104167,0.305556,0.336806,0.482639,0.758831,0.087184,0.347222,0.084188,48
failure_aware_hierarchical_controller,stress_09,0.95,2,0.642361,0.392361,0.177083,0.111111,0.055556,0.055556,0.076389,0.340278,0.350694,0.496528,0.758228,0.087577,0.28125,0.157984,48
failure_aware_hierarchical_controller,stress_09,0.95,3,0.611111,0.423611,0.208333,0.100694,0.138889,0.041667,0.072917,0.305556,0.340278,0.548611,0.758356,0.087376,0.28125,0.111472,48
failure_aware_hierarchical_controller,stress_09,0.95,4,0.555556,0.4375,0.180556,0.072917,0.104167,0.041667,0.090278,0.378472,0.336806,0.510417,0.759324,0.087363,0.361111,0.062407,48
failure_aware_hierarchical_controller,stress_09,0.95,5,0.611111,0.451389,0.204861,0.069444,0.076389,0.041667,0.090278,0.357639,0.354167,0.538194,0.759526,0.087659,0.246528,0.130918,48
failure_aware_hierarchical_controller,stress_09,0.95,6,0.572917,0.440972,0.1875,0.072917,0.0625,0.045139,0.065972,0.333333,0.413194,0.489583,0.758219,0.086717,0.309027,0.127485,48
failure_aware_hierarchical_controller,stress_09,0.95,7,0.597222,0.423611,0.170139,0.069444,0.097222,0.045139,0.09375,0.364583,0.329861,0.479167,0.759231,0.087099,0.274306,0.113594,48
failure_aware_hierarchical_controller,stress_09,0.95,8,0.628472,0.482639,0.177083,0.083333,0.076389,0.048611,0.069444,0.361111,0.336806,0.5,0.757946,0.086774,0.270834,0.159032,48
failure_aware_hierarchical_controller,stress_09,0.95,9,0.576389,0.434028,0.194444,0.100694,0.065972,0.052083,0.052083,0.340278,0.371528,0.475694,0.758082,0.087095,0.288194,0.101439,48
hierarchical_pomdp_monitor,stress_00,0.05,0,0.739583,0.527778,0.111111,0.020833,0.038194,0.010417,0.03125,0.232639,0.472222,0.635417,0.58041,0.003332,0.194445,0.526809,48
hierarchical_pomdp_monitor,stress_00,0.05,1,0.725694,0.472222,0.083333,0.041667,0.017361,0.010417,0.03125,0.173611,0.427083,0.565972,0.581321,0.003388,0.201389,0.543587,48
hierarchical_pomdp_monitor,stress_00,0.05,2,0.680556,0.434028,0.131944,0.024306,0.017361,0.010417,0.027778,0.197917,0.454861,0.607639,0.580281,0.00327,0.263888,0.467871,48
hierarchical_pomdp_monitor,stress_00,0.05,3,0.6875,0.486111,0.111111,0.017361,0.024306,0.017361,0.024306,0.197917,0.402778,0.590278,0.583052,0.003158,0.267361,0.483238,48
hierarchical_pomdp_monitor,stress_00,0.05,4,0.684028,0.489583,0.107639,0.024306,0.034722,0.013889,0.024306,0.184028,0.423611,0.538194,0.582148,0.003162,0.229166,0.483173,48
hierarchical_pomdp_monitor,stress_00,0.05,5,0.670139,0.548611,0.083333,0.020833,0.034722,0.017361,0.041667,0.197917,0.427083,0.604167,0.581155,0.003553,0.208333,0.477875,48
hierarchical_pomdp_monitor,stress_00,0.05,6,0.71875,0.517361,0.079861,0.027778,0.034722,0.006944,0.045139,0.180556,0.461806,0.559028,0.580078,0.003431,0.225694,0.539699,48
hierarchical_pomdp_monitor,stress_00,0.05,7,0.743056,0.475694,0.107639,0.024306,0.052083,0.010417,0.017361,0.194444,0.458333,0.586806,0.57974,0.003095,0.197916,0.539481,48
hierarchical_pomdp_monitor,stress_00,0.05,8,0.701389,0.541667,0.111111,0.03125,0.03125,0.003472,0.034722,0.166667,0.440972,0.597222,0.581376,0.00329,0.239583,0.51983,48
hierarchical_pomdp_monitor,stress_00,0.05,9,0.743056,0.527778,0.107639,0.027778,0.020833,0.013889,0.013889,0.170139,0.430556,0.621528,0.581492,0.003194,0.1875,0.565773,48
hierarchical_pomdp_monitor,stress_01,0.15,0,0.659722,0.444444,0.152778,0.034722,0.017361,0.010417,0.03125,0.208333,0.423611,0.625,0.599948,0.00402,0.295139,0.418998,48
hierarchical_pomdp_monitor,stress_01,0.15,1,0.666667,0.493056,0.128472,0.017361,0.03125,0.017361,0.020833,0.21875,0.430556,0.621528,0.601125,0.004055,0.288194,0.441775,48
hierarchical_pomdp_monitor,stress_01,0.15,2,0.694444,0.451389,0.107639,0.034722,0.045139,0.020833,0.020833,0.236111,0.444444,0.545139,0.601529,0.003942,0.215278,0.448415,48
hierarchical_pomdp_monitor,stress_01,0.15,3,0.680556,0.541667,0.09375,0.03125,0.034722,0.027778,0.045139,0.21875,0.385417,0.600694,0.600697,0.004369,0.215277,0.447567,48
hierarchical_pomdp_monitor,stress_01,0.15,4,0.715278,0.503472,0.090278,0.041667,0.03125,0.006944,0.045139,0.173611,0.451389,0.548611,0.600405,0.004168,0.232639,0.52153,48
hierarchical_pomdp_monitor,stress_01,0.15,5,0.725694,0.486111,0.107639,0.03125,0.055556,0.010417,0.017361,0.225694,0.427083,0.597222,0.599553,0.004126,0.208334,0.498885,48
hierarchical_pomdp_monitor,stress_01,0.15,6,0.715278,0.534722,0.111111,0.038194,0.03125,0.003472,0.034722,0.201389,0.434028,0.579861,0.600473,0.004013,0.211805,0.509321,48
hierarchical_pomdp_monitor,stress_01,0.15,7,0.71875,0.534722,0.111111,0.034722,0.03125,0.017361,0.013889,0.190972,0.427083,0.635417,0.601535,0.003936,0.204861,0.515748,48
hierarchical_pomdp_monitor,stress_01,0.15,8,0.663194,0.472222,0.111111,0.027778,0.038194,0.013889,0.027778,0.232639,0.423611,0.607639,0.600201,0.003928,0.295139,0.431331,48
hierarchical_pomdp_monitor,stress_01,0.15,9,0.736111,0.493056,0.104167,0.041667,0.03125,0.020833,0.006944,0.184028,0.430556,0.5625,0.600982,0.003948,0.194445,0.529151,48
hierarchical_pomdp_monitor,stress_02,0.25,0,0.694444,0.475694,0.121528,0.027778,0.055556,0.020833,0.03125,0.215278,0.472222,0.541667,0.620102,0.007152,0.208334,0.445256,48
hierarchical_pomdp_monitor,stress_02,0.25,1,0.673611,0.524306,0.09375,0.055556,0.055556,0.024306,0.045139,0.211806,0.381944,0.579861,0.620557,0.007355,0.239583,0.418794,48
hierarchical_pomdp_monitor,stress_02,0.25,2,0.701389,0.489583,0.107639,0.034722,0.041667,0.006944,0.038194,0.194444,0.440972,0.5625,0.618742,0.007044,0.246528,0.484906,48
hierarchical_pomdp_monitor,stress_02,0.25,3,0.694444,0.475694,0.114583,0.048611,0.055556,0.010417,0.017361,0.243056,0.402778,0.614583,0.619689,0.00704,0.232639,0.440851,48
hierarchical_pomdp_monitor,stress_02,0.25,4,0.677083,0.510417,0.121528,0.03125,0.020833,0.006944,0.041667,0.204861,0.434028,0.59375,0.620629,0.006942,0.260417,0.459886,48
hierarchical_pomdp_monitor,stress_02,0.25,5,0.715278,0.506944,0.114583,0.038194,0.048611,0.017361,0.010417,0.243056,0.395833,0.621528,0.620563,0.007116,0.208333,0.469225,48
hierarchical_pomdp_monitor,stress_02,0.25,6,0.652778,0.482639,0.114583,0.03125,0.052083,0.024306,0.027778,0.25,0.395833,0.604167,0.619743,0.006956,0.302083,0.3876,48
hierarchical_pomdp_monitor,stress_02,0.25,7,0.736111,0.513889,0.107639,0.055556,0.045139,0.020833,0.020833,0.177083,0.4375,0.555556,0.620207,0.006902,0.194445,0.509647,48
hierarchical_pomdp_monitor,stress_02,0.25,8,0.6875,0.461806,0.118056,0.038194,0.034722,0.013889,0.017361,0.243056,0.388889,0.555556,0.618984,0.007284,0.222222,0.438485,48
hierarchical_pomdp_monitor,stress_02,0.25,9,0.715278,0.482639,0.118056,0.041667,0.048611,0.017361,0.03125,0.194444,0.4375,0.600694,0.619421,0.006613,0.190972,0.478082,48
hierarchical_pomdp_monitor,stress_03,0.35,0,0.701389,0.482639,0.107639,0.038194,0.041667,0.013889,0.038194,0.201389,0.430556,0.590278,0.638402,0.013015,0.239583,0.469023,48
hierarchical_pomdp_monitor,stress_03,0.35,1,0.684028,0.461806,0.118056,0.059028,0.065972,0.006944,0.03125,0.246528,0.4375,0.597222,0.639445,0.013151,0.239583,0.41079,48
hierarchical_pomdp_monitor,stress_03,0.35,2,0.65625,0.489583,0.135417,0.038194,0.027778,0.006944,0.027778,0.232639,0.402778,0.576389,0.640638,0.012959,0.277778,0.408444,48
hierarchical_pomdp_monitor,stress_03,0.35,3,0.680556,0.489583,0.125,0.045139,0.052083,0.020833,0.020833,0.246528,0.399306,0.59375,0.638817,0.01311,0.253472,0.40709,48
hierarchical_pomdp_monitor,stress_03,0.35,4,0.652778,0.472222,0.125,0.038194,0.045139,0.027778,0.038194,0.236111,0.395833,0.600694,0.63885,0.013108,0.288194,0.374339,48
hierarchical_pomdp_monitor,stress_03,0.35,5,0.715278,0.496528,0.118056,0.048611,0.045139,0.017361,0.027778,0.204861,0.420139,0.552083,0.638346,0.013278,0.222222,0.467684,48
hierarchical_pomdp_monitor,stress_03,0.35,6,0.708333,0.447917,0.118056,0.041667,0.041667,0.013889,0.020833,0.267361,0.416667,0.545139,0.638323,0.013304,0.201389,0.4384,48
hierarchical_pomdp_monitor,stress_03,0.35,7,0.677083,0.479167,0.121528,0.052083,0.055556,0.024306,0.03125,0.1875,0.434028,0.607639,0.638979,0.012685,0.21875,0.421278,48
hierarchical_pomdp_monitor,stress_03,0.35,8,0.694444,0.434028,0.111111,0.059028,0.045139,0.027778,0.034722,0.263889,0.402778,0.565972,0.638941,0.012985,0.232639,0.397131,48
hierarchical_pomdp_monitor,stress_03,0.35,9,0.65625,0.482639,0.076389,0.027778,0.055556,0.024306,0.017361,0.260417,0.399306,0.569444,0.6387,0.012962,0.291667,0.410472,48
hierarchical_pomdp_monitor,stress_04,0.45,0,0.628472,0.465278,0.135417,0.041667,0.034722,0.003472,0.03125,0.243056,0.399306,0.59375,0.66003,0.020832,0.298611,0.367513,48
hierarchical_pomdp_monitor,stress_04,0.45,1,0.684028,0.496528,0.149306,0.041667,0.069444,0.027778,0.020833,0.274306,0.381944,0.604167,0.65799,0.020668,0.25,0.365974,48
hierarchical_pomdp_monitor,stress_04,0.45,2,0.690972,0.454861,0.114583,0.0625,0.034722,0.041667,0.048611,0.270833,0.395833,0.59375,0.658947,0.020609,0.246528,0.369991,48
hierarchical_pomdp_monitor,stress_04,0.45,3,0.690972,0.475694,0.114583,0.045139,0.045139,0.013889,0.027778,0.229167,0.434028,0.541667,0.657209,0.021054,0.232639,0.434956,48
hierarchical_pomdp_monitor,stress_04,0.45,4,0.684028,0.440972,0.131944,0.048611,0.052083,0.013889,0.027778,0.284722,0.423611,0.534722,0.658979,0.021023,0.229166,0.38171,48
hierarchical_pomdp_monitor,stress_04,0.45,5,0.659722,0.479167,0.100694,0.055556,0.0625,0.020833,0.027778,0.204861,0.416667,0.597222,0.658831,0.020303,0.232639,0.40391,48
hierarchical_pomdp_monitor,stress_04,0.45,6,0.680556,0.447917,0.111111,0.065972,0.052083,0.048611,0.041667,0.270833,0.409722,0.572917,0.658119,0.02066,0.246527,0.34711,48
hierarchical_pomdp_monitor,stress_04,0.45,7,0.652778,0.489583,0.079861,0.03125,0.069444,0.027778,0.020833,0.256944,0.402778,0.559028,0.65767,0.020514,0.28125,0.390282,48
hierarchical_pomdp_monitor,stress_04,0.45,8,0.6875,0.454861,0.131944,0.048611,0.072917,0.020833,0.03125,0.177083,0.423611,0.579861,0.657565,0.020683,0.222222,0.419873,48
hierarchical_pomdp_monitor,stress_04,0.45,9,0.684028,0.5,0.131944,0.065972,0.069444,0.038194,0.03125,0.260417,0.430556,0.590278,0.658914,0.020975,0.253472,0.357511,48
hierarchical_pomdp_monitor,stress_05,0.55,0,0.670139,0.447917,0.131944,0.0625,0.024306,0.034722,0.055556,0.28125,0.420139,0.607639,0.678552,0.029061,0.267361,0.340765,48
hierarchical_pomdp_monitor,stress_05,0.55,1,0.6875,0.461806,0.135417,0.038194,0.041667,0.020833,0.041667,0.239583,0.416667,0.569444,0.676947,0.029575,0.25,0.400768,48
hierarchical_pomdp_monitor,stress_05,0.55,2,0.659722,0.486111,0.166667,0.0625,0.041667,0.017361,0.041667,0.295139,0.427083,0.541667,0.679117,0.029775,0.253472,0.320375,48
hierarchical_pomdp_monitor,stress_05,0.55,3,0.638889,0.451389,0.121528,0.069444,0.065972,0.027778,0.024306,0.232639,0.395833,0.590278,0.678432,0.029081,0.256944,0.334408,48
hierarchical_pomdp_monitor,stress_05,0.55,4,0.645833,0.444444,0.118056,0.059028,0.052083,0.041667,0.041667,0.277778,0.423611,0.579861,0.67808,0.029414,0.288195,0.313334,48
hierarchical_pomdp_monitor,stress_05,0.55,5,0.65625,0.475694,0.072917,0.034722,0.086806,0.03125,0.017361,0.267361,0.378472,0.541667,0.676955,0.029236,0.256944,0.374002,48
hierarchical_pomdp_monitor,stress_05,0.55,6,0.6875,0.454861,0.135417,0.055556,0.069444,0.020833,0.03125,0.222222,0.420139,0.579861,0.677143,0.029449,0.236111,0.391118,48
hierarchical_pomdp_monitor,stress_05,0.55,7,0.697917,0.472222,0.125,0.086806,0.069444,0.052083,0.034722,0.253472,0.423611,0.583333,0.67688,0.029639,0.229166,0.344636,48
hierarchical_pomdp_monitor,stress_05,0.55,8,0.65625,0.479167,0.121528,0.038194,0.0625,0.017361,0.027778,0.246528,0.392361,0.555556,0.678108,0.029692,0.274306,0.374474,48
hierarchical_pomdp_monitor,stress_05,0.55,9,0.635417,0.454861,0.138889,0.059028,0.055556,0.034722,0.0625,0.260417,0.409722,0.565972,0.678189,0.029386,0.302083,0.294039,48
hierarchical_pomdp_monitor,stress_06,0.65,0,0.652778,0.479167,0.1875,0.052083,0.059028,0.020833,0.027778,0.3125,0.416667,0.538194,0.697357,0.038744,0.263889,0.287757,48
hierarchical_pomdp_monitor,stress_06,0.65,1,0.614583,0.482639,0.131944,0.059028,0.0625,0.045139,0.024306,0.260417,0.395833,0.569444,0.697523,0.038355,0.284723,0.278851,48
hierarchical_pomdp_monitor,stress_06,0.65,2,0.638889,0.451389,0.135417,0.059028,0.0625,0.045139,0.048611,0.284722,0.420139,0.579861,0.698184,0.038627,0.295139,0.277872,48
hierarchical_pomdp_monitor,stress_06,0.65,3,0.645833,0.475694,0.086806,0.034722,0.09375,0.045139,0.034722,0.263889,0.375,0.545139,0.696569,0.038539,0.253473,0.327567,48
hierarchical_pomdp_monitor,stress_06,0.65,4,0.704861,0.447917,0.138889,0.0625,0.072917,0.034722,0.034722,0.253472,0.395833,0.555556,0.69586,0.03867,0.225695,0.363684,48
hierarchical_pomdp_monitor,stress_06,0.65,5,0.673611,0.482639,0.125,0.086806,0.055556,0.045139,0.041667,0.243056,0.413194,0.552083,0.695797,0.038776,0.253472,0.33142,48
hierarchical_pomdp_monitor,stress_06,0.65,6,0.652778,0.440972,0.125,0.055556,0.069444,0.013889,0.045139,0.277778,0.378472,0.5625,0.697607,0.039082,0.274305,0.32974,48
hierarchical_pomdp_monitor,stress_06,0.65,7,0.621528,0.465278,0.166667,0.065972,0.069444,0.045139,0.065972,0.274306,0.388889,0.541667,0.697863,0.03844,0.333333,0.229071,48
hierarchical_pomdp_monitor,stress_06,0.65,8,0.666667,0.434028,0.121528,0.059028,0.059028,0.017361,0.038194,0.298611,0.368056,0.46875,0.696889,0.038547,0.267361,0.333272,48
hierarchical_pomdp_monitor,stress_06,0.65,9,0.635417,0.479167,0.138889,0.059028,0.0625,0.038194,0.045139,0.239583,0.440972,0.541667,0.696465,0.038633,0.263889,0.304842,48
hierarchical_pomdp_monitor,stress_07,0.75,0,0.645833,0.454861,0.138889,0.048611,0.072917,0.038194,0.055556,0.291667,0.420139,0.597222,0.715536,0.047684,0.288195,0.282479,48
hierarchical_pomdp_monitor,stress_07,0.75,1,0.635417,0.454861,0.090278,0.041667,0.086806,0.048611,0.038194,0.298611,0.347222,0.545139,0.713985,0.047854,0.270833,0.285981,48
hierarchical_pomdp_monitor,stress_07,0.75,2,0.715278,0.440972,0.163194,0.079861,0.083333,0.03125,0.038194,0.291667,0.381944,0.541667,0.713692,0.047975,0.211805,0.323887,48
hierarchical_pomdp_monitor,stress_07,0.75,3,0.65625,0.506944,0.149306,0.086806,0.0625,0.048611,0.045139,0.302083,0.427083,0.548611,0.713233,0.0479,0.263889,0.263677,48
hierarchical_pomdp_monitor,stress_07,0.75,4,0.666667,0.430556,0.138889,0.055556,0.076389,0.020833,0.059028,0.291667,0.361111,0.569444,0.715678,0.04841,0.25,0.306738,48
hierarchical_pomdp_monitor,stress_07,0.75,5,0.621528,0.475694,0.145833,0.069444,0.069444,0.041667,0.072917,0.263889,0.385417,0.545139,0.714238,0.047759,0.322916,0.243453,48
hierarchical_pomdp_monitor,stress_07,0.75,6,0.666667,0.447917,0.125,0.065972,0.059028,0.034722,0.052083,0.315972,0.385417,0.486111,0.713973,0.047821,0.263889,0.295312,48
hierarchical_pomdp_monitor,stress_07,0.75,7,0.628472,0.489583,0.131944,0.055556,0.079861,0.03125,0.052083,0.263889,0.434028,0.524306,0.714197,0.047708,0.267361,0.285817,48
hierarchical_pomdp_monitor,stress_07,0.75,8,0.618056,0.479167,0.114583,0.076389,0.065972,0.024306,0.055556,0.291667,0.392361,0.541667,0.713341,0.047764,0.305555,0.271124,48
hierarchical_pomdp_monitor,stress_07,0.75,9,0.690972,0.458333,0.131944,0.083333,0.0625,0.024306,0.048611,0.298611,0.375,0.548611,0.712853,0.047933,0.222222,0.327928,48
hierarchical_pomdp_monitor,stress_08,0.85,0,0.708333,0.447917,0.142361,0.083333,0.083333,0.034722,0.034722,0.315972,0.409722,0.534722,0.72853,0.056885,0.201389,0.314278,48
hierarchical_pomdp_monitor,stress_08,0.85,1,0.638889,0.506944,0.163194,0.076389,0.065972,0.052083,0.041667,0.340278,0.40625,0.548611,0.728002,0.056872,0.270833,0.217801,48
hierarchical_pomdp_monitor,stress_08,0.85,2,0.673611,0.451389,0.131944,0.055556,0.072917,0.017361,0.059028,0.333333,0.368056,0.555556,0.7306,0.057447,0.243056,0.303342,48
hierarchical_pomdp_monitor,stress_08,0.85,3,0.607639,0.482639,0.135417,0.055556,0.059028,0.03125,0.069444,0.274306,0.368056,0.53125,0.729626,0.056724,0.326389,0.252047,48
hierarchical_pomdp_monitor,stress_08,0.85,4,0.65625,0.451389,0.142361,0.083333,0.052083,0.03125,0.055556,0.322917,0.364583,0.46875,0.729805,0.056785,0.277778,0.262118,48
hierarchical_pomdp_monitor,stress_08,0.85,5,0.663194,0.479167,0.142361,0.072917,0.086806,0.034722,0.055556,0.315972,0.430556,0.53125,0.729672,0.056792,0.236112,0.268441,48
hierarchical_pomdp_monitor,stress_08,0.85,6,0.597222,0.465278,0.131944,0.065972,0.0625,0.024306,0.065972,0.291667,0.378472,0.545139,0.728773,0.056635,0.322917,0.23701,48
hierarchical_pomdp_monitor,stress_08,0.85,7,0.6875,0.451389,0.145833,0.0625,0.072917,0.034722,0.048611,0.315972,0.364583,0.541667,0.727919,0.056814,0.201389,0.29881,48
hierarchical_pomdp_monitor,stress_08,0.85,8,0.645833,0.496528,0.149306,0.069444,0.059028,0.041667,0.045139,0.347222,0.40625,0.517361,0.728511,0.057201,0.239584,0.244012,48
hierarchical_pomdp_monitor,stress_08,0.85,9,0.666667,0.513889,0.118056,0.100694,0.048611,0.034722,0.052083,0.315972,0.399306,0.506944,0.729529,0.05696,0.204861,0.291524,48
hierarchical_pomdp_monitor,stress_09,0.95,0,0.673611,0.475694,0.145833,0.055556,0.072917,0.03125,0.0625,0.347222,0.357639,0.555556,0.744836,0.066244,0.236111,0.271357,48
hierarchical_pomdp_monitor,stress_09,0.95,1,0.621528,0.475694,0.159722,0.059028,0.059028,0.038194,0.065972,0.302083,0.368056,0.541667,0.743904,0.065673,0.3125,0.227443,48
hierarchical_pomdp_monitor,stress_09,0.95,2,0.631944,0.465278,0.135417,0.069444,0.052083,0.045139,0.059028,0.368056,0.354167,0.451389,0.744014,0.065903,0.291667,0.210024,48
hierarchical_pomdp_monitor,stress_09,0.95,3,0.663194,0.46875,0.149306,0.079861,0.090278,0.03125,0.048611,0.340278,0.413194,0.524306,0.744366,0.065465,0.229167,0.248958,48
hierarchical_pomdp_monitor,stress_09,0.95,4,0.597222,0.458333,0.142361,0.072917,0.0625,0.03125,0.059028,0.326389,0.388889,0.527778,0.742599,0.065797,0.319445,0.203196,48
hierarchical_pomdp_monitor,stress_09,0.95,5,0.666667,0.434028,0.152778,0.069444,0.076389,0.027778,0.045139,0.347222,0.378472,0.555556,0.743986,0.065694,0.190972,0.259541,48
hierarchical_pomdp_monitor,stress_09,0.95,6,0.642361,0.465278,0.159722,0.052083,0.065972,0.041667,0.045139,0.34375,0.385417,0.506944,0.74313,0.066217,0.239583,0.233914,48
hierarchical_pomdp_monitor,stress_09,0.95,7,0.645833,0.503472,0.125,0.107639,0.059028,0.038194,0.052083,0.309028,0.402778,0.520833,0.743525,0.065832,0.225695,0.254456,48
hierarchical_pomdp_monitor,stress_09,0.95,8,0.618056,0.444444,0.15625,0.069444,0.072917,0.034722,0.065972,0.288194,0.371528,0.545139,0.743506,0.066601,0.28125,0.221234,48
hierarchical_pomdp_monitor,stress_09,0.95,9,0.670139,0.472222,0.128472,0.079861,0.079861,0.027778,0.048611,0.302083,0.361111,0.534722,0.744466,0.065825,0.194444,0.291939,48
option_termination_monitor,stress_00,0.05,0,0.649306,0.444444,0.114583,0.086806,0.072917,0.024306,0.072917,0.215278,0.354167,0.5,0.641841,0.015919,0.284722,0.329042,48
option_termination_monitor,stress_00,0.05,1,0.642361,0.354167,0.135417,0.045139,0.086806,0.017361,0.065972,0.256944,0.392361,0.517361,0.642545,0.015196,0.284722,0.310356,48
option_termination_monitor,stress_00,0.05,2,0.666667,0.371528,0.138889,0.065972,0.059028,0.024306,0.052083,0.239583,0.354167,0.447917,0.642554,0.015475,0.277777,0.337051,48
option_termination_monitor,stress_00,0.05,3,0.614583,0.454861,0.111111,0.059028,0.079861,0.034722,0.048611,0.274306,0.347222,0.496528,0.642925,0.015714,0.340278,0.281209,48
option_termination_monitor,stress_00,0.05,4,0.663194,0.395833,0.128472,0.0625,0.065972,0.038194,0.048611,0.239583,0.34375,0.482639,0.642567,0.016111,0.25,0.328891,48
option_termination_monitor,stress_00,0.05,5,0.666667,0.381944,0.15625,0.059028,0.076389,0.048611,0.059028,0.1875,0.357639,0.461806,0.643593,0.01584,0.211805,0.319178,48
option_termination_monitor,stress_00,0.05,6,0.670139,0.409722,0.111111,0.065972,0.072917,0.048611,0.038194,0.225694,0.357639,0.5,0.643492,0.015768,0.274305,0.344622,48
option_termination_monitor,stress_00,0.05,7,0.628472,0.402778,0.149306,0.069444,0.072917,0.027778,0.041667,0.25,0.378472,0.461806,0.641597,0.015474,0.3125,0.28598,48
option_termination_monitor,stress_00,0.05,8,0.677083,0.461806,0.135417,0.09375,0.076389,0.03125,0.045139,0.204861,0.375,0.454861,0.64202,0.015848,0.263889,0.349645,48
option_termination_monitor,stress_00,0.05,9,0.621528,0.423611,0.145833,0.052083,0.09375,0.052083,0.069444,0.263889,0.361111,0.486111,0.641221,0.015606,0.309028,0.238883,48
option_termination_monitor,stress_01,0.15,0,0.649306,0.368056,0.170139,0.072917,0.0625,0.038194,0.038194,0.256944,0.361111,0.444444,0.662089,0.024263,0.305555,0.275047,48
option_termination_monitor,stress_01,0.15,1,0.628472,0.440972,0.135417,0.069444,0.083333,0.038194,0.041667,0.28125,0.340278,0.482639,0.662266,0.02434,0.326389,0.263096,48
option_termination_monitor,stress_01,0.15,2,0.663194,0.361111,0.142361,0.069444,0.072917,0.024306,0.052083,0.25,0.354167,0.482639,0.661473,0.025002,0.246528,0.315324,48
option_termination_monitor,stress_01,0.15,3,0.652778,0.375,0.159722,0.065972,0.086806,0.052083,0.059028,0.222222,0.322917,0.461806,0.663276,0.024719,0.243055,0.268351,48
option_termination_monitor,stress_01,0.15,4,0.684028,0.423611,0.125,0.065972,0.079861,0.048611,0.03125,0.260417,0.368056,0.506944,0.662602,0.024494,0.263889,0.332894,48
option_termination_monitor,stress_01,0.15,5,0.618056,0.399306,0.138889,0.065972,0.072917,0.020833,0.055556,0.239583,0.375,0.440972,0.661537,0.0243,0.315972,0.284889,48
option_termination_monitor,stress_01,0.15,6,0.652778,0.447917,0.149306,0.083333,0.086806,0.034722,0.048611,0.225694,0.378472,0.475694,0.661213,0.024549,0.274305,0.299081,48
option_termination_monitor,stress_01,0.15,7,0.607639,0.434028,0.131944,0.0625,0.100694,0.055556,0.072917,0.309028,0.378472,0.5,0.660439,0.024156,0.315972,0.198367,48
option_termination_monitor,stress_01,0.15,8,0.684028,0.395833,0.152778,0.069444,0.090278,0.03125,0.059028,0.243056,0.333333,0.482639,0.662291,0.024367,0.274305,0.316684,48
option_termination_monitor,stress_01,0.15,9,0.659722,0.40625,0.142361,0.076389,0.086806,0.038194,0.045139,0.243056,0.333333,0.520833,0.662228,0.024167,0.270834,0.298226,48
option_termination_monitor,stress_02,0.25,0,0.621528,0.364583,0.15625,0.079861,0.083333,0.03125,0.0625,0.267361,0.361111,0.489583,0.68051,0.034481,0.28125,0.232487,48
option_termination_monitor,stress_02,0.25,1,0.659722,0.388889,0.180556,0.0625,0.090278,0.03125,0.0625,0.260417,0.326389,0.440972,0.681847,0.033998,0.253472,0.262919,48
option_termination_monitor,stress_02,0.25,2,0.670139,0.434028,0.145833,0.055556,0.065972,0.052083,0.034722,0.295139,0.354167,0.5,0.681601,0.034114,0.277778,0.293357,48
option_termination_monitor,stress_02,0.25,3,0.604167,0.395833,0.142361,0.059028,0.076389,0.03125,0.052083,0.25,0.357639,0.444444,0.681097,0.033988,0.322916,0.251851,48
option_termination_monitor,stress_02,0.25,4,0.635417,0.427083,0.145833,0.097222,0.072917,0.041667,0.0625,0.232639,0.371528,0.465278,0.680668,0.033983,0.302083,0.259575,48
option_termination_monitor,stress_02,0.25,5,0.597222,0.440972,0.131944,0.065972,0.111111,0.065972,0.076389,0.305556,0.371528,0.53125,0.680051,0.033486,0.326389,0.168479,48
option_termination_monitor,stress_02,0.25,6,0.663194,0.402778,0.145833,0.079861,0.09375,0.038194,0.055556,0.253472,0.340278,0.486111,0.680723,0.034019,0.291667,0.280387,48
option_termination_monitor,stress_02,0.25,7,0.586806,0.40625,0.142361,0.065972,0.09375,0.045139,0.048611,0.263889,0.336806,0.493056,0.682341,0.033709,0.34375,0.204835,48
option_termination_monitor,stress_02,0.25,8,0.621528,0.409722,0.128472,0.097222,0.090278,0.034722,0.069444,0.322917,0.340278,0.538194,0.682293,0.034088,0.288194,0.209988,48
option_termination_monitor,stress_02,0.25,9,0.628472,0.395833,0.180556,0.083333,0.090278,0.045139,0.055556,0.246528,0.326389,0.524306,0.680468,0.03389,0.277778,0.219711,48
option_termination_monitor,stress_03,0.35,0,0.642361,0.440972,0.166667,0.048611,0.069444,0.052083,0.045139,0.322917,0.354167,0.493056,0.700294,0.043759,0.298611,0.234503,48
option_termination_monitor,stress_03,0.35,1,0.618056,0.399306,0.142361,0.065972,0.072917,0.045139,0.045139,0.267361,0.357639,0.420139,0.699689,0.043665,0.305555,0.24004,48
option_termination_monitor,stress_03,0.35,2,0.638889,0.392361,0.142361,0.104167,0.09375,0.048611,0.072917,0.263889,0.392361,0.444444,0.698918,0.044158,0.295139,0.219185,48
option_termination_monitor,stress_03,0.35,3,0.576389,0.454861,0.135417,0.076389,0.114583,0.079861,0.083333,0.350694,0.375,0.517361,0.700142,0.043544,0.357639,0.097368,48
option_termination_monitor,stress_03,0.35,4,0.631944,0.416667,0.177083,0.076389,0.090278,0.048611,0.052083,0.274306,0.340278,0.479167,0.699763,0.044033,0.309028,0.211941,48
option_termination_monitor,stress_03,0.35,5,0.618056,0.378472,0.15625,0.076389,0.104167,0.0625,0.059028,0.277778,0.357639,0.489583,0.701712,0.043577,0.319444,0.18275,48
option_termination_monitor,stress_03,0.35,6,0.590278,0.385417,0.125,0.107639,0.090278,0.045139,0.055556,0.329861,0.364583,0.53125,0.701997,0.044125,0.319444,0.162541,48
option_termination_monitor,stress_03,0.35,7,0.631944,0.375,0.173611,0.083333,0.083333,0.038194,0.069444,0.267361,0.322917,0.524306,0.699866,0.043749,0.263889,0.216345,48
option_termination_monitor,stress_03,0.35,8,0.625,0.399306,0.142361,0.079861,0.090278,0.034722,0.059028,0.340278,0.305556,0.482639,0.701811,0.044096,0.302083,0.201431,48
option_termination_monitor,stress_03,0.35,9,0.621528,0.368056,0.131944,0.086806,0.065972,0.059028,0.048611,0.267361,0.402778,0.541667,0.701161,0.044129,0.326389,0.230543,48
option_termination_monitor,stress_04,0.45,0,0.618056,0.409722,0.15625,0.09375,0.104167,0.048611,0.059028,0.298611,0.375,0.444444,0.717981,0.053954,0.309027,0.177868,48
option_termination_monitor,stress_04,0.45,1,0.590278,0.451389,0.173611,0.104167,0.107639,0.090278,0.09375,0.354167,0.381944,0.517361,0.720105,0.053365,0.34375,0.055194,48
option_termination_monitor,stress_04,0.45,2,0.611111,0.430556,0.194444,0.097222,0.128472,0.041667,0.052083,0.305556,0.329861,0.486111,0.719737,0.05394,0.326389,0.141873,48
option_termination_monitor,stress_04,0.45,3,0.590278,0.392361,0.163194,0.072917,0.104167,0.069444,0.065972,0.3125,0.357639,0.475694,0.721146,0.05341,0.333333,0.12359,48
option_termination_monitor,stress_04,0.45,4,0.5625,0.375,0.149306,0.100694,0.090278,0.055556,0.052083,0.333333,0.364583,0.510417,0.721484,0.053914,0.350694,0.106957,48
option_termination_monitor,stress_04,0.45,5,0.611111,0.378472,0.197917,0.090278,0.072917,0.055556,0.072917,0.309028,0.315972,0.510417,0.719842,0.053429,0.28125,0.138285,48
option_termination_monitor,stress_04,0.45,6,0.631944,0.392361,0.159722,0.059028,0.100694,0.038194,0.059028,0.333333,0.315972,0.479167,0.721053,0.054018,0.295139,0.199985,48
option_termination_monitor,stress_04,0.45,7,0.586806,0.381944,0.131944,0.076389,0.076389,0.0625,0.045139,0.291667,0.402778,0.517361,0.720065,0.053783,0.347222,0.180374,48
option_termination_monitor,stress_04,0.45,8,0.555556,0.371528,0.125,0.059028,0.086806,0.041667,0.0625,0.305556,0.340278,0.454861,0.718501,0.053409,0.354166,0.158016,48
option_termination_monitor,stress_04,0.45,9,0.65625,0.427083,0.159722,0.086806,0.111111,0.038194,0.083333,0.302083,0.347222,0.440972,0.71979,0.053198,0.28125,0.212651,48
option_termination_monitor,stress_05,0.55,0,0.586806,0.427083,0.215278,0.097222,0.135417,0.045139,0.059028,0.340278,0.329861,0.46875,0.739249,0.063674,0.350694,0.074179,48
option_termination_monitor,stress_05,0.55,1,0.604167,0.392361,0.15625,0.090278,0.107639,0.065972,0.065972,0.326389,0.350694,0.503472,0.740787,0.063091,0.333333,0.125225,48
option_termination_monitor,stress_05,0.55,2,0.59375,0.361111,0.177083,0.104167,0.086806,0.052083,0.052083,0.329861,0.34375,0.475694,0.740793,0.063733,0.319444,0.118086,48
option_termination_monitor,stress_05,0.55,3,0.611111,0.361111,0.166667,0.131944,0.079861,0.065972,0.069444,0.3125,0.315972,0.496528,0.738773,0.063228,0.284722,0.115118,48
option_termination_monitor,stress_05,0.55,4,0.666667,0.40625,0.197917,0.069444,0.111111,0.052083,0.0625,0.336806,0.3125,0.458333,0.740492,0.063734,0.267361,0.179743,48
option_termination_monitor,stress_05,0.55,5,0.586806,0.392361,0.135417,0.090278,0.083333,0.0625,0.059028,0.322917,0.388889,0.482639,0.739546,0.063755,0.326388,0.142179,48
option_termination_monitor,stress_05,0.55,6,0.5625,0.385417,0.135417,0.0625,0.086806,0.052083,0.055556,0.305556,0.336806,0.4375,0.738461,0.063134,0.361111,0.145658,48
option_termination_monitor,stress_05,0.55,7,0.628472,0.40625,0.170139,0.100694,0.114583,0.041667,0.072917,0.305556,0.354167,0.451389,0.739494,0.063028,0.298611,0.163849,48
option_termination_monitor,stress_05,0.55,8,0.576389,0.416667,0.180556,0.079861,0.097222,0.048611,0.086806,0.288194,0.329861,0.458333,0.738514,0.062893,0.354167,0.118959,48
option_termination_monitor,stress_05,0.55,9,0.576389,0.413194,0.215278,0.111111,0.100694,0.0625,0.083333,0.329861,0.336806,0.454861,0.739861,0.063656,0.361111,0.046462,48
option_termination_monitor,stress_06,0.65,0,0.572917,0.364583,0.204861,0.107639,0.079861,0.055556,0.076389,0.333333,0.361111,0.482639,0.759804,0.073578,0.34375,0.063835,48
option_termination_monitor,stress_06,0.65,1,0.583333,0.364583,0.166667,0.142361,0.090278,0.069444,0.072917,0.347222,0.326389,0.486111,0.758541,0.072966,0.315973,0.052887,48
option_termination_monitor,stress_06,0.65,2,0.652778,0.395833,0.204861,0.079861,0.09375,0.065972,0.069444,0.336806,0.329861,0.454861,0.759672,0.07363,0.28125,0.142769,48
option_termination_monitor,stress_06,0.65,3,0.565972,0.385417,0.159722,0.114583,0.104167,0.076389,0.076389,0.319444,0.364583,0.461806,0.759446,0.073514,0.333334,0.056071,48
option_termination_monitor,stress_06,0.65,4,0.5625,0.388889,0.138889,0.065972,0.090278,0.0625,0.059028,0.333333,0.340278,0.458333,0.757925,0.073153,0.368056,0.112747,48
option_termination_monitor,stress_06,0.65,5,0.59375,0.40625,0.194444,0.097222,0.128472,0.048611,0.076389,0.336806,0.368056,0.472222,0.759227,0.072822,0.333333,0.08465,48
option_termination_monitor,stress_06,0.65,6,0.604167,0.375,0.201389,0.083333,0.104167,0.055556,0.090278,0.309028,0.326389,0.454861,0.757824,0.072765,0.322916,0.10209,48
option_termination_monitor,stress_06,0.65,7,0.565972,0.416667,0.208333,0.138889,0.097222,0.052083,0.076389,0.333333,0.340278,0.427083,0.759216,0.073769,0.388889,0.035267,48
option_termination_monitor,stress_06,0.65,8,0.572917,0.395833,0.173611,0.097222,0.128472,0.045139,0.072917,0.322917,0.347222,0.489583,0.759074,0.072996,0.361111,0.08648,48
option_termination_monitor,stress_06,0.65,9,0.586806,0.420139,0.177083,0.111111,0.125,0.0625,0.048611,0.347222,0.350694,0.461806,0.757268,0.073343,0.3125,0.075452,48
option_termination_monitor,stress_07,0.75,0,0.649306,0.413194,0.201389,0.083333,0.086806,0.079861,0.055556,0.315972,0.298611,0.392361,0.776459,0.083001,0.284722,0.137791,48
option_termination_monitor,stress_07,0.75,1,0.534722,0.388889,0.173611,0.118056,0.107639,0.079861,0.069444,0.350694,0.368056,0.465278,0.77643,0.082726,0.371528,-0.004589,48
option_termination_monitor,stress_07,0.75,2,0.579861,0.402778,0.152778,0.076389,0.104167,0.083333,0.079861,0.364583,0.3125,0.454861,0.775308,0.082582,0.347222,0.060246,48
option_termination_monitor,stress_07,0.75,3,0.576389,0.375,0.208333,0.090278,0.138889,0.052083,0.076389,0.371528,0.385417,0.451389,0.776441,0.082265,0.34375,0.031911,48
option_termination_monitor,stress_07,0.75,4,0.59375,0.378472,0.239583,0.09375,0.118056,0.0625,0.083333,0.309028,0.315972,0.434028,0.775109,0.082207,0.322917,0.047328,48
option_termination_monitor,stress_07,0.75,5,0.559028,0.416667,0.201389,0.131944,0.090278,0.0625,0.09375,0.364583,0.350694,0.434028,0.776298,0.083152,0.385416,0.004499,48
option_termination_monitor,stress_07,0.75,6,0.569444,0.399306,0.180556,0.107639,0.135417,0.048611,0.076389,0.319444,0.340278,0.489583,0.77731,0.082251,0.361112,0.062892,48
option_termination_monitor,stress_07,0.75,7,0.583333,0.423611,0.184028,0.111111,0.125,0.052083,0.059028,0.357639,0.34375,0.4375,0.774335,0.082839,0.3125,0.064945,48
option_termination_monitor,stress_07,0.75,8,0.607639,0.361111,0.215278,0.104167,0.131944,0.052083,0.0625,0.333333,0.329861,0.451389,0.775819,0.082045,0.315972,0.072988,48
option_termination_monitor,stress_07,0.75,9,0.583333,0.368056,0.222222,0.100694,0.142361,0.0625,0.069444,0.409722,0.368056,0.461806,0.775578,0.082918,0.329861,-0.003867,48
option_termination_monitor,stress_08,0.85,0,0.548611,0.40625,0.180556,0.090278,0.114583,0.086806,0.100694,0.378472,0.284722,0.461806,0.789879,0.091873,0.361111,-0.023791,48
option_termination_monitor,stress_08,0.85,1,0.552083,0.368056,0.236111,0.097222,0.149306,0.059028,0.076389,0.392361,0.378472,0.430556,0.791245,0.091439,0.357639,-0.03993,48
option_termination_monitor,stress_08,0.85,2,0.621528,0.399306,0.246528,0.097222,0.128472,0.065972,0.079861,0.34375,0.329861,0.413194,0.790288,0.091612,0.295139,0.045451,48
option_termination_monitor,stress_08,0.85,3,0.555556,0.388889,0.201389,0.128472,0.118056,0.059028,0.086806,0.388889,0.368056,0.409722,0.790872,0.091964,0.378472,-0.019822,48
option_termination_monitor,stress_08,0.85,4,0.5625,0.378472,0.190972,0.111111,0.125,0.052083,0.086806,0.326389,0.336806,0.482639,0.792366,0.091175,0.371528,0.035438,48
option_termination_monitor,stress_08,0.85,5,0.559028,0.416667,0.204861,0.131944,0.125,0.055556,0.069444,0.388889,0.319444,0.427083,0.79012,0.091684,0.340278,-0.011917,48
option_termination_monitor,stress_08,0.85,6,0.604167,0.354167,0.225694,0.114583,0.125,0.045139,0.069444,0.354167,0.333333,0.413194,0.791581,0.091185,0.315972,0.050252,48
option_termination_monitor,stress_08,0.85,7,0.604167,0.388889,0.236111,0.104167,0.142361,0.052083,0.069444,0.381944,0.347222,0.465278,0.791307,0.091726,0.284722,0.028164,48
option_termination_monitor,stress_08,0.85,8,0.559028,0.361111,0.190972,0.083333,0.083333,0.0625,0.072917,0.357639,0.371528,0.416667,0.7906,0.091736,0.326389,0.04497,48
option_termination_monitor,stress_08,0.85,9,0.600694,0.385417,0.177083,0.076389,0.111111,0.083333,0.086806,0.385417,0.364583,0.444444,0.791706,0.091543,0.270834,0.04855,48
option_termination_monitor,stress_09,0.95,0,0.600694,0.395833,0.243056,0.100694,0.131944,0.076389,0.09375,0.340278,0.340278,0.399306,0.804716,0.100761,0.309028,0.004876,48
option_termination_monitor,stress_09,0.95,1,0.559028,0.381944,0.197917,0.128472,0.118056,0.059028,0.086806,0.427083,0.350694,0.427083,0.80504,0.101081,0.375,-0.035695,48
option_termination_monitor,stress_09,0.95,2,0.552083,0.399306,0.194444,0.09375,0.111111,0.055556,0.090278,0.347222,0.336806,0.440972,0.806379,0.100331,0.371528,0.021619,48
option_termination_monitor,stress_09,0.95,3,0.569444,0.402778,0.197917,0.138889,0.121528,0.065972,0.065972,0.40625,0.309028,0.427083,0.804581,0.100437,0.322917,-0.021656,48
option_termination_monitor,stress_09,0.95,4,0.576389,0.305556,0.211806,0.111111,0.121528,0.048611,0.072917,0.395833,0.326389,0.395833,0.805624,0.10037,0.340278,0.001197,48
option_termination_monitor,stress_09,0.95,5,0.559028,0.388889,0.232639,0.104167,0.152778,0.045139,0.069444,0.392361,0.354167,0.475694,0.805929,0.100755,0.298611,-0.01896,48
option_termination_monitor,stress_09,0.95,6,0.517361,0.347222,0.204861,0.09375,0.086806,0.059028,0.0625,0.378472,0.319444,0.444444,0.805703,0.100703,0.364583,-0.020653,48
option_termination_monitor,stress_09,0.95,7,0.614583,0.395833,0.1875,0.100694,0.107639,0.079861,0.09375,0.40625,0.371528,0.4375,0.806633,0.100667,0.256945,0.033928,48
option_termination_monitor,stress_09,0.95,8,0.548611,0.340278,0.170139,0.09375,0.107639,0.059028,0.135417,0.375,0.315972,0.458333,0.806534,0.100502,0.350695,-0.008434,48
option_termination_monitor,stress_09,0.95,9,0.548611,0.385417,0.1875,0.097222,0.114583,0.041667,0.0625,0.371528,0.329861,0.440972,0.804473,0.100954,0.315972,0.032877,48
oracle_containment_supervisor,stress_00,0.05,0,0.934028,0.774306,0.003472,0.003472,0.0,0.003472,0.003472,0.027778,0.611111,0.802083,0.361967,0.00324,0.0,1.009881,48
oracle_containment_supervisor,stress_00,0.05,1,0.927083,0.694444,0.003472,0.003472,0.006944,0.0,0.0,0.010417,0.670139,0.819444,0.362555,0.003232,0.0,1.009296,48
oracle_containment_supervisor,stress_00,0.05,2,0.944444,0.753472,0.017361,0.006944,0.003472,0.003472,0.0,0.020833,0.635417,0.829861,0.362979,0.003146,0.0,1.013483,48
oracle_containment_supervisor,stress_00,0.05,3,0.954861,0.743056,0.020833,0.003472,0.003472,0.0,0.0,0.010417,0.625,0.826389,0.362038,0.003023,0.0,1.030233,48
oracle_containment_supervisor,stress_00,0.05,4,0.913194,0.739583,0.017361,0.0,0.0,0.003472,0.003472,0.010417,0.5625,0.815972,0.3623,0.003279,0.0,0.983783,48
oracle_containment_supervisor,stress_00,0.05,5,0.878472,0.697917,0.010417,0.0,0.003472,0.0,0.0,0.003472,0.618056,0.836806,0.361547,0.003322,0.0,0.960628,48
oracle_containment_supervisor,stress_00,0.05,6,0.944444,0.736111,0.017361,0.0,0.0,0.0,0.0,0.041667,0.586806,0.850694,0.362473,0.0031,0.0,1.008617,48
oracle_containment_supervisor,stress_00,0.05,7,0.940972,0.736111,0.003472,0.003472,0.0,0.0,0.0,0.010417,0.607639,0.805556,0.36239,0.003172,0.0,1.025824,48
oracle_containment_supervisor,stress_00,0.05,8,0.940972,0.732639,0.010417,0.0,0.0,0.0,0.0,0.020833,0.618056,0.826389,0.36136,0.003222,0.0,1.019982,48
oracle_containment_supervisor,stress_00,0.05,9,0.930556,0.71875,0.020833,0.003472,0.0,0.0,0.006944,0.017361,0.607639,0.795139,0.361823,0.003149,0.0,0.996214,48
oracle_containment_supervisor,stress_01,0.15,0,0.954861,0.756944,0.017361,0.006944,0.003472,0.003472,0.0,0.03125,0.600694,0.8125,0.382252,0.003223,0.0,1.013609,48
oracle_containment_supervisor,stress_01,0.15,1,0.954861,0.739583,0.017361,0.003472,0.003472,0.003472,0.0,0.041667,0.597222,0.819444,0.38056,0.003035,0.0,1.00917,48
oracle_containment_supervisor,stress_01,0.15,2,0.909722,0.729167,0.017361,0.0,0.0,0.003472,0.003472,0.038194,0.5625,0.822917,0.381749,0.003197,0.0,0.964015,48
oracle_containment_supervisor,stress_01,0.15,3,0.895833,0.684028,0.013889,0.0,0.003472,0.003472,0.0,0.017361,0.600694,0.829861,0.380258,0.003281,0.0,0.96022,48
oracle_containment_supervisor,stress_01,0.15,4,0.947917,0.729167,0.010417,0.0,0.0,0.0,0.0,0.052083,0.576389,0.829861,0.380883,0.0031,0.0,1.006692,48
oracle_containment_supervisor,stress_01,0.15,5,0.934028,0.704861,0.006944,0.003472,0.0,0.0,0.0,0.034722,0.625,0.791667,0.380924,0.00323,0.0,1.000298,48
oracle_containment_supervisor,stress_01,0.15,6,0.927083,0.732639,0.013889,0.0,0.0,0.0,0.0,0.027778,0.621528,0.815972,0.380367,0.003247,0.0,0.997888,48
oracle_containment_supervisor,stress_01,0.15,7,0.923611,0.711806,0.024306,0.003472,0.003472,0.0,0.003472,0.024306,0.625,0.788194,0.37967,0.00316,0.0,0.981548,48
oracle_containment_supervisor,stress_01,0.15,8,0.958333,0.746528,0.013889,0.0,0.0,0.006944,0.0,0.020833,0.607639,0.815972,0.379844,0.003206,0.0,1.025604,48
oracle_containment_supervisor,stress_01,0.15,9,0.930556,0.697917,0.010417,0.0,0.006944,0.003472,0.0,0.024306,0.590278,0.767361,0.379993,0.003339,0.0,0.99044,48
oracle_containment_supervisor,stress_02,0.25,0,0.902778,0.722222,0.013889,0.0,0.0,0.003472,0.003472,0.048611,0.579861,0.826389,0.401013,0.003201,0.0,0.952366,48
oracle_containment_supervisor,stress_02,0.25,1,0.913194,0.677083,0.020833,0.0,0.006944,0.003472,0.0,0.027778,0.607639,0.840278,0.398587,0.003217,0.0,0.96452,48
oracle_containment_supervisor,stress_02,0.25,2,0.947917,0.722222,0.017361,0.0,0.0,0.0,0.0,0.045139,0.572917,0.826389,0.400395,0.003226,0.0,1.001721,48
oracle_containment_supervisor,stress_02,0.25,3,0.927083,0.690972,0.010417,0.003472,0.0,0.0,0.0,0.048611,0.621528,0.78125,0.400049,0.003178,0.0,0.979999,48
oracle_containment_supervisor,stress_02,0.25,4,0.9375,0.732639,0.017361,0.003472,0.003472,0.0,0.0,0.045139,0.638889,0.809028,0.399311,0.00323,0.0,0.992967,48
oracle_containment_supervisor,stress_02,0.25,5,0.923611,0.711806,0.024306,0.003472,0.003472,0.0,0.003472,0.03125,0.628472,0.795139,0.397823,0.003093,0.0,0.976352,48
oracle_containment_supervisor,stress_02,0.25,6,0.954861,0.732639,0.006944,0.0,0.0,0.0,0.0,0.038194,0.597222,0.829861,0.399266,0.00319,0.0,1.02142,48
oracle_containment_supervisor,stress_02,0.25,7,0.930556,0.694444,0.017361,0.0,0.006944,0.003472,0.0,0.024306,0.597222,0.774306,0.398846,0.003236,0.0,0.983917,48
oracle_containment_supervisor,stress_02,0.25,8,0.909722,0.704861,0.006944,0.0,0.0,0.006944,0.0,0.027778,0.583333,0.784722,0.400819,0.003189,0.0,0.96778,48
oracle_containment_supervisor,stress_02,0.25,9,0.90625,0.680556,0.010417,0.003472,0.0,0.0,0.003472,0.052083,0.638889,0.836806,0.400431,0.003286,0.0,0.958434,48
oracle_containment_supervisor,stress_03,0.35,0,0.940972,0.725694,0.017361,0.0,0.0,0.0,0.0,0.072917,0.59375,0.798611,0.419448,0.003252,0.0,0.979986,48
oracle_containment_supervisor,stress_03,0.35,1,0.923611,0.704861,0.010417,0.003472,0.0,0.0,0.0,0.059028,0.625,0.788194,0.418413,0.003159,0.0,0.971159,48
oracle_containment_supervisor,stress_03,0.35,2,0.934028,0.71875,0.017361,0.003472,0.003472,0.0,0.0,0.059028,0.628472,0.802083,0.417851,0.003199,0.0,0.978033,48
oracle_containment_supervisor,stress_03,0.35,3,0.934028,0.746528,0.020833,0.003472,0.003472,0.003472,0.003472,0.059028,0.642361,0.8125,0.416313,0.00316,0.0,0.975252,48
oracle_containment_supervisor,stress_03,0.35,4,0.940972,0.690972,0.006944,0.0,0.0,0.0,0.003472,0.052083,0.572917,0.8125,0.417371,0.003135,0.0,0.990279,48
oracle_containment_supervisor,stress_03,0.35,5,0.9375,0.704861,0.020833,0.0,0.003472,0.006944,0.0,0.052083,0.611111,0.784722,0.4177,0.0032,0.0,0.973749,48
oracle_containment_supervisor,stress_03,0.35,6,0.909722,0.704861,0.010417,0.003472,0.0,0.006944,0.0,0.072917,0.621528,0.791667,0.41895,0.003151,0.0,0.943418,48
oracle_containment_supervisor,stress_03,0.35,7,0.895833,0.680556,0.013889,0.0,0.003472,0.0,0.006944,0.076389,0.590278,0.815972,0.41945,0.003194,0.0,0.926501,48
oracle_containment_supervisor,stress_03,0.35,8,0.927083,0.75,0.027778,0.0,0.0,0.0,0.003472,0.045139,0.649306,0.788194,0.418971,0.003292,0.0,0.976956,48
oracle_containment_supervisor,stress_03,0.35,9,0.947917,0.746528,0.017361,0.003472,0.0,0.0,0.003472,0.0625,0.614583,0.774306,0.418773,0.003208,0.0,0.991042,48
oracle_containment_supervisor,stress_04,0.45,0,0.927083,0.711806,0.013889,0.003472,0.003472,0.0,0.0,0.065972,0.635417,0.784722,0.436591,0.003188,0.0,0.966452,48
oracle_containment_supervisor,stress_04,0.45,1,0.934028,0.767361,0.017361,0.003472,0.006944,0.003472,0.0,0.076389,0.618056,0.805556,0.435659,0.003226,0.0,0.966829,48
oracle_containment_supervisor,stress_04,0.45,2,0.9375,0.694444,0.003472,0.0,0.0,0.003472,0.003472,0.0625,0.586806,0.809028,0.437103,0.003136,0.0,0.97895,48
oracle_containment_supervisor,stress_04,0.45,3,0.923611,0.694444,0.020833,0.0,0.003472,0.006944,0.003472,0.052083,0.628472,0.78125,0.4361,0.003296,0.0,0.955724,48
oracle_containment_supervisor,stress_04,0.45,4,0.913194,0.701389,0.013889,0.003472,0.0,0.010417,0.0,0.083333,0.621528,0.770833,0.438225,0.003113,0.0,0.932365,48
oracle_containment_supervisor,stress_04,0.45,5,0.892361,0.673611,0.020833,0.0,0.006944,0.0,0.006944,0.069444,0.552083,0.795139,0.439072,0.003291,0.0,0.913288,48
oracle_containment_supervisor,stress_04,0.45,6,0.927083,0.736111,0.024306,0.0,0.0,0.0,0.003472,0.059028,0.631944,0.777778,0.43753,0.003254,0.0,0.967013,48
oracle_containment_supervisor,stress_04,0.45,7,0.934028,0.729167,0.017361,0.003472,0.0,0.0,0.003472,0.090278,0.631944,0.770833,0.438523,0.003343,0.0,0.960846,48
oracle_containment_supervisor,stress_04,0.45,8,0.909722,0.677083,0.013889,0.006944,0.003472,0.0,0.006944,0.079861,0.635417,0.815972,0.437186,0.003169,0.0,0.935356,48
oracle_containment_supervisor,stress_04,0.45,9,0.9375,0.708333,0.013889,0.0,0.0,0.0,0.0,0.041667,0.597222,0.798611,0.439242,0.003294,0.0,0.988687,48
oracle_containment_supervisor,stress_05,0.55,0,0.9375,0.690972,0.010417,0.0,0.0,0.006944,0.003472,0.076389,0.579861,0.8125,0.456931,0.003183,0.0,0.961126,48
oracle_containment_supervisor,stress_05,0.55,1,0.9375,0.680556,0.017361,0.0,0.003472,0.003472,0.003472,0.069444,0.59375,0.770833,0.455964,0.003232,0.0,0.960323,48
oracle_containment_supervisor,stress_05,0.55,2,0.913194,0.6875,0.017361,0.003472,0.0,0.006944,0.0,0.079861,0.614583,0.760417,0.457504,0.003164,0.0,0.93037,48
oracle_containment_supervisor,stress_05,0.55,3,0.895833,0.715278,0.03125,0.0,0.006944,0.0,0.006944,0.086806,0.5625,0.802083,0.458715,0.003292,0.0,0.904961,48
oracle_containment_supervisor,stress_05,0.55,4,0.934028,0.743056,0.017361,0.0,0.0,0.0,0.003472,0.072917,0.628472,0.777778,0.456681,0.003274,0.0,0.969678,48
oracle_containment_supervisor,stress_05,0.55,5,0.913194,0.732639,0.010417,0.0,0.0,0.0,0.003472,0.100694,0.59375,0.770833,0.457749,0.003337,0.0,0.936402,48
oracle_containment_supervisor,stress_05,0.55,6,0.923611,0.697917,0.017361,0.006944,0.003472,0.0,0.010417,0.09375,0.59375,0.819444,0.456315,0.003094,0.0,0.93592,48
oracle_containment_supervisor,stress_05,0.55,7,0.927083,0.708333,0.020833,0.0,0.0,0.0,0.0,0.055556,0.586806,0.788194,0.458612,0.00322,0.0,0.963703,48
oracle_containment_supervisor,stress_05,0.55,8,0.930556,0.736111,0.020833,0.0,0.006944,0.0,0.006944,0.086806,0.517361,0.798611,0.457734,0.003206,0.0,0.945168,48
oracle_containment_supervisor,stress_05,0.55,9,0.9375,0.715278,0.013889,0.0,0.0,0.003472,0.003472,0.083333,0.576389,0.829861,0.45892,0.003044,0.0,0.962195,48
oracle_containment_supervisor,stress_06,0.65,0,0.916667,0.670139,0.024306,0.003472,0.0,0.006944,0.0,0.090278,0.597222,0.767361,0.477413,0.003234,0.0,0.919206,48
oracle_containment_supervisor,stress_06,0.65,1,0.899306,0.722222,0.038194,0.0,0.006944,0.0,0.006944,0.111111,0.555556,0.802083,0.477603,0.003325,0.0,0.890543,48
oracle_containment_supervisor,stress_06,0.65,2,0.934028,0.743056,0.017361,0.0,0.0,0.0,0.003472,0.086806,0.607639,0.756944,0.475625,0.003151,0.0,0.958313,48
oracle_containment_supervisor,stress_06,0.65,3,0.899306,0.704861,0.013889,0.0,0.0,0.0,0.0,0.100694,0.576389,0.732639,0.477365,0.003376,0.0,0.913402,48
oracle_containment_supervisor,stress_06,0.65,4,0.930556,0.684028,0.020833,0.006944,0.006944,0.003472,0.006944,0.121528,0.579861,0.819444,0.4752,0.003113,0.0,0.919143,48
oracle_containment_supervisor,stress_06,0.65,5,0.927083,0.725694,0.020833,0.0,0.0,0.0,0.0,0.079861,0.59375,0.774306,0.477415,0.003193,0.0,0.951618,48
oracle_containment_supervisor,stress_06,0.65,6,0.927083,0.75,0.020833,0.0,0.006944,0.0,0.006944,0.097222,0.503472,0.8125,0.477072,0.003188,0.0,0.935267,48
oracle_containment_supervisor,stress_06,0.65,7,0.954861,0.708333,0.020833,0.0,0.0,0.003472,0.003472,0.121528,0.5625,0.815972,0.477902,0.003154,0.0,0.95273,48
oracle_containment_supervisor,stress_06,0.65,8,0.934028,0.722222,0.006944,0.003472,0.0,0.0,0.0,0.107639,0.527778,0.767361,0.477329,0.003325,0.0,0.947248,48
oracle_containment_supervisor,stress_06,0.65,9,0.899306,0.697917,0.013889,0.003472,0.003472,0.003472,0.0,0.100694,0.607639,0.770833,0.47635,0.003302,0.0,0.909495,48
oracle_containment_supervisor,stress_07,0.75,0,0.934028,0.753472,0.020833,0.0,0.0,0.0,0.006944,0.100694,0.590278,0.767361,0.493494,0.003229,0.0,0.946052,48
oracle_containment_supervisor,stress_07,0.75,1,0.90625,0.677083,0.010417,0.0,0.0,0.003472,0.003472,0.111111,0.548611,0.71875,0.495177,0.00343,0.0,0.904592,48
oracle_containment_supervisor,stress_07,0.75,2,0.927083,0.673611,0.013889,0.010417,0.006944,0.003472,0.006944,0.131944,0.5625,0.836806,0.492353,0.003068,0.0,0.909332,48
oracle_containment_supervisor,stress_07,0.75,3,0.920139,0.708333,0.020833,0.0,0.0,0.0,0.0,0.097222,0.59375,0.767361,0.494672,0.003288,0.0,0.93215,48
oracle_containment_supervisor,stress_07,0.75,4,0.916667,0.743056,0.020833,0.0,0.003472,0.0,0.006944,0.104167,0.506944,0.819444,0.49427,0.003232,0.0,0.920648,48
oracle_containment_supervisor,stress_07,0.75,5,0.944444,0.680556,0.03125,0.0,0.0,0.003472,0.003472,0.145833,0.576389,0.819444,0.493961,0.003229,0.0,0.920622,48
oracle_containment_supervisor,stress_07,0.75,6,0.930556,0.701389,0.010417,0.003472,0.0,0.0,0.0,0.125,0.520833,0.753472,0.49433,0.003298,0.0,0.928002,48
oracle_containment_supervisor,stress_07,0.75,7,0.895833,0.694444,0.017361,0.0,0.003472,0.003472,0.0,0.107639,0.576389,0.774306,0.49298,0.003267,0.0,0.897819,48
oracle_containment_supervisor,stress_07,0.75,8,0.923611,0.684028,0.020833,0.003472,0.003472,0.0,0.003472,0.104167,0.590278,0.725694,0.493372,0.003215,0.0,0.92307,48
oracle_containment_supervisor,stress_07,0.75,9,0.913194,0.746528,0.013889,0.0,0.006944,0.0,0.0,0.135417,0.597222,0.767361,0.493904,0.003284,0.0,0.913108,48
oracle_containment_supervisor,stress_08,0.85,0,0.909722,0.663194,0.020833,0.010417,0.003472,0.003472,0.003472,0.170139,0.538194,0.819444,0.507538,0.003033,0.0,0.867574,48
oracle_containment_supervisor,stress_08,0.85,1,0.909722,0.694444,0.017361,0.0,0.0,0.0,0.0,0.118056,0.614583,0.760417,0.50954,0.003152,0.0,0.91194,48
oracle_containment_supervisor,stress_08,0.85,2,0.916667,0.746528,0.017361,0.0,0.003472,0.003472,0.006944,0.131944,0.524306,0.798611,0.508708,0.003148,0.0,0.905067,48
oracle_containment_supervisor,stress_08,0.85,3,0.934028,0.673611,0.03125,0.0,0.0,0.003472,0.003472,0.135417,0.569444,0.8125,0.509094,0.003247,0.0,0.91137,48
oracle_containment_supervisor,stress_08,0.85,4,0.934028,0.694444,0.006944,0.003472,0.0,0.0,0.003472,0.145833,0.548611,0.739583,0.509554,0.003256,0.0,0.92102,48
oracle_containment_supervisor,stress_08,0.85,5,0.899306,0.670139,0.017361,0.0,0.003472,0.003472,0.0,0.118056,0.5625,0.753472,0.508097,0.003221,0.0,0.889987,48
oracle_containment_supervisor,stress_08,0.85,6,0.920139,0.677083,0.017361,0.003472,0.003472,0.0,0.006944,0.121528,0.583333,0.75,0.50897,0.003234,0.0,0.909857,48
oracle_containment_supervisor,stress_08,0.85,7,0.888889,0.739583,0.013889,0.0,0.006944,0.0,0.0,0.15625,0.569444,0.791667,0.510016,0.003293,0.0,0.87531,48
oracle_containment_supervisor,stress_08,0.85,8,0.885417,0.666667,0.038194,0.0,0.0,0.0,0.003472,0.111111,0.53125,0.753472,0.508427,0.003351,0.0,0.867483,48
oracle_containment_supervisor,stress_08,0.85,9,0.871528,0.711806,0.013889,0.003472,0.0,0.0,0.003472,0.104167,0.555556,0.763889,0.510306,0.003212,0.0,0.876609,48
oracle_containment_supervisor,stress_09,0.95,0,0.909722,0.704861,0.020833,0.0,0.003472,0.003472,0.006944,0.142361,0.534722,0.791667,0.522966,0.00309,0.0,0.885249,48
oracle_containment_supervisor,stress_09,0.95,1,0.934028,0.697917,0.024306,0.0,0.0,0.0,0.006944,0.152778,0.579861,0.791667,0.522973,0.003307,0.0,0.910266,48
oracle_containment_supervisor,stress_09,0.95,2,0.923611,0.680556,0.017361,0.0,0.0,0.0,0.003472,0.163194,0.527778,0.774306,0.524014,0.003287,0.0,0.894549,48
oracle_containment_supervisor,stress_09,0.95,3,0.892361,0.663194,0.03125,0.0,0.003472,0.0,0.0,0.125,0.565972,0.75,0.523239,0.003311,0.0,0.872124,48
oracle_containment_supervisor,stress_09,0.95,4,0.916667,0.670139,0.024306,0.0,0.0,0.0,0.006944,0.138889,0.611111,0.763889,0.523178,0.003313,0.0,0.897369,48
oracle_containment_supervisor,stress_09,0.95,5,0.857639,0.746528,0.020833,0.003472,0.010417,0.0,0.0,0.170139,0.555556,0.784722,0.523845,0.003483,0.0,0.827407,48
oracle_containment_supervisor,stress_09,0.95,6,0.881944,0.663194,0.038194,0.0,0.003472,0.0,0.003472,0.118056,0.527778,0.739583,0.523822,0.003298,0.0,0.855877,48
oracle_containment_supervisor,stress_09,0.95,7,0.871528,0.715278,0.013889,0.0,0.0,0.0,0.003472,0.121528,0.548611,0.746528,0.523942,0.003365,0.0,0.867726,48
oracle_containment_supervisor,stress_09,0.95,8,0.899306,0.704861,0.017361,0.003472,0.003472,0.0,0.003472,0.128472,0.503472,0.791667,0.522967,0.003274,0.0,0.884471,48
oracle_containment_supervisor,stress_09,0.95,9,0.864583,0.704861,0.003472,0.003472,0.0,0.0,0.003472,0.131944,0.53125,0.78125,0.522058,0.003201,0.0,0.86,48
proposed_hierarchical_failure_containment_graph_v4,stress_00,0.05,0,0.746528,0.552083,0.027778,0.0,0.003472,0.003472,0.003472,0.107639,0.527778,0.645833,0.488862,0.0033,0.1875,0.714354,48
proposed_hierarchical_failure_containment_graph_v4,stress_00,0.05,1,0.777778,0.621528,0.052083,0.010417,0.013889,0.003472,0.003472,0.107639,0.493056,0.59375,0.489579,0.00313,0.149305,0.722705,48
proposed_hierarchical_failure_containment_graph_v4,stress_00,0.05,2,0.708333,0.631944,0.076389,0.013889,0.003472,0.0,0.017361,0.104167,0.527778,0.697917,0.48966,0.003236,0.236111,0.648119,48
proposed_hierarchical_failure_containment_graph_v4,stress_00,0.05,3,0.777778,0.576389,0.059028,0.003472,0.013889,0.003472,0.020833,0.097222,0.548611,0.673611,0.489953,0.003218,0.177083,0.721746,48
proposed_hierarchical_failure_containment_graph_v4,stress_00,0.05,4,0.756944,0.604167,0.048611,0.010417,0.003472,0.0,0.013889,0.104167,0.520833,0.690972,0.489522,0.003071,0.15625,0.713693,48
proposed_hierarchical_failure_containment_graph_v4,stress_00,0.05,5,0.802083,0.652778,0.086806,0.006944,0.006944,0.0,0.013889,0.128472,0.475694,0.642361,0.488034,0.003045,0.076389,0.724362,48
proposed_hierarchical_failure_containment_graph_v4,stress_00,0.05,6,0.791667,0.597222,0.069444,0.0,0.013889,0.003472,0.013889,0.100694,0.541667,0.642361,0.488993,0.003169,0.152777,0.733037,48
proposed_hierarchical_failure_containment_graph_v4,stress_00,0.05,7,0.763889,0.663194,0.048611,0.006944,0.003472,0.0,0.017361,0.114583,0.503472,0.677083,0.488813,0.003078,0.177083,0.720691,48
proposed_hierarchical_failure_containment_graph_v4,stress_00,0.05,8,0.777778,0.586806,0.045139,0.006944,0.003472,0.0,0.013889,0.09375,0.506944,0.65625,0.489355,0.003239,0.163194,0.739103,48
proposed_hierarchical_failure_containment_graph_v4,stress_00,0.05,9,0.819444,0.583333,0.055556,0.010417,0.003472,0.003472,0.017361,0.079861,0.510417,0.670139,0.48787,0.003268,0.111112,0.774319,48
proposed_hierarchical_failure_containment_graph_v4,stress_01,0.15,0,0.711806,0.604167,0.083333,0.010417,0.006944,0.003472,0.013889,0.131944,0.510417,0.677083,0.509236,0.003198,0.243055,0.624923,48
proposed_hierarchical_failure_containment_graph_v4,stress_01,0.15,1,0.760417,0.576389,0.065972,0.003472,0.010417,0.003472,0.024306,0.145833,0.538194,0.666667,0.509153,0.003182,0.194444,0.674082,48
proposed_hierarchical_failure_containment_graph_v4,stress_01,0.15,2,0.753472,0.600694,0.038194,0.006944,0.013889,0.0,0.013889,0.086806,0.517361,0.673611,0.509214,0.003017,0.15625,0.71766,48
proposed_hierarchical_failure_containment_graph_v4,stress_01,0.15,3,0.791667,0.618056,0.079861,0.010417,0.013889,0.0,0.010417,0.166667,0.465278,0.652778,0.507082,0.002995,0.104166,0.69054,48
proposed_hierarchical_failure_containment_graph_v4,stress_01,0.15,4,0.78125,0.597222,0.072917,0.003472,0.017361,0.003472,0.024306,0.114583,0.552083,0.642361,0.507454,0.003232,0.166667,0.704163,48
proposed_hierarchical_failure_containment_graph_v4,stress_01,0.15,5,0.743056,0.642361,0.052083,0.006944,0.006944,0.0,0.017361,0.135417,0.489583,0.663194,0.508316,0.003157,0.190972,0.680045,48
proposed_hierarchical_failure_containment_graph_v4,stress_01,0.15,6,0.770833,0.600694,0.045139,0.010417,0.003472,0.0,0.024306,0.104167,0.486111,0.642361,0.508959,0.003175,0.15625,0.717585,48
proposed_hierarchical_failure_containment_graph_v4,stress_01,0.15,7,0.798611,0.59375,0.069444,0.020833,0.006944,0.003472,0.013889,0.104167,0.503472,0.65625,0.508066,0.003277,0.125,0.725195,48
proposed_hierarchical_failure_containment_graph_v4,stress_01,0.15,8,0.756944,0.625,0.052083,0.010417,0.010417,0.003472,0.017361,0.104167,0.548611,0.690972,0.508346,0.003433,0.201389,0.70464,48
proposed_hierarchical_failure_containment_graph_v4,stress_01,0.15,9,0.791667,0.621528,0.065972,0.010417,0.006944,0.0,0.013889,0.114583,0.513889,0.621528,0.508324,0.002965,0.138889,0.727059,48
proposed_hierarchical_failure_containment_graph_v4,stress_02,0.25,0,0.767361,0.621528,0.055556,0.017361,0.024306,0.0,0.017361,0.090278,0.506944,0.652778,0.529054,0.003084,0.135417,0.705043,48
proposed_hierarchical_failure_containment_graph_v4,stress_02,0.25,1,0.791667,0.621528,0.09375,0.017361,0.010417,0.0,0.010417,0.177083,0.447917,0.649306,0.526492,0.003291,0.121527,0.671247,48
proposed_hierarchical_failure_containment_graph_v4,stress_02,0.25,2,0.767361,0.576389,0.072917,0.006944,0.010417,0.003472,0.027778,0.128472,0.538194,0.611111,0.528365,0.003413,0.180556,0.676263,48
proposed_hierarchical_failure_containment_graph_v4,stress_02,0.25,3,0.756944,0.607639,0.048611,0.017361,0.013889,0.0,0.013889,0.149306,0.461806,0.65625,0.527795,0.003389,0.170139,0.673779,48
proposed_hierarchical_failure_containment_graph_v4,stress_02,0.25,4,0.760417,0.59375,0.059028,0.010417,0.010417,0.0,0.034722,0.118056,0.493056,0.635417,0.528522,0.003521,0.177083,0.68109,48
proposed_hierarchical_failure_containment_graph_v4,stress_02,0.25,5,0.743056,0.625,0.072917,0.017361,0.006944,0.003472,0.020833,0.131944,0.527778,0.673611,0.528335,0.003308,0.180555,0.6564,48
proposed_hierarchical_failure_containment_graph_v4,stress_02,0.25,6,0.729167,0.59375,0.069444,0.013889,0.024306,0.003472,0.027778,0.125,0.534722,0.690972,0.528313,0.003569,0.225694,0.636608,48
proposed_hierarchical_failure_containment_graph_v4,stress_02,0.25,7,0.78125,0.614583,0.059028,0.006944,0.013889,0.0,0.006944,0.131944,0.503472,0.611111,0.528655,0.003173,0.149306,0.709939,48
proposed_hierarchical_failure_containment_graph_v4,stress_02,0.25,8,0.694444,0.590278,0.076389,0.013889,0.013889,0.006944,0.013889,0.15625,0.475694,0.625,0.528667,0.003168,0.215278,0.583178,48
proposed_hierarchical_failure_containment_graph_v4,stress_02,0.25,9,0.819444,0.565972,0.083333,0.006944,0.006944,0.006944,0.013889,0.131944,0.520833,0.604167,0.529125,0.00335,0.086806,0.721651,48
proposed_hierarchical_failure_containment_graph_v4,stress_03,0.35,0,0.767361,0.524306,0.086806,0.006944,0.010417,0.003472,0.034722,0.152778,0.506944,0.625,0.547223,0.005055,0.173611,0.643571,48
proposed_hierarchical_failure_containment_graph_v4,stress_03,0.35,1,0.75,0.607639,0.059028,0.013889,0.017361,0.0,0.017361,0.15625,0.465278,0.635417,0.547773,0.004928,0.173611,0.652379,48
proposed_hierarchical_failure_containment_graph_v4,stress_03,0.35,2,0.753472,0.600694,0.069444,0.017361,0.013889,0.0,0.038194,0.163194,0.496528,0.649306,0.547531,0.005099,0.180556,0.638816,48
proposed_hierarchical_failure_containment_graph_v4,stress_03,0.35,3,0.722222,0.635417,0.065972,0.006944,0.017361,0.006944,0.013889,0.166667,0.520833,0.659722,0.547148,0.004851,0.211806,0.621411,48
proposed_hierarchical_failure_containment_graph_v4,stress_03,0.35,4,0.725694,0.611111,0.059028,0.020833,0.020833,0.003472,0.020833,0.128472,0.510417,0.6875,0.548826,0.005223,0.215278,0.635871,48
proposed_hierarchical_failure_containment_graph_v4,stress_03,0.35,5,0.770833,0.586806,0.065972,0.006944,0.013889,0.0,0.010417,0.159722,0.465278,0.586806,0.547527,0.004768,0.166667,0.671531,48
proposed_hierarchical_failure_containment_graph_v4,stress_03,0.35,6,0.701389,0.586806,0.086806,0.020833,0.024306,0.010417,0.020833,0.173611,0.475694,0.611111,0.547506,0.004789,0.208333,0.556719,48
proposed_hierarchical_failure_containment_graph_v4,stress_03,0.35,7,0.829861,0.586806,0.097222,0.010417,0.017361,0.0,0.020833,0.170139,0.510417,0.611111,0.547809,0.005103,0.065972,0.702451,48
proposed_hierarchical_failure_containment_graph_v4,stress_03,0.35,8,0.777778,0.597222,0.041667,0.024306,0.013889,0.003472,0.027778,0.177083,0.527778,0.635417,0.548846,0.004941,0.149305,0.672211,48
proposed_hierarchical_failure_containment_graph_v4,stress_03,0.35,9,0.767361,0.541667,0.100694,0.006944,0.017361,0.0,0.013889,0.145833,0.472222,0.638889,0.547335,0.004843,0.180556,0.64775,48
proposed_hierarchical_failure_containment_graph_v4,stress_04,0.45,0,0.75,0.586806,0.072917,0.017361,0.013889,0.0,0.038194,0.180556,0.5,0.649306,0.567282,0.009032,0.177083,0.62091,48
proposed_hierarchical_failure_containment_graph_v4,stress_04,0.45,1,0.739583,0.614583,0.076389,0.003472,0.020833,0.006944,0.013889,0.159722,0.5,0.649306,0.566432,0.008874,0.194445,0.628681,48
proposed_hierarchical_failure_containment_graph_v4,stress_04,0.45,2,0.708333,0.604167,0.065972,0.024306,0.017361,0.003472,0.013889,0.149306,0.475694,0.673611,0.567963,0.009117,0.229167,0.600666,48
proposed_hierarchical_failure_containment_graph_v4,stress_04,0.45,3,0.770833,0.579861,0.076389,0.013889,0.017361,0.0,0.017361,0.163194,0.451389,0.569444,0.565933,0.008858,0.152778,0.649738,48
proposed_hierarchical_failure_containment_graph_v4,stress_04,0.45,4,0.729167,0.586806,0.072917,0.024306,0.024306,0.010417,0.020833,0.170139,0.472222,0.625,0.566924,0.00891,0.184027,0.590123,48
proposed_hierarchical_failure_containment_graph_v4,stress_04,0.45,5,0.802083,0.576389,0.111111,0.013889,0.020833,0.0,0.024306,0.166667,0.479167,0.638889,0.566912,0.009125,0.090278,0.657548,48
proposed_hierarchical_failure_containment_graph_v4,stress_04,0.45,6,0.753472,0.618056,0.059028,0.027778,0.024306,0.003472,0.03125,0.184028,0.538194,0.642361,0.568088,0.009113,0.173611,0.625933,48
proposed_hierarchical_failure_containment_graph_v4,stress_04,0.45,7,0.75,0.548611,0.111111,0.003472,0.017361,0.0,0.020833,0.166667,0.454861,0.631944,0.566675,0.008933,0.184028,0.609354,48
proposed_hierarchical_failure_containment_graph_v4,stress_04,0.45,8,0.746528,0.552083,0.083333,0.017361,0.013889,0.003472,0.020833,0.201389,0.493056,0.618056,0.565958,0.008962,0.163194,0.600136,48
proposed_hierarchical_failure_containment_graph_v4,stress_04,0.45,9,0.746528,0.559028,0.083333,0.024306,0.024306,0.003472,0.017361,0.21875,0.5,0.631944,0.568589,0.008721,0.190972,0.586585,48
proposed_hierarchical_failure_containment_graph_v4,stress_05,0.55,0,0.722222,0.586806,0.065972,0.03125,0.024306,0.0,0.017361,0.180556,0.472222,0.645833,0.587712,0.015632,0.215278,0.588834,48
proposed_hierarchical_failure_containment_graph_v4,stress_05,0.55,1,0.767361,0.569444,0.083333,0.010417,0.027778,0.0,0.020833,0.184028,0.423611,0.576389,0.584943,0.015385,0.170139,0.622002,48
proposed_hierarchical_failure_containment_graph_v4,stress_05,0.55,2,0.732639,0.614583,0.083333,0.027778,0.041667,0.006944,0.03125,0.184028,0.475694,0.607639,0.58573,0.015686,0.180555,0.569205,48
proposed_hierarchical_failure_containment_graph_v4,stress_05,0.55,3,0.784722,0.59375,0.097222,0.017361,0.03125,0.0,0.034722,0.1875,0.46875,0.618056,0.585858,0.015992,0.111111,0.624982,48
proposed_hierarchical_failure_containment_graph_v4,stress_05,0.55,4,0.722222,0.625,0.0625,0.024306,0.017361,0.003472,0.041667,0.215278,0.510417,0.65625,0.587568,0.015348,0.211806,0.574784,48
proposed_hierarchical_failure_containment_graph_v4,stress_05,0.55,5,0.743056,0.541667,0.107639,0.003472,0.017361,0.003472,0.020833,0.173611,0.444444,0.618056,0.58688,0.01546,0.170138,0.592329,48
proposed_hierarchical_failure_containment_graph_v4,stress_05,0.55,6,0.75,0.541667,0.09375,0.020833,0.024306,0.003472,0.03125,0.201389,0.489583,0.590278,0.58521,0.01553,0.173611,0.580175,48
proposed_hierarchical_failure_containment_graph_v4,stress_05,0.55,7,0.725694,0.527778,0.076389,0.017361,0.027778,0.003472,0.03125,0.229167,0.479167,0.635417,0.587374,0.01548,0.201389,0.553543,48
proposed_hierarchical_failure_containment_graph_v4,stress_05,0.55,8,0.725694,0.576389,0.065972,0.017361,0.024306,0.003472,0.013889,0.184028,0.506944,0.625,0.585091,0.015063,0.204862,0.596966,48
proposed_hierarchical_failure_containment_graph_v4,stress_05,0.55,9,0.784722,0.527778,0.055556,0.03125,0.017361,0.0,0.027778,0.190972,0.434028,0.597222,0.587512,0.015517,0.152778,0.640736,48
proposed_hierarchical_failure_containment_graph_v4,stress_06,0.65,0,0.739583,0.579861,0.086806,0.034722,0.045139,0.013889,0.034722,0.201389,0.472222,0.638889,0.605168,0.023422,0.177084,0.545927,48
proposed_hierarchical_failure_containment_graph_v4,stress_06,0.65,1,0.743056,0.597222,0.090278,0.020833,0.027778,0.003472,0.03125,0.177083,0.503472,0.590278,0.60437,0.023762,0.15625,0.588432,48
proposed_hierarchical_failure_containment_graph_v4,stress_06,0.65,2,0.729167,0.625,0.083333,0.020833,0.03125,0.003472,0.048611,0.232639,0.472222,0.635417,0.60676,0.022855,0.204861,0.54642,48
proposed_hierarchical_failure_containment_graph_v4,stress_06,0.65,3,0.729167,0.520833,0.104167,0.013889,0.020833,0.0,0.020833,0.211806,0.454861,0.586806,0.606771,0.023171,0.170139,0.553275,48
proposed_hierarchical_failure_containment_graph_v4,stress_06,0.65,4,0.756944,0.538194,0.100694,0.024306,0.03125,0.006944,0.034722,0.211806,0.513889,0.600694,0.604991,0.023285,0.173612,0.566164,48
proposed_hierarchical_failure_containment_graph_v4,stress_06,0.65,5,0.736111,0.506944,0.076389,0.020833,0.03125,0.003472,0.034722,0.229167,0.458333,0.625,0.606218,0.023013,0.190972,0.551636,48
proposed_hierarchical_failure_containment_graph_v4,stress_06,0.65,6,0.711806,0.5625,0.069444,0.017361,0.034722,0.010417,0.010417,0.208333,0.46875,0.638889,0.604061,0.023012,0.215277,0.552347,48
proposed_hierarchical_failure_containment_graph_v4,stress_06,0.65,7,0.777778,0.534722,0.0625,0.038194,0.024306,0.003472,0.041667,0.180556,0.454861,0.590278,0.607576,0.023166,0.177083,0.616051,48
proposed_hierarchical_failure_containment_graph_v4,stress_06,0.65,8,0.732639,0.631944,0.079861,0.027778,0.034722,0.0,0.034722,0.208333,0.552083,0.614583,0.605753,0.023413,0.201389,0.573176,48
proposed_hierarchical_failure_containment_graph_v4,stress_06,0.65,9,0.725694,0.510417,0.076389,0.003472,0.027778,0.006944,0.027778,0.211806,0.4375,0.628472,0.606072,0.023128,0.173612,0.55865,48
proposed_hierarchical_failure_containment_graph_v4,stress_07,0.75,0,0.736111,0.611111,0.090278,0.020833,0.027778,0.006944,0.0625,0.253472,0.46875,0.597222,0.624069,0.030952,0.197917,0.524939,48
proposed_hierarchical_failure_containment_graph_v4,stress_07,0.75,1,0.729167,0.538194,0.104167,0.024306,0.024306,0.003472,0.010417,0.243056,0.454861,0.586806,0.623274,0.03117,0.177083,0.531488,48
proposed_hierarchical_failure_containment_graph_v4,stress_07,0.75,2,0.739583,0.520833,0.090278,0.027778,0.024306,0.006944,0.038194,0.194444,0.486111,0.600694,0.622638,0.031483,0.1875,0.556145,48
proposed_hierarchical_failure_containment_graph_v4,stress_07,0.75,3,0.708333,0.510417,0.076389,0.034722,0.024306,0.003472,0.03125,0.222222,0.447917,0.600694,0.62358,0.031367,0.211806,0.51979,48
proposed_hierarchical_failure_containment_graph_v4,stress_07,0.75,4,0.722222,0.538194,0.059028,0.020833,0.041667,0.003472,0.017361,0.243056,0.503472,0.625,0.62095,0.03122,0.194445,0.548691,48
proposed_hierarchical_failure_containment_graph_v4,stress_07,0.75,5,0.753472,0.538194,0.0625,0.034722,0.024306,0.003472,0.038194,0.184028,0.458333,0.600694,0.624036,0.031257,0.190972,0.591645,48
proposed_hierarchical_failure_containment_graph_v4,stress_07,0.75,6,0.722222,0.618056,0.100694,0.03125,0.041667,0.0,0.034722,0.256944,0.552083,0.621528,0.62254,0.031422,0.208334,0.518254,48
proposed_hierarchical_failure_containment_graph_v4,stress_07,0.75,7,0.701389,0.524306,0.0625,0.006944,0.038194,0.006944,0.024306,0.197917,0.46875,0.618056,0.622584,0.031379,0.194444,0.544443,48
proposed_hierarchical_failure_containment_graph_v4,stress_07,0.75,8,0.704861,0.545139,0.107639,0.024306,0.017361,0.0,0.03125,0.236111,0.465278,0.635417,0.62195,0.031296,0.21875,0.509573,48
proposed_hierarchical_failure_containment_graph_v4,stress_07,0.75,9,0.753472,0.541667,0.072917,0.013889,0.027778,0.010417,0.03125,0.236111,0.475694,0.572917,0.62142,0.031562,0.159722,0.5674,48
proposed_hierarchical_failure_containment_graph_v4,stress_08,0.85,0,0.729167,0.552083,0.100694,0.027778,0.027778,0.006944,0.041667,0.211806,0.486111,0.604167,0.637939,0.039726,0.180555,0.528785,48
proposed_hierarchical_failure_containment_graph_v4,stress_08,0.85,1,0.694444,0.503472,0.100694,0.034722,0.017361,0.006944,0.03125,0.232639,0.440972,0.621528,0.637468,0.039743,0.215278,0.482634,48
proposed_hierarchical_failure_containment_graph_v4,stress_08,0.85,2,0.697917,0.53125,0.055556,0.010417,0.041667,0.006944,0.024306,0.239583,0.524306,0.611111,0.63643,0.039472,0.21875,0.524377,48
proposed_hierarchical_failure_containment_graph_v4,stress_08,0.85,3,0.725694,0.559028,0.079861,0.027778,0.03125,0.006944,0.034722,0.201389,0.46875,0.600694,0.638367,0.039326,0.208334,0.543819,48
proposed_hierarchical_failure_containment_graph_v4,stress_08,0.85,4,0.739583,0.579861,0.104167,0.034722,0.034722,0.0,0.020833,0.295139,0.534722,0.579861,0.63869,0.039481,0.194445,0.513442,48
proposed_hierarchical_failure_containment_graph_v4,stress_08,0.85,5,0.708333,0.527778,0.079861,0.013889,0.034722,0.003472,0.027778,0.204861,0.46875,0.625,0.638047,0.039691,0.190973,0.53522,48
proposed_hierarchical_failure_containment_graph_v4,stress_08,0.85,6,0.708333,0.552083,0.111111,0.03125,0.017361,0.003472,0.03125,0.25,0.447917,0.628472,0.636918,0.039768,0.211806,0.493556,48
proposed_hierarchical_failure_containment_graph_v4,stress_08,0.85,7,0.763889,0.548611,0.076389,0.017361,0.034722,0.010417,0.041667,0.243056,0.472222,0.576389,0.637374,0.039959,0.125,0.560543,48
proposed_hierarchical_failure_containment_graph_v4,stress_08,0.85,8,0.760417,0.586806,0.118056,0.017361,0.055556,0.006944,0.024306,0.21875,0.496528,0.604167,0.637257,0.039329,0.125,0.551065,48
proposed_hierarchical_failure_containment_graph_v4,stress_08,0.85,9,0.774306,0.597222,0.090278,0.017361,0.024306,0.013889,0.03125,0.215278,0.395833,0.625,0.638611,0.039967,0.097222,0.58248,48
proposed_hierarchical_failure_containment_graph_v4,stress_09,0.95,0,0.704861,0.520833,0.069444,0.020833,0.038194,0.003472,0.027778,0.253472,0.513889,0.604167,0.651089,0.048228,0.204861,0.509545,48
proposed_hierarchical_failure_containment_graph_v4,stress_09,0.95,1,0.708333,0.5625,0.104167,0.020833,0.03125,0.006944,0.03125,0.211806,0.486111,0.565972,0.652789,0.048022,0.225695,0.509282,48
proposed_hierarchical_failure_containment_graph_v4,stress_09,0.95,2,0.725694,0.545139,0.090278,0.03125,0.038194,0.006944,0.027778,0.305556,0.520833,0.559028,0.65329,0.048649,0.197917,0.485033,48
proposed_hierarchical_failure_containment_graph_v4,stress_09,0.95,3,0.704861,0.513889,0.079861,0.027778,0.027778,0.006944,0.034722,0.246528,0.447917,0.638889,0.65236,0.048578,0.1875,0.496526,48
proposed_hierarchical_failure_containment_graph_v4,stress_09,0.95,4,0.729167,0.576389,0.09375,0.034722,0.020833,0.003472,0.038194,0.25,0.444444,0.604167,0.651723,0.048463,0.1875,0.517146,48
proposed_hierarchical_failure_containment_graph_v4,stress_09,0.95,5,0.743056,0.524306,0.086806,0.010417,0.041667,0.010417,0.038194,0.267361,0.465278,0.579861,0.652309,0.048928,0.114583,0.518453,48
proposed_hierarchical_failure_containment_graph_v4,stress_09,0.95,6,0.75,0.611111,0.111111,0.017361,0.041667,0.003472,0.041667,0.246528,0.465278,0.597222,0.651282,0.048263,0.131944,0.531966,48
proposed_hierarchical_failure_containment_graph_v4,stress_09,0.95,7,0.732639,0.569444,0.09375,0.020833,0.024306,0.017361,0.038194,0.232639,0.402778,0.621528,0.653923,0.048987,0.138889,0.516657,48
proposed_hierarchical_failure_containment_graph_v4,stress_09,0.95,8,0.715278,0.517361,0.104167,0.034722,0.027778,0.010417,0.020833,0.21875,0.447917,0.638889,0.652164,0.048196,0.184028,0.503789,48
proposed_hierarchical_failure_containment_graph_v4,stress_09,0.95,9,0.6875,0.53125,0.107639,0.041667,0.045139,0.006944,0.038194,0.215278,0.465278,0.590278,0.651365,0.048146,0.177083,0.460475,48
recovery_budgeted_controller,stress_00,0.05,0,0.732639,0.496528,0.097222,0.024306,0.03125,0.020833,0.041667,0.149306,0.510417,0.604167,0.569971,0.003027,0.201389,0.554174,48
recovery_budgeted_controller,stress_00,0.05,1,0.694444,0.506944,0.097222,0.038194,0.055556,0.010417,0.024306,0.190972,0.472222,0.5,0.572251,0.003315,0.232639,0.490411,48
recovery_budgeted_controller,stress_00,0.05,2,0.753472,0.46875,0.097222,0.027778,0.027778,0.003472,0.027778,0.184028,0.496528,0.59375,0.569776,0.003265,0.190972,0.578779,48
recovery_budgeted_controller,stress_00,0.05,3,0.715278,0.493056,0.052083,0.038194,0.020833,0.013889,0.045139,0.1875,0.409722,0.5625,0.570545,0.003166,0.239583,0.54103,48
recovery_budgeted_controller,stress_00,0.05,4,0.756944,0.472222,0.083333,0.024306,0.041667,0.010417,0.017361,0.197917,0.503472,0.569444,0.571283,0.003304,0.15625,0.576867,48
recovery_budgeted_controller,stress_00,0.05,5,0.711806,0.524306,0.125,0.038194,0.055556,0.010417,0.045139,0.1875,0.458333,0.545139,0.570374,0.003389,0.166666,0.485984,48
recovery_budgeted_controller,stress_00,0.05,6,0.715278,0.496528,0.090278,0.038194,0.038194,0.006944,0.03125,0.194444,0.371528,0.565972,0.571449,0.003157,0.229166,0.517283,48
recovery_budgeted_controller,stress_00,0.05,7,0.767361,0.465278,0.059028,0.03125,0.041667,0.0,0.027778,0.15625,0.451389,0.517361,0.570386,0.003077,0.173611,0.617705,48
recovery_budgeted_controller,stress_00,0.05,8,0.694444,0.503472,0.100694,0.045139,0.048611,0.006944,0.020833,0.201389,0.427083,0.583333,0.569759,0.003063,0.246528,0.48843,48
recovery_budgeted_controller,stress_00,0.05,9,0.725694,0.486111,0.076389,0.027778,0.052083,0.010417,0.024306,0.138889,0.461806,0.534722,0.571441,0.003115,0.204862,0.56443,48
recovery_budgeted_controller,stress_01,0.15,0,0.746528,0.493056,0.097222,0.027778,0.034722,0.006944,0.024306,0.177083,0.475694,0.579861,0.588249,0.003513,0.208333,0.567621,48
recovery_budgeted_controller,stress_01,0.15,1,0.722222,0.510417,0.048611,0.048611,0.024306,0.017361,0.052083,0.173611,0.399306,0.583333,0.590188,0.003608,0.232639,0.541776,48
recovery_budgeted_controller,stress_01,0.15,2,0.763889,0.472222,0.079861,0.027778,0.052083,0.013889,0.024306,0.1875,0.5,0.565972,0.590259,0.003757,0.145833,0.574306,48
recovery_budgeted_controller,stress_01,0.15,3,0.704861,0.503472,0.125,0.045139,0.065972,0.010417,0.059028,0.222222,0.472222,0.559028,0.589782,0.00373,0.190972,0.445038,48
recovery_budgeted_controller,stress_01,0.15,4,0.732639,0.475694,0.09375,0.038194,0.03125,0.003472,0.034722,0.215278,0.392361,0.555556,0.590218,0.003423,0.215278,0.524405,48
recovery_budgeted_controller,stress_01,0.15,5,0.75,0.482639,0.0625,0.045139,0.038194,0.003472,0.024306,0.1875,0.434028,0.527778,0.589392,0.003506,0.184028,0.574146,48
recovery_budgeted_controller,stress_01,0.15,6,0.659722,0.489583,0.09375,0.041667,0.041667,0.010417,0.010417,0.211806,0.427083,0.5625,0.589279,0.003477,0.267361,0.454129,48
recovery_budgeted_controller,stress_01,0.15,7,0.725694,0.482639,0.079861,0.027778,0.052083,0.010417,0.03125,0.145833,0.454861,0.548611,0.590295,0.003507,0.197917,0.553089,48
recovery_budgeted_controller,stress_01,0.15,8,0.690972,0.538194,0.072917,0.041667,0.045139,0.006944,0.020833,0.239583,0.472222,0.503472,0.589141,0.00352,0.267361,0.488784,48
recovery_budgeted_controller,stress_01,0.15,9,0.701389,0.472222,0.079861,0.03125,0.038194,0.006944,0.034722,0.190972,0.444444,0.555556,0.588744,0.003638,0.229167,0.513326,48
recovery_budgeted_controller,stress_02,0.25,0,0.743056,0.451389,0.100694,0.048611,0.048611,0.024306,0.017361,0.190972,0.527778,0.541667,0.609053,0.006055,0.159722,0.517345,48
recovery_budgeted_controller,stress_02,0.25,1,0.704861,0.482639,0.149306,0.045139,0.048611,0.013889,0.052083,0.229167,0.486111,0.5625,0.60975,0.006266,0.208333,0.430102,48
recovery_budgeted_controller,stress_02,0.25,2,0.711806,0.482639,0.079861,0.041667,0.038194,0.006944,0.041667,0.208333,0.375,0.555556,0.609434,0.005861,0.236111,0.500235,48
recovery_budgeted_controller,stress_02,0.25,3,0.75,0.486111,0.076389,0.045139,0.038194,0.006944,0.038194,0.204861,0.427083,0.520833,0.608677,0.005666,0.177083,0.544505,48
recovery_budgeted_controller,stress_02,0.25,4,0.642361,0.510417,0.09375,0.038194,0.052083,0.010417,0.017361,0.215278,0.430556,0.576389,0.607739,0.005897,0.295139,0.429434,48
recovery_budgeted_controller,stress_02,0.25,5,0.711806,0.503472,0.09375,0.03125,0.059028,0.006944,0.027778,0.197917,0.465278,0.548611,0.610045,0.005746,0.211805,0.506707,48
recovery_budgeted_controller,stress_02,0.25,6,0.715278,0.524306,0.086806,0.041667,0.048611,0.010417,0.024306,0.239583,0.447917,0.527778,0.608418,0.005916,0.239583,0.492678,48
recovery_budgeted_controller,stress_02,0.25,7,0.673611,0.486111,0.072917,0.038194,0.038194,0.010417,0.027778,0.194444,0.451389,0.555556,0.607655,0.006131,0.256945,0.483014,48
recovery_budgeted_controller,stress_02,0.25,8,0.722222,0.503472,0.131944,0.020833,0.045139,0.003472,0.010417,0.190972,0.482639,0.527778,0.610833,0.005988,0.1875,0.520147,48
recovery_budgeted_controller,stress_02,0.25,9,0.659722,0.461806,0.076389,0.045139,0.045139,0.017361,0.03125,0.170139,0.4375,0.559028,0.609449,0.006117,0.246528,0.458761,48
recovery_budgeted_controller,stress_03,0.35,0,0.704861,0.465278,0.086806,0.041667,0.03125,0.003472,0.024306,0.1875,0.402778,0.5625,0.629046,0.011106,0.236111,0.510295,48
recovery_budgeted_controller,stress_03,0.35,1,0.739583,0.479167,0.083333,0.048611,0.038194,0.003472,0.041667,0.21875,0.430556,0.513889,0.628078,0.011066,0.184028,0.519712,48
recovery_budgeted_controller,stress_03,0.35,2,0.663194,0.503472,0.086806,0.048611,0.052083,0.013889,0.024306,0.197917,0.416667,0.586806,0.626903,0.011323,0.270834,0.445852,48
recovery_budgeted_controller,stress_03,0.35,3,0.708333,0.482639,0.104167,0.038194,0.0625,0.010417,0.03125,0.232639,0.423611,0.559028,0.627997,0.011307,0.225695,0.462659,48
recovery_budgeted_controller,stress_03,0.35,4,0.684028,0.506944,0.100694,0.041667,0.059028,0.017361,0.020833,0.253472,0.444444,0.534722,0.628442,0.011191,0.256944,0.430873,48
recovery_budgeted_controller,stress_03,0.35,5,0.666667,0.46875,0.076389,0.034722,0.065972,0.010417,0.034722,0.215278,0.458333,0.565972,0.627818,0.01153,0.270833,0.446221,48
recovery_budgeted_controller,stress_03,0.35,6,0.701389,0.503472,0.135417,0.041667,0.048611,0.003472,0.017361,0.208333,0.444444,0.5625,0.630949,0.011292,0.208333,0.468816,48
recovery_budgeted_controller,stress_03,0.35,7,0.621528,0.46875,0.086806,0.052083,0.041667,0.017361,0.038194,0.163194,0.427083,0.545139,0.628479,0.011627,0.274305,0.408406,48
recovery_budgeted_controller,stress_03,0.35,8,0.704861,0.434028,0.100694,0.048611,0.048611,0.020833,0.041667,0.215278,0.454861,0.538194,0.628722,0.011457,0.222222,0.450663,48
recovery_budgeted_controller,stress_03,0.35,9,0.673611,0.486111,0.111111,0.055556,0.0625,0.006944,0.03125,0.263889,0.475694,0.597222,0.627669,0.011263,0.274306,0.409191,48
recovery_budgeted_controller,stress_04,0.45,0,0.652778,0.486111,0.090278,0.055556,0.059028,0.013889,0.024306,0.197917,0.399306,0.579861,0.646368,0.018651,0.274305,0.419697,48
recovery_budgeted_controller,stress_04,0.45,1,0.694444,0.479167,0.121528,0.048611,0.0625,0.017361,0.045139,0.243056,0.409722,0.548611,0.648067,0.01852,0.239584,0.409025,48
recovery_budgeted_controller,stress_04,0.45,2,0.670139,0.506944,0.090278,0.038194,0.052083,0.017361,0.017361,0.25,0.465278,0.559028,0.647632,0.018299,0.267361,0.430861,48
recovery_budgeted_controller,stress_04,0.45,3,0.614583,0.454861,0.090278,0.024306,0.0625,0.006944,0.038194,0.239583,0.458333,0.5625,0.647025,0.018824,0.309028,0.37881,48
recovery_budgeted_controller,stress_04,0.45,4,0.677083,0.517361,0.142361,0.059028,0.052083,0.003472,0.020833,0.215278,0.420139,0.548611,0.649824,0.018451,0.236111,0.420469,48
recovery_budgeted_controller,stress_04,0.45,5,0.635417,0.46875,0.100694,0.059028,0.052083,0.024306,0.052083,0.197917,0.4375,0.506944,0.647549,0.018808,0.256944,0.371648,48
recovery_budgeted_controller,stress_04,0.45,6,0.666667,0.4375,0.114583,0.041667,0.045139,0.024306,0.041667,0.222222,0.479167,0.517361,0.647802,0.018852,0.260416,0.400293,48
recovery_budgeted_controller,stress_04,0.45,7,0.659722,0.5,0.118056,0.048611,0.065972,0.013889,0.034722,0.256944,0.423611,0.586806,0.6476,0.018649,0.274306,0.381518,48
recovery_budgeted_controller,stress_04,0.45,8,0.694444,0.5,0.114583,0.03125,0.079861,0.024306,0.027778,0.215278,0.440972,0.548611,0.648044,0.018758,0.215278,0.432204,48
recovery_budgeted_controller,stress_04,0.45,9,0.659722,0.486111,0.128472,0.048611,0.076389,0.017361,0.027778,0.236111,0.409722,0.579861,0.647204,0.018563,0.277778,0.376601,48
recovery_budgeted_controller,stress_05,0.55,0,0.663194,0.517361,0.114583,0.038194,0.055556,0.024306,0.027778,0.267361,0.440972,0.572917,0.666381,0.026589,0.274306,0.384076,48
recovery_budgeted_controller,stress_05,0.55,1,0.614583,0.461806,0.118056,0.038194,0.069444,0.013889,0.03125,0.260417,0.423611,0.545139,0.667064,0.027141,0.322917,0.331172,48
recovery_budgeted_controller,stress_05,0.55,2,0.684028,0.524306,0.128472,0.065972,0.055556,0.010417,0.03125,0.208333,0.385417,0.534722,0.668116,0.026833,0.229166,0.41648,48
recovery_budgeted_controller,stress_05,0.55,3,0.663194,0.461806,0.100694,0.065972,0.072917,0.024306,0.059028,0.243056,0.444444,0.493056,0.666691,0.0273,0.232639,0.358087,48
recovery_budgeted_controller,stress_05,0.55,4,0.659722,0.444444,0.121528,0.052083,0.059028,0.03125,0.03125,0.225694,0.475694,0.517361,0.667311,0.027134,0.274306,0.369815,48
recovery_budgeted_controller,stress_05,0.55,5,0.649306,0.5,0.118056,0.052083,0.065972,0.024306,0.041667,0.256944,0.440972,0.576389,0.667557,0.027193,0.263888,0.352533,48
recovery_budgeted_controller,stress_05,0.55,6,0.659722,0.479167,0.145833,0.034722,0.079861,0.020833,0.03125,0.25,0.420139,0.5625,0.667716,0.027193,0.263889,0.355886,48
recovery_budgeted_controller,stress_05,0.55,7,0.670139,0.479167,0.111111,0.052083,0.090278,0.017361,0.03125,0.263889,0.420139,0.559028,0.667258,0.026953,0.256944,0.370858,48
recovery_budgeted_controller,stress_05,0.55,8,0.670139,0.461806,0.100694,0.059028,0.069444,0.017361,0.045139,0.239583,0.479167,0.482639,0.666771,0.026974,0.260417,0.387387,48
recovery_budgeted_controller,stress_05,0.55,9,0.677083,0.482639,0.100694,0.065972,0.0625,0.03125,0.03125,0.263889,0.440972,0.565972,0.666496,0.026975,0.260417,0.377175,48
recovery_budgeted_controller,stress_06,0.65,0,0.690972,0.520833,0.128472,0.079861,0.065972,0.020833,0.034722,0.208333,0.409722,0.545139,0.686975,0.03614,0.225695,0.397057,48
recovery_budgeted_controller,stress_06,0.65,1,0.65625,0.46875,0.118056,0.069444,0.072917,0.027778,0.059028,0.267361,0.454861,0.496528,0.685606,0.036297,0.243056,0.321914,48
recovery_budgeted_controller,stress_06,0.65,2,0.659722,0.46875,0.125,0.052083,0.079861,0.03125,0.041667,0.25,0.472222,0.534722,0.686713,0.036157,0.274306,0.341916,48
recovery_budgeted_controller,stress_06,0.65,3,0.628472,0.46875,0.114583,0.041667,0.0625,0.024306,0.041667,0.25,0.444444,0.559028,0.686806,0.036078,0.270834,0.337096,48
recovery_budgeted_controller,stress_06,0.65,4,0.645833,0.465278,0.15625,0.034722,0.09375,0.017361,0.024306,0.277778,0.420139,0.524306,0.687405,0.036007,0.284723,0.316549,48
recovery_budgeted_controller,stress_06,0.65,5,0.663194,0.496528,0.114583,0.052083,0.083333,0.013889,0.045139,0.267361,0.444444,0.53125,0.686471,0.036037,0.263889,0.359834,48
recovery_budgeted_controller,stress_06,0.65,6,0.642361,0.447917,0.09375,0.055556,0.076389,0.024306,0.045139,0.25,0.444444,0.475694,0.686596,0.035841,0.284722,0.342846,48
recovery_budgeted_controller,stress_06,0.65,7,0.690972,0.454861,0.121528,0.069444,0.086806,0.038194,0.024306,0.274306,0.427083,0.541667,0.685502,0.036342,0.263889,0.347744,48
recovery_budgeted_controller,stress_06,0.65,8,0.645833,0.454861,0.166667,0.072917,0.045139,0.03125,0.048611,0.256944,0.413194,0.538194,0.687586,0.035743,0.288195,0.295132,48
recovery_budgeted_controller,stress_06,0.65,9,0.663194,0.472222,0.086806,0.086806,0.059028,0.017361,0.041667,0.222222,0.451389,0.506944,0.688619,0.035611,0.236112,0.384779,48
recovery_budgeted_controller,stress_07,0.75,0,0.649306,0.496528,0.121528,0.052083,0.076389,0.024306,0.034722,0.260417,0.451389,0.517361,0.703808,0.045435,0.284722,0.338398,48
recovery_budgeted_controller,stress_07,0.75,1,0.611111,0.479167,0.125,0.052083,0.0625,0.027778,0.059028,0.246528,0.447917,0.552083,0.703266,0.045196,0.295139,0.295976,48
recovery_budgeted_controller,stress_07,0.75,2,0.628472,0.472222,0.15625,0.041667,0.097222,0.024306,0.034722,0.288194,0.427083,0.53125,0.704122,0.044927,0.298611,0.275627,48
recovery_budgeted_controller,stress_07,0.75,3,0.645833,0.486111,0.121528,0.045139,0.076389,0.013889,0.041667,0.284722,0.420139,0.534722,0.70287,0.045354,0.274306,0.332963,48
recovery_budgeted_controller,stress_07,0.75,4,0.625,0.475694,0.107639,0.065972,0.069444,0.034722,0.03125,0.267361,0.447917,0.479167,0.703376,0.045039,0.291667,0.301851,48
recovery_budgeted_controller,stress_07,0.75,5,0.680556,0.46875,0.128472,0.072917,0.100694,0.03125,0.034722,0.274306,0.434028,0.541667,0.703292,0.045623,0.263888,0.326177,48
recovery_budgeted_controller,stress_07,0.75,6,0.638889,0.434028,0.15625,0.083333,0.055556,0.041667,0.048611,0.270833,0.388889,0.527778,0.704565,0.045151,0.291667,0.259447,48
recovery_budgeted_controller,stress_07,0.75,7,0.645833,0.465278,0.104167,0.079861,0.072917,0.024306,0.045139,0.260417,0.430556,0.506944,0.705337,0.045044,0.25,0.322344,48
recovery_budgeted_controller,stress_07,0.75,8,0.670139,0.465278,0.145833,0.052083,0.065972,0.03125,0.069444,0.277778,0.402778,0.548611,0.703289,0.045107,0.253472,0.313125,48
recovery_budgeted_controller,stress_07,0.75,9,0.631944,0.486111,0.138889,0.059028,0.086806,0.03125,0.041667,0.28125,0.420139,0.53125,0.703049,0.045041,0.28125,0.279241,48
recovery_budgeted_controller,stress_08,0.85,0,0.611111,0.465278,0.15625,0.038194,0.086806,0.03125,0.034722,0.309028,0.423611,0.53125,0.719098,0.054053,0.298611,0.244259,48
recovery_budgeted_controller,stress_08,0.85,1,0.628472,0.486111,0.142361,0.065972,0.0625,0.020833,0.034722,0.315972,0.423611,0.520833,0.718114,0.054422,0.28125,0.276013,48
recovery_budgeted_controller,stress_08,0.85,2,0.638889,0.486111,0.107639,0.079861,0.072917,0.013889,0.041667,0.288194,0.427083,0.461806,0.718432,0.054095,0.277778,0.310425,48
recovery_budgeted_controller,stress_08,0.85,3,0.659722,0.486111,0.138889,0.069444,0.118056,0.027778,0.048611,0.295139,0.423611,0.534722,0.719985,0.054551,0.274306,0.278477,48
recovery_budgeted_controller,stress_08,0.85,4,0.649306,0.4375,0.170139,0.090278,0.0625,0.041667,0.045139,0.253472,0.385417,0.541667,0.719655,0.054344,0.284722,0.261679,48
recovery_budgeted_controller,stress_08,0.85,5,0.635417,0.430556,0.145833,0.097222,0.065972,0.03125,0.048611,0.277778,0.420139,0.493056,0.720145,0.054012,0.263889,0.255359,48
recovery_budgeted_controller,stress_08,0.85,6,0.635417,0.486111,0.15625,0.055556,0.0625,0.045139,0.076389,0.288194,0.423611,0.538194,0.718675,0.054009,0.284722,0.249579,48
recovery_budgeted_controller,stress_08,0.85,7,0.652778,0.493056,0.145833,0.059028,0.076389,0.034722,0.048611,0.302083,0.395833,0.517361,0.717451,0.053947,0.236111,0.279991,48
recovery_budgeted_controller,stress_08,0.85,8,0.604167,0.447917,0.118056,0.0625,0.0625,0.034722,0.069444,0.295139,0.416667,0.517361,0.718699,0.054463,0.28125,0.243647,48
recovery_budgeted_controller,stress_08,0.85,9,0.618056,0.427083,0.152778,0.045139,0.055556,0.024306,0.065972,0.291667,0.395833,0.527778,0.718391,0.054511,0.253472,0.259471,48
recovery_budgeted_controller,stress_09,0.95,0,0.635417,0.479167,0.125,0.076389,0.090278,0.017361,0.034722,0.315972,0.423611,0.461806,0.73328,0.062915,0.274305,0.272953,48
recovery_budgeted_controller,stress_09,0.95,1,0.645833,0.454861,0.145833,0.079861,0.121528,0.03125,0.052083,0.288194,0.416667,0.506944,0.734846,0.063581,0.288195,0.243344,48
recovery_budgeted_controller,stress_09,0.95,2,0.631944,0.416667,0.152778,0.069444,0.076389,0.038194,0.052083,0.291667,0.392361,0.5625,0.733506,0.063076,0.291667,0.239499,48
recovery_budgeted_controller,stress_09,0.95,3,0.642361,0.430556,0.149306,0.107639,0.069444,0.038194,0.059028,0.302083,0.423611,0.46875,0.734865,0.062982,0.25,0.226316,48
recovery_budgeted_controller,stress_09,0.95,4,0.611111,0.475694,0.159722,0.065972,0.065972,0.045139,0.079861,0.319444,0.423611,0.579861,0.733214,0.063043,0.305556,0.197893,48
recovery_budgeted_controller,stress_09,0.95,5,0.628472,0.461806,0.170139,0.065972,0.076389,0.038194,0.048611,0.305556,0.361111,0.538194,0.731843,0.062896,0.229167,0.224055,48
recovery_budgeted_controller,stress_09,0.95,6,0.631944,0.472222,0.135417,0.069444,0.076389,0.041667,0.065972,0.333333,0.4375,0.475694,0.734378,0.063529,0.25,0.226528,48
recovery_budgeted_controller,stress_09,0.95,7,0.618056,0.420139,0.166667,0.045139,0.0625,0.027778,0.065972,0.3125,0.392361,0.527778,0.733048,0.063369,0.253472,0.230703,48
recovery_budgeted_controller,stress_09,0.95,8,0.642361,0.416667,0.131944,0.090278,0.09375,0.038194,0.048611,0.326389,0.423611,0.5,0.731655,0.063011,0.256945,0.228979,48
recovery_budgeted_controller,stress_09,0.95,9,0.652778,0.475694,0.125,0.079861,0.065972,0.027778,0.034722,0.326389,0.378472,0.486111,0.732743,0.063304,0.211805,0.281432,48
risk_calibrated_hierarchical_containment_v5,stress_00,0.05,0,0.840278,0.663194,0.027778,0.003472,0.0,0.0,0.003472,0.034722,0.555556,0.815972,0.409981,0.00343,0.09375,0.876304,48
risk_calibrated_hierarchical_containment_v5,stress_00,0.05,1,0.881944,0.697917,0.045139,0.0,0.0,0.0,0.0,0.045139,0.548611,0.777778,0.409507,0.003126,0.045139,0.907464,48
risk_calibrated_hierarchical_containment_v5,stress_00,0.05,2,0.850694,0.704861,0.027778,0.0,0.0,0.003472,0.003472,0.048611,0.524306,0.725694,0.410472,0.003159,0.09375,0.87691,48
risk_calibrated_hierarchical_containment_v5,stress_00,0.05,3,0.861111,0.65625,0.017361,0.003472,0.003472,0.003472,0.0,0.065972,0.552083,0.756944,0.410254,0.003151,0.09375,0.882038,48
risk_calibrated_hierarchical_containment_v5,stress_00,0.05,4,0.878472,0.697917,0.034722,0.0,0.0,0.003472,0.003472,0.041667,0.5625,0.725694,0.411059,0.003425,0.034722,0.905417,48
risk_calibrated_hierarchical_containment_v5,stress_00,0.05,5,0.864583,0.701389,0.038194,0.0,0.003472,0.006944,0.0,0.027778,0.583333,0.78125,0.40995,0.003189,0.013889,0.89638,48
risk_calibrated_hierarchical_containment_v5,stress_00,0.05,6,0.850694,0.690972,0.048611,0.0,0.0,0.0,0.0,0.034722,0.572917,0.746528,0.409553,0.003244,0.09375,0.878497,48
risk_calibrated_hierarchical_containment_v5,stress_00,0.05,7,0.875,0.701389,0.013889,0.003472,0.0,0.0,0.0,0.027778,0.53125,0.777778,0.409357,0.003333,0.065972,0.92516,48
risk_calibrated_hierarchical_containment_v5,stress_00,0.05,8,0.847222,0.673611,0.03125,0.003472,0.003472,0.006944,0.0,0.048611,0.559028,0.770833,0.409089,0.003253,0.09375,0.866926,48
risk_calibrated_hierarchical_containment_v5,stress_00,0.05,9,0.84375,0.690972,0.010417,0.0,0.0,0.0,0.010417,0.041667,0.597222,0.75,0.408131,0.003061,0.086806,0.889516,48
risk_calibrated_hierarchical_containment_v5,stress_01,0.15,0,0.829861,0.677083,0.024306,0.0,0.0,0.003472,0.003472,0.059028,0.513889,0.739583,0.429088,0.00333,0.125,0.847755,48
risk_calibrated_hierarchical_containment_v5,stress_01,0.15,1,0.850694,0.659722,0.024306,0.0,0.003472,0.003472,0.0,0.079861,0.555556,0.736111,0.429265,0.003179,0.104167,0.859871,48
risk_calibrated_hierarchical_containment_v5,stress_01,0.15,2,0.881944,0.65625,0.038194,0.0,0.0,0.003472,0.003472,0.083333,0.552083,0.743056,0.429184,0.003301,0.027778,0.880667,48
risk_calibrated_hierarchical_containment_v5,stress_01,0.15,3,0.854167,0.704861,0.055556,0.0,0.003472,0.003472,0.003472,0.038194,0.590278,0.788194,0.428496,0.0032,0.041666,0.871071,48
risk_calibrated_hierarchical_containment_v5,stress_01,0.15,4,0.871528,0.680556,0.052083,0.0,0.0,0.0,0.0,0.055556,0.555556,0.725694,0.428815,0.00318,0.076389,0.881718,48
risk_calibrated_hierarchical_containment_v5,stress_01,0.15,5,0.875,0.680556,0.027778,0.003472,0.0,0.0,0.0,0.03125,0.552083,0.784722,0.428596,0.003442,0.059028,0.911812,48
risk_calibrated_hierarchical_containment_v5,stress_01,0.15,6,0.826389,0.673611,0.024306,0.003472,0.006944,0.006944,0.0,0.059028,0.559028,0.763889,0.42823,0.003308,0.100694,0.841033,48
risk_calibrated_hierarchical_containment_v5,stress_01,0.15,7,0.847222,0.65625,0.03125,0.0,0.0,0.0,0.010417,0.055556,0.597222,0.71875,0.4277,0.003117,0.076389,0.86598,48
risk_calibrated_hierarchical_containment_v5,stress_01,0.15,8,0.868056,0.680556,0.017361,0.003472,0.003472,0.003472,0.013889,0.0625,0.611111,0.708333,0.429783,0.003106,0.090277,0.88638,48
risk_calibrated_hierarchical_containment_v5,stress_01,0.15,9,0.885417,0.666667,0.020833,0.0,0.0,0.003472,0.003472,0.045139,0.59375,0.784722,0.430051,0.003243,0.045139,0.918117,48
risk_calibrated_hierarchical_containment_v5,stress_02,0.25,0,0.895833,0.65625,0.041667,0.0,0.0,0.003472,0.0,0.125,0.555556,0.739583,0.448292,0.003162,0.006945,0.872198,48
risk_calibrated_hierarchical_containment_v5,stress_02,0.25,1,0.861111,0.659722,0.0625,0.0,0.003472,0.003472,0.003472,0.059028,0.579861,0.760417,0.447845,0.003085,0.052083,0.854791,48
risk_calibrated_hierarchical_containment_v5,stress_02,0.25,2,0.857639,0.666667,0.055556,0.0,0.0,0.0,0.0,0.0625,0.524306,0.722222,0.449445,0.00327,0.090278,0.855795,48
risk_calibrated_hierarchical_containment_v5,stress_02,0.25,3,0.871528,0.684028,0.024306,0.003472,0.0,0.0,0.0,0.055556,0.548611,0.75,0.448367,0.003325,0.055555,0.895216,48
risk_calibrated_hierarchical_containment_v5,stress_02,0.25,4,0.815972,0.677083,0.027778,0.003472,0.006944,0.003472,0.0,0.065972,0.545139,0.756944,0.4486,0.003337,0.121528,0.825162,48
risk_calibrated_hierarchical_containment_v5,stress_02,0.25,5,0.850694,0.673611,0.03125,0.0,0.003472,0.0,0.010417,0.059028,0.59375,0.704861,0.446646,0.003118,0.072917,0.864602,48
risk_calibrated_hierarchical_containment_v5,stress_02,0.25,6,0.875,0.673611,0.020833,0.003472,0.003472,0.003472,0.013889,0.107639,0.597222,0.680556,0.448938,0.003039,0.079861,0.864864,48
risk_calibrated_hierarchical_containment_v5,stress_02,0.25,7,0.861111,0.677083,0.027778,0.003472,0.0,0.003472,0.003472,0.0625,0.600694,0.774306,0.448679,0.003261,0.069445,0.878178,48
risk_calibrated_hierarchical_containment_v5,stress_02,0.25,8,0.864583,0.642361,0.027778,0.006944,0.0,0.003472,0.006944,0.083333,0.590278,0.770833,0.447833,0.00321,0.045139,0.864265,48
risk_calibrated_hierarchical_containment_v5,stress_02,0.25,9,0.881944,0.621528,0.034722,0.003472,0.0,0.003472,0.0,0.079861,0.572917,0.722222,0.448536,0.003252,0.024306,0.878302,48
risk_calibrated_hierarchical_containment_v5,stress_03,0.35,0,0.857639,0.670139,0.0625,0.0,0.0,0.0,0.0,0.114583,0.527778,0.722222,0.46861,0.003229,0.083333,0.825459,48
risk_calibrated_hierarchical_containment_v5,stress_03,0.35,1,0.864583,0.680556,0.020833,0.003472,0.0,0.0,0.0,0.069444,0.569444,0.777778,0.467528,0.003265,0.059028,0.883618,48
risk_calibrated_hierarchical_containment_v5,stress_03,0.35,2,0.798611,0.670139,0.034722,0.003472,0.003472,0.003472,0.003472,0.076389,0.53125,0.770833,0.468364,0.003374,0.135417,0.794885,48
risk_calibrated_hierarchical_containment_v5,stress_03,0.35,3,0.84375,0.673611,0.038194,0.0,0.006944,0.0,0.006944,0.100694,0.572917,0.690972,0.465616,0.0032,0.090278,0.829412,48
risk_calibrated_hierarchical_containment_v5,stress_03,0.35,4,0.875,0.659722,0.020833,0.006944,0.003472,0.003472,0.013889,0.114583,0.59375,0.701389,0.468909,0.003169,0.065972,0.856162,48
risk_calibrated_hierarchical_containment_v5,stress_03,0.35,5,0.857639,0.701389,0.024306,0.003472,0.0,0.003472,0.003472,0.069444,0.583333,0.760417,0.468037,0.003187,0.079861,0.871713,48
risk_calibrated_hierarchical_containment_v5,stress_03,0.35,6,0.84375,0.635417,0.024306,0.006944,0.0,0.006944,0.006944,0.128472,0.552083,0.760417,0.4676,0.003197,0.065972,0.814568,48
risk_calibrated_hierarchical_containment_v5,stress_03,0.35,7,0.871528,0.614583,0.03125,0.003472,0.0,0.003472,0.0,0.086806,0.559028,0.725694,0.468038,0.003283,0.024305,0.862556,48
risk_calibrated_hierarchical_containment_v5,stress_03,0.35,8,0.850694,0.631944,0.027778,0.003472,0.003472,0.0,0.003472,0.090278,0.552083,0.774306,0.467472,0.003236,0.076389,0.84626,48
risk_calibrated_hierarchical_containment_v5,stress_03,0.35,9,0.850694,0.673611,0.027778,0.003472,0.003472,0.0,0.010417,0.09375,0.538194,0.75,0.467524,0.003147,0.097223,0.843989,48
risk_calibrated_hierarchical_containment_v5,stress_04,0.45,0,0.798611,0.677083,0.034722,0.003472,0.003472,0.003472,0.006944,0.090278,0.541667,0.760417,0.487735,0.003418,0.128472,0.785274,48
risk_calibrated_hierarchical_containment_v5,stress_04,0.45,1,0.857639,0.65625,0.045139,0.0,0.006944,0.003472,0.006944,0.142361,0.559028,0.694444,0.484469,0.0032,0.076389,0.810894,48
risk_calibrated_hierarchical_containment_v5,stress_04,0.45,2,0.854167,0.6875,0.03125,0.006944,0.003472,0.003472,0.010417,0.149306,0.579861,0.725694,0.488132,0.003248,0.083333,0.814693,48
risk_calibrated_hierarchical_containment_v5,stress_04,0.45,3,0.868056,0.701389,0.020833,0.003472,0.0,0.0,0.003472,0.09375,0.586806,0.791667,0.48787,0.003235,0.055555,0.875523,48
risk_calibrated_hierarchical_containment_v5,stress_04,0.45,4,0.826389,0.638889,0.038194,0.006944,0.0,0.006944,0.006944,0.121528,0.538194,0.753472,0.487027,0.003273,0.086805,0.788166,48
risk_calibrated_hierarchical_containment_v5,stress_04,0.45,5,0.857639,0.625,0.038194,0.006944,0.0,0.0,0.0,0.104167,0.555556,0.694444,0.487559,0.003324,0.034722,0.834948,48
risk_calibrated_hierarchical_containment_v5,stress_04,0.45,6,0.857639,0.659722,0.027778,0.003472,0.003472,0.0,0.003472,0.114583,0.538194,0.756944,0.486005,0.003271,0.069444,0.840642,48
risk_calibrated_hierarchical_containment_v5,stress_04,0.45,7,0.833333,0.680556,0.020833,0.0,0.006944,0.0,0.006944,0.111111,0.513889,0.736111,0.487407,0.003127,0.100695,0.820416,48
risk_calibrated_hierarchical_containment_v5,stress_04,0.45,8,0.857639,0.642361,0.048611,0.0,0.0,0.003472,0.006944,0.09375,0.565972,0.75,0.486428,0.003107,0.052083,0.835391,48
risk_calibrated_hierarchical_containment_v5,stress_04,0.45,9,0.854167,0.673611,0.041667,0.003472,0.0,0.0,0.003472,0.104167,0.583333,0.701389,0.486615,0.003313,0.083333,0.837144,48
risk_calibrated_hierarchical_containment_v5,stress_05,0.55,0,0.84375,0.670139,0.034722,0.006944,0.003472,0.003472,0.010417,0.145833,0.576389,0.725694,0.507902,0.003181,0.09375,0.798893,48
risk_calibrated_hierarchical_containment_v5,stress_05,0.55,1,0.854167,0.711806,0.020833,0.003472,0.0,0.0,0.0,0.121528,0.5625,0.763889,0.507367,0.003107,0.083333,0.84589,48
risk_calibrated_hierarchical_containment_v5,stress_05,0.55,2,0.822917,0.642361,0.045139,0.006944,0.0,0.006944,0.006944,0.118056,0.503472,0.770833,0.505472,0.003357,0.090277,0.778059,48
risk_calibrated_hierarchical_containment_v5,stress_05,0.55,3,0.833333,0.635417,0.034722,0.006944,0.0,0.0,0.0,0.107639,0.517361,0.715278,0.50695,0.003305,0.0625,0.80778,48
risk_calibrated_hierarchical_containment_v5,stress_05,0.55,4,0.861111,0.642361,0.034722,0.003472,0.0,0.0,0.0,0.142361,0.524306,0.760417,0.50518,0.003255,0.072917,0.824823,48
risk_calibrated_hierarchical_containment_v5,stress_05,0.55,5,0.826389,0.65625,0.024306,0.0,0.006944,0.0,0.003472,0.135417,0.538194,0.756944,0.505842,0.003126,0.086805,0.799109,48
risk_calibrated_hierarchical_containment_v5,stress_05,0.55,6,0.833333,0.652778,0.048611,0.0,0.0,0.0,0.003472,0.111111,0.541667,0.756944,0.506295,0.003119,0.090278,0.805175,48
risk_calibrated_hierarchical_containment_v5,stress_05,0.55,7,0.836806,0.684028,0.034722,0.003472,0.003472,0.0,0.006944,0.118056,0.548611,0.701389,0.506275,0.003219,0.090277,0.810492,48
risk_calibrated_hierarchical_containment_v5,stress_05,0.55,8,0.826389,0.65625,0.059028,0.006944,0.003472,0.003472,0.006944,0.149306,0.572917,0.756944,0.50614,0.003123,0.104167,0.766255,48
risk_calibrated_hierarchical_containment_v5,stress_05,0.55,9,0.854167,0.638889,0.052083,0.0,0.0,0.0,0.0,0.114583,0.517361,0.684028,0.505399,0.003163,0.083333,0.817686,48
risk_calibrated_hierarchical_containment_v5,stress_06,0.65,0,0.819444,0.65625,0.048611,0.003472,0.0,0.003472,0.010417,0.121528,0.489583,0.746528,0.524625,0.003306,0.097223,0.771618,48
risk_calibrated_hierarchical_containment_v5,stress_06,0.65,1,0.840278,0.614583,0.03125,0.003472,0.0,0.0,0.003472,0.111111,0.517361,0.736111,0.525167,0.003338,0.059028,0.811762,48
risk_calibrated_hierarchical_containment_v5,stress_06,0.65,2,0.84375,0.618056,0.041667,0.0,0.0,0.0,0.0,0.170139,0.53125,0.760417,0.524712,0.003292,0.090278,0.787451,48
risk_calibrated_hierarchical_containment_v5,stress_06,0.65,3,0.815972,0.666667,0.027778,0.003472,0.006944,0.0,0.003472,0.15625,0.53125,0.75,0.525097,0.003067,0.083334,0.772706,48
risk_calibrated_hierarchical_containment_v5,stress_06,0.65,4,0.847222,0.65625,0.045139,0.0,0.0,0.0,0.006944,0.128472,0.534722,0.756944,0.525368,0.003143,0.083334,0.808909,48
risk_calibrated_hierarchical_containment_v5,stress_06,0.65,5,0.84375,0.663194,0.034722,0.003472,0.003472,0.0,0.006944,0.104167,0.527778,0.708333,0.525305,0.003122,0.083333,0.817815,48
risk_calibrated_hierarchical_containment_v5,stress_06,0.65,6,0.802083,0.663194,0.059028,0.006944,0.003472,0.003472,0.010417,0.145833,0.569444,0.746528,0.524909,0.003148,0.125,0.739438,48
risk_calibrated_hierarchical_containment_v5,stress_06,0.65,7,0.857639,0.638889,0.048611,0.0,0.0,0.0,0.006944,0.152778,0.506944,0.704861,0.524632,0.003194,0.097222,0.800136,48
risk_calibrated_hierarchical_containment_v5,stress_06,0.65,8,0.815972,0.659722,0.03125,0.0,0.003472,0.0,0.003472,0.118056,0.548611,0.756944,0.525065,0.003288,0.118056,0.79236,48
risk_calibrated_hierarchical_containment_v5,stress_06,0.65,9,0.850694,0.659722,0.03125,0.0,0.0,0.0,0.003472,0.152778,0.572917,0.722222,0.526491,0.00313,0.048612,0.812763,48
risk_calibrated_hierarchical_containment_v5,stress_07,0.75,0,0.822917,0.618056,0.03125,0.0,0.0,0.0,0.0,0.173611,0.527778,0.736111,0.541133,0.003276,0.111111,0.767917,48
risk_calibrated_hierarchical_containment_v5,stress_07,0.75,1,0.802083,0.673611,0.041667,0.003472,0.006944,0.0,0.003472,0.180556,0.513889,0.725694,0.543187,0.003147,0.104167,0.73498,48
risk_calibrated_hierarchical_containment_v5,stress_07,0.75,2,0.829861,0.642361,0.038194,0.003472,0.0,0.0,0.006944,0.138889,0.541667,0.777778,0.54374,0.003164,0.097222,0.786516,48
risk_calibrated_hierarchical_containment_v5,stress_07,0.75,3,0.840278,0.649306,0.041667,0.003472,0.003472,0.0,0.006944,0.131944,0.545139,0.736111,0.542775,0.003148,0.079861,0.795735,48
risk_calibrated_hierarchical_containment_v5,stress_07,0.75,4,0.798611,0.649306,0.065972,0.003472,0.003472,0.003472,0.010417,0.159722,0.541667,0.715278,0.541562,0.0032,0.118056,0.720096,48
risk_calibrated_hierarchical_containment_v5,stress_07,0.75,5,0.868056,0.65625,0.041667,0.0,0.0,0.003472,0.006944,0.149306,0.475694,0.704861,0.542258,0.003263,0.076388,0.809972,48
risk_calibrated_hierarchical_containment_v5,stress_07,0.75,6,0.791667,0.642361,0.038194,0.0,0.003472,0.0,0.003472,0.170139,0.541667,0.746528,0.542613,0.003355,0.138889,0.734582,48
risk_calibrated_hierarchical_containment_v5,stress_07,0.75,7,0.840278,0.635417,0.020833,0.0,0.0,0.0,0.003472,0.190972,0.555556,0.736111,0.543567,0.00315,0.055555,0.785659,48
risk_calibrated_hierarchical_containment_v5,stress_07,0.75,8,0.857639,0.628472,0.0625,0.0,0.003472,0.0,0.003472,0.135417,0.555556,0.722222,0.543177,0.003293,0.065972,0.799876,48
risk_calibrated_hierarchical_containment_v5,stress_07,0.75,9,0.850694,0.638889,0.0625,0.0,0.006944,0.003472,0.013889,0.145833,0.524306,0.725694,0.544117,0.003172,0.0625,0.777243,48
risk_calibrated_hierarchical_containment_v5,stress_08,0.85,0,0.829861,0.625,0.034722,0.003472,0.0,0.0,0.006944,0.190972,0.517361,0.767361,0.558974,0.003539,0.079861,0.758586,48
risk_calibrated_hierarchical_containment_v5,stress_08,0.85,1,0.833333,0.65625,0.055556,0.0,0.003472,0.0,0.006944,0.138889,0.538194,0.690972,0.559336,0.003509,0.076389,0.77486,48
risk_calibrated_hierarchical_containment_v5,stress_08,0.85,2,0.802083,0.638889,0.052083,0.0,0.0,0.003472,0.010417,0.173611,0.555556,0.725694,0.556459,0.003528,0.114584,0.727466,48
risk_calibrated_hierarchical_containment_v5,stress_08,0.85,3,0.836806,0.628472,0.041667,0.0,0.0,0.003472,0.010417,0.166667,0.479167,0.704861,0.557535,0.003602,0.097222,0.764369,48
risk_calibrated_hierarchical_containment_v5,stress_08,0.85,4,0.788194,0.638889,0.041667,0.0,0.0,0.0,0.0,0.170139,0.524306,0.694444,0.558355,0.003712,0.145834,0.726082,48
risk_calibrated_hierarchical_containment_v5,stress_08,0.85,5,0.822917,0.659722,0.024306,0.0,0.003472,0.0,0.0,0.197917,0.527778,0.736111,0.558171,0.003393,0.076389,0.761425,48
risk_calibrated_hierarchical_containment_v5,stress_08,0.85,6,0.850694,0.628472,0.069444,0.0,0.003472,0.0,0.003472,0.145833,0.548611,0.711806,0.558638,0.003653,0.069445,0.780717,48
risk_calibrated_hierarchical_containment_v5,stress_08,0.85,7,0.836806,0.635417,0.079861,0.0,0.0,0.003472,0.020833,0.184028,0.513889,0.746528,0.559469,0.003462,0.052083,0.732769,48
risk_calibrated_hierarchical_containment_v5,stress_08,0.85,8,0.850694,0.684028,0.045139,0.0,0.0,0.003472,0.006944,0.128472,0.579861,0.71875,0.557927,0.003342,0.034723,0.808633,48
risk_calibrated_hierarchical_containment_v5,stress_08,0.85,9,0.791667,0.663194,0.041667,0.0,0.006944,0.003472,0.006944,0.138889,0.493056,0.673611,0.557623,0.003451,0.079861,0.733646,48
risk_calibrated_hierarchical_containment_v5,stress_09,0.95,0,0.815972,0.65625,0.055556,0.0,0.003472,0.003472,0.013889,0.208333,0.552083,0.722222,0.571166,0.004573,0.09375,0.719397,48
risk_calibrated_hierarchical_containment_v5,stress_09,0.95,1,0.829861,0.607639,0.03125,0.0,0.0,0.003472,0.017361,0.173611,0.46875,0.722222,0.572733,0.004601,0.104167,0.753237,48
risk_calibrated_hierarchical_containment_v5,stress_09,0.95,2,0.805556,0.611111,0.0625,0.0,0.0,0.0,0.003472,0.201389,0.517361,0.704861,0.572932,0.004773,0.118055,0.709533,48
risk_calibrated_hierarchical_containment_v5,stress_09,0.95,3,0.805556,0.645833,0.027778,0.003472,0.003472,0.0,0.003472,0.208333,0.524306,0.729167,0.572511,0.004374,0.086805,0.729637,48
risk_calibrated_hierarchical_containment_v5,stress_09,0.95,4,0.847222,0.621528,0.069444,0.0,0.0,0.0,0.003472,0.159722,0.538194,0.694444,0.573975,0.004823,0.069445,0.768025,48
risk_calibrated_hierarchical_containment_v5,stress_09,0.95,5,0.829861,0.666667,0.086806,0.0,0.0,0.0,0.020833,0.21875,0.527778,0.736111,0.574252,0.004558,0.027778,0.710851,48
risk_calibrated_hierarchical_containment_v5,stress_09,0.95,6,0.854167,0.645833,0.038194,0.003472,0.003472,0.003472,0.006944,0.159722,0.541667,0.684028,0.572565,0.004452,0.027777,0.788283,48
risk_calibrated_hierarchical_containment_v5,stress_09,0.95,7,0.784722,0.652778,0.052083,0.0,0.006944,0.003472,0.010417,0.177083,0.496528,0.663194,0.572265,0.004608,0.086806,0.697716,48
risk_calibrated_hierarchical_containment_v5,stress_09,0.95,8,0.840278,0.652778,0.055556,0.0,0.003472,0.0,0.003472,0.194444,0.545139,0.704861,0.572091,0.004632,0.059028,0.756606,48
risk_calibrated_hierarchical_containment_v5,stress_09,0.95,9,0.826389,0.673611,0.069444,0.0,0.0,0.0,0.006944,0.222222,0.513889,0.704861,0.574287,0.004693,0.038194,0.721086,48
robust_mpc_fallback,stress_00,0.05,0,0.673611,0.482639,0.118056,0.076389,0.052083,0.010417,0.045139,0.190972,0.420139,0.517361,0.597736,0.004051,0.260417,0.417371,48
robust_mpc_fallback,stress_00,0.05,1,0.6875,0.486111,0.121528,0.027778,0.048611,0.027778,0.048611,0.145833,0.385417,0.545139,0.601019,0.003926,0.239583,0.456613,48
robust_mpc_fallback,stress_00,0.05,2,0.694444,0.461806,0.083333,0.041667,0.0625,0.020833,0.045139,0.239583,0.4375,0.496528,0.600898,0.003713,0.25,0.438129,48
robust_mpc_fallback,stress_00,0.05,3,0.715278,0.482639,0.111111,0.048611,0.038194,0.006944,0.034722,0.21875,0.440972,0.565972,0.599704,0.003927,0.239583,0.483418,48
robust_mpc_fallback,stress_00,0.05,4,0.684028,0.489583,0.083333,0.038194,0.0625,0.020833,0.034722,0.239583,0.413194,0.524306,0.599619,0.004033,0.229166,0.436706,48
robust_mpc_fallback,stress_00,0.05,5,0.722222,0.458333,0.128472,0.048611,0.045139,0.017361,0.038194,0.208333,0.420139,0.486111,0.601335,0.004031,0.15625,0.46113,48
robust_mpc_fallback,stress_00,0.05,6,0.701389,0.475694,0.097222,0.059028,0.045139,0.017361,0.03125,0.236111,0.420139,0.506944,0.600162,0.003833,0.243055,0.447202,48
robust_mpc_fallback,stress_00,0.05,7,0.697917,0.4375,0.09375,0.034722,0.045139,0.020833,0.020833,0.170139,0.4375,0.53125,0.601129,0.003938,0.243055,0.488374,48
robust_mpc_fallback,stress_00,0.05,8,0.652778,0.534722,0.086806,0.048611,0.055556,0.006944,0.048611,0.208333,0.420139,0.517361,0.599578,0.004017,0.288194,0.428661,48
robust_mpc_fallback,stress_00,0.05,9,0.715278,0.465278,0.107639,0.0625,0.024306,0.020833,0.045139,0.229167,0.427083,0.534722,0.599527,0.004192,0.215278,0.456398,48
robust_mpc_fallback,stress_01,0.15,0,0.722222,0.458333,0.100694,0.038194,0.0625,0.024306,0.041667,0.232639,0.4375,0.475694,0.619978,0.007064,0.232639,0.453916,48
robust_mpc_fallback,stress_01,0.15,1,0.694444,0.5,0.121528,0.055556,0.027778,0.020833,0.045139,0.215278,0.427083,0.552083,0.618424,0.007227,0.260417,0.436981,48
robust_mpc_fallback,stress_01,0.15,2,0.694444,0.46875,0.09375,0.045139,0.0625,0.020833,0.041667,0.232639,0.413194,0.5,0.617921,0.007207,0.215278,0.431029,48
robust_mpc_fallback,stress_01,0.15,3,0.71875,0.451389,0.142361,0.059028,0.0625,0.017361,0.034722,0.215278,0.409722,0.472222,0.620088,0.007341,0.177083,0.428837,48
robust_mpc_fallback,stress_01,0.15,4,0.697917,0.479167,0.090278,0.069444,0.065972,0.027778,0.034722,0.260417,0.423611,0.493056,0.619523,0.006925,0.25,0.406248,48
robust_mpc_fallback,stress_01,0.15,5,0.670139,0.4375,0.135417,0.038194,0.052083,0.024306,0.027778,0.225694,0.427083,0.506944,0.621173,0.007076,0.263889,0.392629,48
robust_mpc_fallback,stress_01,0.15,6,0.645833,0.513889,0.100694,0.065972,0.052083,0.006944,0.048611,0.197917,0.378472,0.510417,0.619594,0.007333,0.28125,0.401656,48
robust_mpc_fallback,stress_01,0.15,7,0.701389,0.416667,0.118056,0.069444,0.034722,0.03125,0.048611,0.229167,0.423611,0.538194,0.619428,0.007378,0.222222,0.406801,48
robust_mpc_fallback,stress_01,0.15,8,0.677083,0.465278,0.111111,0.055556,0.03125,0.03125,0.027778,0.222222,0.381944,0.461806,0.619071,0.007017,0.28125,0.407317,48
robust_mpc_fallback,stress_01,0.15,9,0.65625,0.451389,0.104167,0.045139,0.034722,0.024306,0.045139,0.190972,0.416667,0.579861,0.619142,0.006908,0.274306,0.414774,48
robust_mpc_fallback,stress_02,0.25,0,0.65625,0.46875,0.111111,0.052083,0.069444,0.024306,0.045139,0.21875,0.434028,0.475694,0.63682,0.013453,0.246528,0.373634,48
robust_mpc_fallback,stress_02,0.25,1,0.708333,0.465278,0.138889,0.0625,0.090278,0.017361,0.038194,0.243056,0.399306,0.472222,0.639147,0.01359,0.204861,0.389175,48
robust_mpc_fallback,stress_02,0.25,2,0.694444,0.458333,0.107639,0.076389,0.0625,0.027778,0.045139,0.270833,0.423611,0.479167,0.638331,0.013141,0.253473,0.374582,48
robust_mpc_fallback,stress_02,0.25,3,0.690972,0.451389,0.125,0.052083,0.048611,0.017361,0.038194,0.260417,0.420139,0.517361,0.640517,0.013462,0.236111,0.398945,48
robust_mpc_fallback,stress_02,0.25,4,0.645833,0.506944,0.128472,0.0625,0.0625,0.010417,0.052083,0.204861,0.378472,0.486111,0.639368,0.013598,0.291667,0.36813,48
robust_mpc_fallback,stress_02,0.25,5,0.670139,0.423611,0.125,0.097222,0.045139,0.027778,0.059028,0.25,0.434028,0.524306,0.638713,0.013642,0.253472,0.338607,48
robust_mpc_fallback,stress_02,0.25,6,0.673611,0.465278,0.131944,0.076389,0.038194,0.038194,0.038194,0.232639,0.368056,0.489583,0.638239,0.013309,0.28125,0.356825,48
robust_mpc_fallback,stress_02,0.25,7,0.663194,0.472222,0.107639,0.048611,0.034722,0.03125,0.052083,0.236111,0.388889,0.534722,0.638995,0.013363,0.267362,0.381631,48
robust_mpc_fallback,stress_02,0.25,8,0.677083,0.423611,0.142361,0.052083,0.065972,0.017361,0.048611,0.239583,0.430556,0.5,0.639918,0.013919,0.232639,0.368437,48
robust_mpc_fallback,stress_02,0.25,9,0.659722,0.520833,0.135417,0.041667,0.079861,0.03125,0.034722,0.180556,0.399306,0.503472,0.640148,0.013401,0.246528,0.381474,48
robust_mpc_fallback,stress_03,0.35,0,0.6875,0.416667,0.114583,0.083333,0.065972,0.03125,0.045139,0.274306,0.427083,0.503472,0.657143,0.021159,0.253472,0.346356,48
robust_mpc_fallback,stress_03,0.35,1,0.666667,0.423611,0.138889,0.0625,0.041667,0.020833,0.045139,0.274306,0.395833,0.517361,0.659645,0.021589,0.256944,0.342562,48
robust_mpc_fallback,stress_03,0.35,2,0.600694,0.493056,0.152778,0.079861,0.072917,0.020833,0.052083,0.232639,0.364583,0.46875,0.658792,0.021403,0.333334,0.263536,48
robust_mpc_fallback,stress_03,0.35,3,0.649306,0.381944,0.131944,0.100694,0.048611,0.03125,0.048611,0.246528,0.420139,0.493056,0.65779,0.021539,0.284722,0.302568,48
robust_mpc_fallback,stress_03,0.35,4,0.673611,0.479167,0.131944,0.083333,0.038194,0.045139,0.038194,0.222222,0.395833,0.461806,0.658344,0.021455,0.267361,0.349345,48
robust_mpc_fallback,stress_03,0.35,5,0.638889,0.440972,0.131944,0.059028,0.041667,0.024306,0.045139,0.232639,0.392361,0.493056,0.65825,0.021443,0.298611,0.337251,48
robust_mpc_fallback,stress_03,0.35,6,0.694444,0.434028,0.142361,0.065972,0.083333,0.020833,0.041667,0.256944,0.451389,0.482639,0.658912,0.021711,0.215278,0.360276,48
robust_mpc_fallback,stress_03,0.35,7,0.684028,0.475694,0.138889,0.052083,0.09375,0.038194,0.045139,0.201389,0.399306,0.475694,0.658172,0.021517,0.211805,0.361076,48
robust_mpc_fallback,stress_03,0.35,8,0.666667,0.430556,0.166667,0.072917,0.041667,0.045139,0.03125,0.177083,0.434028,0.513889,0.657839,0.021341,0.260416,0.348556,48
robust_mpc_fallback,stress_03,0.35,9,0.659722,0.454861,0.142361,0.052083,0.065972,0.017361,0.045139,0.21875,0.378472,0.46875,0.658086,0.021545,0.288195,0.357356,48
robust_mpc_fallback,stress_04,0.45,0,0.621528,0.472222,0.15625,0.083333,0.076389,0.034722,0.045139,0.225694,0.378472,0.465278,0.6779,0.030079,0.305555,0.265681,48
robust_mpc_fallback,stress_04,0.45,1,0.65625,0.375,0.152778,0.107639,0.0625,0.03125,0.052083,0.246528,0.402778,0.482639,0.676085,0.030267,0.277778,0.279288,48
robust_mpc_fallback,stress_04,0.45,2,0.649306,0.458333,0.128472,0.086806,0.052083,0.045139,0.048611,0.246528,0.409722,0.46875,0.677725,0.030307,0.288194,0.298819,48
robust_mpc_fallback,stress_04,0.45,3,0.65625,0.434028,0.135417,0.079861,0.059028,0.034722,0.048611,0.277778,0.395833,0.486111,0.677721,0.030438,0.267361,0.295771,48
robust_mpc_fallback,stress_04,0.45,4,0.673611,0.4375,0.152778,0.0625,0.09375,0.027778,0.048611,0.291667,0.427083,0.427083,0.677702,0.030622,0.239583,0.296735,48
robust_mpc_fallback,stress_04,0.45,5,0.677083,0.479167,0.145833,0.059028,0.104167,0.034722,0.045139,0.215278,0.395833,0.465278,0.677532,0.030421,0.215278,0.334802,48
robust_mpc_fallback,stress_04,0.45,6,0.673611,0.430556,0.190972,0.072917,0.0625,0.034722,0.034722,0.208333,0.423611,0.503472,0.676522,0.030148,0.253472,0.321396,48
robust_mpc_fallback,stress_04,0.45,7,0.649306,0.420139,0.15625,0.0625,0.076389,0.020833,0.045139,0.236111,0.375,0.465278,0.677144,0.030453,0.284722,0.308864,48
robust_mpc_fallback,stress_04,0.45,8,0.645833,0.479167,0.131944,0.086806,0.065972,0.03125,0.027778,0.277778,0.361111,0.430556,0.67564,0.030797,0.263889,0.293613,48
robust_mpc_fallback,stress_04,0.45,9,0.652778,0.482639,0.145833,0.076389,0.0625,0.038194,0.048611,0.291667,0.430556,0.475694,0.676745,0.030331,0.284722,0.283326,48
robust_mpc_fallback,stress_05,0.55,0,0.663194,0.444444,0.170139,0.100694,0.059028,0.045139,0.045139,0.277778,0.40625,0.461806,0.697403,0.039752,0.274306,0.257829,48
robust_mpc_fallback,stress_05,0.55,1,0.652778,0.409722,0.131944,0.090278,0.069444,0.03125,0.048611,0.298611,0.395833,0.465278,0.696993,0.040083,0.284722,0.2712,48
robust_mpc_fallback,stress_05,0.55,2,0.645833,0.46875,0.128472,0.0625,0.097222,0.020833,0.052083,0.28125,0.399306,0.430556,0.697562,0.04004,0.267361,0.290933,48
robust_mpc_fallback,stress_05,0.55,3,0.684028,0.430556,0.15625,0.059028,0.104167,0.038194,0.045139,0.253472,0.388889,0.451389,0.696673,0.039985,0.211805,0.304455,48
robust_mpc_fallback,stress_05,0.55,4,0.663194,0.458333,0.194444,0.065972,0.076389,0.038194,0.041667,0.253472,0.427083,0.46875,0.695907,0.039647,0.270834,0.27695,48
robust_mpc_fallback,stress_05,0.55,5,0.635417,0.427083,0.170139,0.065972,0.079861,0.024306,0.0625,0.236111,0.381944,0.503472,0.696197,0.039871,0.277777,0.271006,48
robust_mpc_fallback,stress_05,0.55,6,0.673611,0.465278,0.131944,0.090278,0.065972,0.024306,0.020833,0.295139,0.368056,0.440972,0.695056,0.040252,0.25,0.317868,48
robust_mpc_fallback,stress_05,0.55,7,0.642361,0.475694,0.166667,0.079861,0.059028,0.059028,0.065972,0.305556,0.409722,0.475694,0.695828,0.039755,0.284722,0.218199,48
robust_mpc_fallback,stress_05,0.55,8,0.625,0.4375,0.142361,0.069444,0.079861,0.041667,0.041667,0.274306,0.364583,0.510417,0.697271,0.039763,0.305556,0.249333,48
robust_mpc_fallback,stress_05,0.55,9,0.631944,0.423611,0.159722,0.059028,0.079861,0.069444,0.059028,0.284722,0.40625,0.461806,0.698431,0.039839,0.305556,0.20879,48
robust_mpc_fallback,stress_06,0.65,0,0.642361,0.496528,0.135417,0.079861,0.104167,0.03125,0.055556,0.295139,0.392361,0.409722,0.717214,0.049798,0.274306,0.249756,48
robust_mpc_fallback,stress_06,0.65,1,0.659722,0.423611,0.166667,0.069444,0.076389,0.034722,0.0625,0.284722,0.395833,0.423611,0.715548,0.049685,0.239584,0.257647,48
robust_mpc_fallback,stress_06,0.65,2,0.670139,0.475694,0.184028,0.083333,0.086806,0.024306,0.052083,0.270833,0.444444,0.475694,0.71431,0.049158,0.263889,0.278192,48
robust_mpc_fallback,stress_06,0.65,3,0.628472,0.40625,0.197917,0.097222,0.086806,0.024306,0.069444,0.263889,0.40625,0.5,0.714918,0.049647,0.270834,0.206901,48
robust_mpc_fallback,stress_06,0.65,4,0.663194,0.430556,0.125,0.083333,0.083333,0.034722,0.03125,0.315972,0.392361,0.458333,0.7145,0.049821,0.267362,0.277713,48
robust_mpc_fallback,stress_06,0.65,5,0.611111,0.461806,0.180556,0.100694,0.052083,0.0625,0.0625,0.3125,0.399306,0.472222,0.716126,0.049411,0.315972,0.159022,48
robust_mpc_fallback,stress_06,0.65,6,0.625,0.4375,0.159722,0.065972,0.097222,0.048611,0.052083,0.284722,0.357639,0.527778,0.715211,0.049278,0.302083,0.212762,48
robust_mpc_fallback,stress_06,0.65,7,0.635417,0.416667,0.177083,0.065972,0.090278,0.052083,0.076389,0.329861,0.368056,0.475694,0.717212,0.050036,0.319444,0.176518,48
robust_mpc_fallback,stress_06,0.65,8,0.604167,0.461806,0.190972,0.076389,0.100694,0.034722,0.027778,0.298611,0.395833,0.513889,0.716211,0.049683,0.329861,0.18869,48
robust_mpc_fallback,stress_06,0.65,9,0.670139,0.413194,0.1875,0.069444,0.118056,0.041667,0.083333,0.329861,0.378472,0.482639,0.716795,0.048987,0.229167,0.19881,48
robust_mpc_fallback,stress_07,0.75,0,0.666667,0.465278,0.190972,0.086806,0.090278,0.041667,0.076389,0.305556,0.451389,0.472222,0.73059,0.058741,0.267361,0.218247,48
robust_mpc_fallback,stress_07,0.75,1,0.631944,0.416667,0.1875,0.100694,0.09375,0.03125,0.065972,0.302083,0.399306,0.496528,0.731976,0.059028,0.274306,0.185752,48
robust_mpc_fallback,stress_07,0.75,2,0.670139,0.409722,0.131944,0.076389,0.072917,0.034722,0.038194,0.322917,0.409722,0.461806,0.732083,0.05916,0.256944,0.278609,48
robust_mpc_fallback,stress_07,0.75,3,0.628472,0.479167,0.194444,0.111111,0.065972,0.069444,0.065972,0.305556,0.413194,0.451389,0.732993,0.058969,0.291667,0.148927,48
robust_mpc_fallback,stress_07,0.75,4,0.614583,0.416667,0.180556,0.069444,0.100694,0.0625,0.055556,0.305556,0.361111,0.506944,0.732959,0.058977,0.302084,0.154181,48
robust_mpc_fallback,stress_07,0.75,5,0.642361,0.40625,0.177083,0.079861,0.114583,0.038194,0.076389,0.340278,0.357639,0.493056,0.733283,0.059387,0.302083,0.170482,48
robust_mpc_fallback,stress_07,0.75,6,0.614583,0.440972,0.194444,0.079861,0.100694,0.045139,0.034722,0.295139,0.399306,0.503472,0.733829,0.059127,0.315973,0.177079,48
robust_mpc_fallback,stress_07,0.75,7,0.666667,0.413194,0.1875,0.065972,0.111111,0.041667,0.100694,0.378472,0.350694,0.451389,0.732947,0.058487,0.229166,0.164129,48
robust_mpc_fallback,stress_07,0.75,8,0.586806,0.451389,0.166667,0.059028,0.090278,0.045139,0.059028,0.322917,0.4375,0.506944,0.732722,0.059253,0.336805,0.163151,48
robust_mpc_fallback,stress_07,0.75,9,0.583333,0.430556,0.135417,0.069444,0.100694,0.055556,0.083333,0.315972,0.4375,0.46875,0.732915,0.058887,0.329861,0.14641,48
robust_mpc_fallback,stress_08,0.85,0,0.631944,0.423611,0.142361,0.072917,0.086806,0.052083,0.045139,0.322917,0.395833,0.461806,0.746088,0.068209,0.277778,0.205959,48
robust_mpc_fallback,stress_08,0.85,1,0.631944,0.458333,0.197917,0.104167,0.09375,0.072917,0.059028,0.333333,0.392361,0.479167,0.747959,0.067964,0.277778,0.122557,48
robust_mpc_fallback,stress_08,0.85,2,0.618056,0.423611,0.170139,0.0625,0.111111,0.065972,0.048611,0.315972,0.375,0.486111,0.74785,0.068055,0.298611,0.155704,48
robust_mpc_fallback,stress_08,0.85,3,0.65625,0.40625,0.1875,0.086806,0.121528,0.048611,0.079861,0.371528,0.354167,0.496528,0.747974,0.068142,0.277778,0.141273,48
robust_mpc_fallback,stress_08,0.85,4,0.625,0.430556,0.201389,0.086806,0.083333,0.052083,0.034722,0.322917,0.392361,0.503472,0.748866,0.068133,0.309028,0.162951,48
robust_mpc_fallback,stress_08,0.85,5,0.659722,0.427083,0.180556,0.079861,0.104167,0.055556,0.104167,0.388889,0.319444,0.4375,0.748149,0.067538,0.239584,0.132116,48
robust_mpc_fallback,stress_08,0.85,6,0.586806,0.423611,0.184028,0.055556,0.107639,0.041667,0.065972,0.326389,0.4375,0.493056,0.747456,0.068343,0.333333,0.138979,48
robust_mpc_fallback,stress_08,0.85,7,0.583333,0.423611,0.149306,0.072917,0.107639,0.055556,0.100694,0.333333,0.402778,0.461806,0.74812,0.068045,0.305556,0.110792,48
robust_mpc_fallback,stress_08,0.85,8,0.642361,0.364583,0.180556,0.09375,0.128472,0.041667,0.052083,0.322917,0.395833,0.486111,0.746175,0.068044,0.243056,0.164984,48
robust_mpc_fallback,stress_08,0.85,9,0.621528,0.420139,0.201389,0.097222,0.086806,0.03125,0.045139,0.326389,0.440972,0.493056,0.750603,0.068252,0.25,0.16957,48
robust_mpc_fallback,stress_09,0.95,0,0.625,0.444444,0.194444,0.069444,0.111111,0.048611,0.038194,0.315972,0.399306,0.486111,0.761867,0.077362,0.284722,0.167823,48
robust_mpc_fallback,stress_09,0.95,1,0.663194,0.413194,0.180556,0.076389,0.114583,0.038194,0.086806,0.402778,0.361111,0.482639,0.762029,0.077188,0.270834,0.15279,48
robust_mpc_fallback,stress_09,0.95,2,0.614583,0.395833,0.201389,0.090278,0.076389,0.072917,0.052083,0.347222,0.420139,0.513889,0.76395,0.077009,0.309028,0.109074,48
robust_mpc_fallback,stress_09,0.95,3,0.625,0.420139,0.222222,0.083333,0.097222,0.065972,0.09375,0.395833,0.305556,0.434028,0.762394,0.076547,0.267361,0.05877,48
robust_mpc_fallback,stress_09,0.95,4,0.569444,0.447917,0.163194,0.0625,0.118056,0.041667,0.0625,0.354167,0.420139,0.496528,0.761767,0.077166,0.347223,0.113516,48
robust_mpc_fallback,stress_09,0.95,5,0.572917,0.447917,0.170139,0.072917,0.097222,0.059028,0.100694,0.333333,0.402778,0.444444,0.762439,0.077231,0.284722,0.087688,48
robust_mpc_fallback,stress_09,0.95,6,0.611111,0.347222,0.166667,0.125,0.125,0.03125,0.052083,0.340278,0.375,0.496528,0.761406,0.077052,0.270833,0.124322,48
robust_mpc_fallback,stress_09,0.95,7,0.604167,0.409722,0.201389,0.107639,0.111111,0.034722,0.048611,0.340278,0.416667,0.472222,0.764876,0.077441,0.267361,0.117437,48
robust_mpc_fallback,stress_09,0.95,8,0.579861,0.409722,0.190972,0.135417,0.118056,0.03125,0.090278,0.381944,0.326389,0.461806,0.762282,0.077219,0.319445,0.041166,48
robust_mpc_fallback,stress_09,0.95,9,0.628472,0.458333,0.190972,0.076389,0.09375,0.045139,0.059028,0.319444,0.375,0.409722,0.762294,0.076996,0.236111,0.167084,48
